ref,grade,skill,standard,level,type,passage,stem,options / answer,correct,why correct,tip,approved (Y/N),reviewer notes
G4-theme-001,4,Theme,RL.4.2,3,MULTIPLE_CHOICE,The Kite Repair,Which sentence best states a theme of “The Kite Repair”?,A) Fixing something can make it stronger than before. | B) Grandmothers know how to sew. | C) Kites are hard to fly in strong wind. | D) Festivals are fun for families.,A,"The grandmother says fixed kites fly better, and at the end the patch is “the strongest part of all.” Both details point to this lesson.",A theme is a lesson about life. Look at what a character learns by the end.,,
G4-character-001,4,Character Traits & Development,RL.4.3,2,MULTIPLE_CHOICE,The Kite Repair,How does Omar feel at the beginning of the story?,A) bored and sleepy | B) upset and discouraged | C) calm and patient | D) proud and excited,B,Omar says “It's ruined” and kicks a stone. His words and actions show he is upset.,Use what a character says and does to figure out feelings.,,
G4-character-002,4,Character Traits & Development,RL.4.3,4,MULTIPLE_CHOICE,The Kite Repair,Which detail best shows that the grandmother is patient and wise?,"A) The kite festival is in two days. | B) She lowers herself onto the bench. | C) She sits quietly, then shares a lesson from her own childhood. | D) She has a sewing basket.",C,"Instead of scolding or rushing, she waits, then teaches Omar through a story. That shows patience and wisdom.","Character traits are shown through choices, not through objects a character owns.",,
G4-point-of-view-001,4,Point of View and Perspective,RL.4.6,3,MULTIPLE_CHOICE,The Kite Repair,From what point of view is “The Kite Repair” told?,A) second person — the story speaks to “you” | B) first person — Omar tells the story using “I” | C) first person — the grandmother tells the story | D) third person — a narrator outside the story tells what happens,D,"The narrator uses “he,” “she,” and the characters' names, so the story is told in third person.",First person uses I/me/my. Third person uses he/she/they and names.,,
G4-plot-events-001,4,Plot: Sequence of Events,RL.4.3,4,MULTIPLE_CHOICE,The Kite Repair,Why did Omar's kite keep spinning before the repair?,A) The tail was too short. | B) The paper was the wrong color. | C) The bamboo frame was too heavy. | D) The wind was too gentle.,A,"The story says he “found it was too short, which explained why the kite had kept spinning.”",Words like “which explained why” point straight to a cause.,,
G4-figurative-language-001,4,"Figurative Language (Similes, Metaphors, Personification, Hyperbole)",RL.4.4,4,MULTIPLE_CHOICE,The Kite Repair,“The red paper flapped like a broken wing.” What does this simile help the reader picture?,"A) a bird flying high above the tree | B) the torn kite moving weakly, like an injured bird | C) the kite flying perfectly at the festival | D) a red bird sitting in the fig tree",B,"A simile compares using “like” or “as.” The rip makes the kite flap helplessly, the way a hurt wing would.","Ask: what two things are being compared, and how are they alike?",,
G4-figurative-language-002,4,"Figurative Language (Similes, Metaphors, Personification, Hyperbole)",RL.4.4,5,MULTIPLE_CHOICE,The Kite Repair,"At the end, the kite climbs “steady as a hawk.” Why did the author choose this comparison?",A) to show the kite is flying away | B) to warn that hawks might attack kites | C) to show the repaired kite is now strong and controlled in the wind | D) to show the kite is shaped like a bird,C,A hawk glides steadily even in wind. The comparison contrasts with the “broken wing” at the start and shows the change.,Authors often use a second comparison at the end to show how things changed.,,
G4-plot-events-002,4,Plot: Sequence of Events,RL.4.3,3,SENTENCE_ORDER,The Kite Repair,Put the events of “The Kite Repair” in order.,The kite tears in the fig tree. → Grandmother shares a story about her childhood kites. → Omar finds that the tail is too short. → The kite flies higher than the others at the festival.,order as listed,"The story moves from the problem, to advice, to the fix, to the result.","Look for time clues: “at first,” “together,” “on the day of the festival.”",,
G4-theme-002,4,Theme,RL.4.2,5,TRUE_FALSE,The Kite Repair,True or false: Omar's attitude toward broken things changes by the end of the story.,True | False,True,At first he says the kite is “ruined.” At the end he knows “the patch was the strongest part of all.”,Compare a character's thoughts at the beginning and the end to find a change.,,
G4-poetry-elements-001,4,"Poetry: Structure, Rhyme, Meter and Form",RL.4.5,2,MULTIPLE_CHOICE,Night Rain,How many stanzas are in “Night Rain”?,A) twelve | B) one | C) four | D) three,D,A stanza is a group of lines. “Night Rain” has three groups of four lines.,Stanzas in poems are like paragraphs in stories.,,
G4-poetry-elements-002,4,"Poetry: Structure, Rhyme, Meter and Form",RL.4.5,3,MULTIPLE_CHOICE,Night Rain,Which pair of words from “Night Rain” rhyme?,A) slow / below | B) roof / drops | C) stream / moons | D) chin / beat,A,"Slow and below both end with the long o sound, so they rhyme.","Rhyming words have the same ending sound, not just the same letters.",,
G4-figurative-language-003,4,"Figurative Language (Similes, Metaphors, Personification, Hyperbole)",RL.4.4,4,MULTIPLE_CHOICE,Night Rain,"In stanza 1, the rain is called “a drummer soft and slow.” What kind of figurative language is this?",A) a simile | B) a metaphor | C) a rhyme | D) an idiom,B,The poet says the rain IS a drummer without using like or as. That is a metaphor.,Simile: like/as. Metaphor: says one thing IS another.,,
G4-figurative-language-004,4,"Figurative Language (Similes, Metaphors, Personification, Hyperbole)",RL.4.4,5,MULTIPLE_CHOICE,Night Rain,“The puddles hold the sleeping sky.” What does this line mean?,A) The puddles are deep enough to swim in. | B) People are sleeping outside in the rain. | C) The puddles reflect the dark night sky. | D) The sky has fallen into the street.,C,"Puddles act like mirrors at night, so they seem to “hold” the dark, quiet sky.",Picture the scene. What would you really see in a puddle at night?,,
G4-imagery-001,4,Imagery and Sensory Language,RL.4.4,6,MULTIPLE_CHOICE,Night Rain,How does the speaker feel about the rain?,A) annoyed because it is too loud | B) excited to play outside | C) frightened by the noise | D) comforted and peaceful,D,"The speaker listens under a blanket while the rain “sings” them to sleep—a calm, cozy feeling.",Notice the describing words a poet chooses; they show the speaker's feelings.,,
G4-drama-elements-001,4,Elements of Drama,RL.4.5,2,MULTIPLE_CHOICE,The Missing Map,"In “The Missing Map,” which words are stage directions?",A) (turning her backpack upside down) | B) It's gone! The map was right here. | C) LAYLA: | D) SCENE: A forest trail at noon.,A,"Stage directions, usually in parentheses, tell actors what to do or how to move.",Dialogue = words spoken. Stage directions = actions and feelings in ( ).,,
G4-drama-elements-002,4,Elements of Drama,RL.4.5,3,MULTIPLE_CHOICE,The Missing Map,What is the setting of the play?,A) a parking lot in the evening | B) a forest trail at noon | C) a ranger station | D) a lake in the morning,B,The line “SCENE: A forest trail at noon” tells where and when the play takes place.,"In a play, look for the word SCENE to find the setting.",,
G4-character-003,4,Character Traits & Development,RL.4.3,5,MULTIPLE_CHOICE,The Missing Map,How are Layla and Karim different when they discover the map is missing?,A) Both of them panic and start running. | B) Layla wants to give up; Karim makes a plan. | C) Layla stays calm and thinks; Karim wants to rush a choice. | D) Karim finds the map; Layla follows him.,C,"Karim says “just go left” nervously, while Layla says “stop and think” and studies the sign.",Compare what each character says and does in the same moment.,,
G4-theme-003,4,Theme,RL.4.2,6,MULTIPLE_CHOICE,The Missing Map,Which line from the play best expresses its theme?,A) “You two look like explorers.” | B) “Left looks shorter.” | C) “The map was right here.” | D) “Then you found something better than a map—a calm head.”,D,The ranger sums up the lesson: staying calm and thinking is more useful than any map.,Characters near the end of a story often say the theme out loud.,,
G4-text-evidence-001,4,Cite Text Evidence,RL.4.1,5,MULTI_SELECT,The Missing Map,Which TWO details are clues Layla uses to choose the right trail? Choose two.,A) Ms. Hassan carries a radio. | B) The lake was east of the parking lot. | C) Karim thinks left looks shorter. | D) The sun is high.,"B, D",Layla uses the sun and what she remembers about the lake's direction to read the sign.,Text evidence must come from the text AND support the answer.,,
G4-inference-001,4,Make Inferences,RL.4.1,6,MULTIPLE_CHOICE,The Missing Map,Why does Layla mention “what Dad said”?,A) She is using advice she learned before to solve a new problem. | B) She is blaming Dad for losing the map. | C) She wants Karim to call their dad. | D) She is changing the subject to calm down.,A,Remembering “stop and think” helps her slow down and solve the problem—an inference from her actions afterward.,An inference = text clues + what you already know.,,
G4-central-idea-001,4,Central Idea and Relevant Details,RI.4.2,3,MULTIPLE_CHOICE,Nature's Engineers,What is the main idea of “Nature's Engineers”?,A) Beaver dams always cause floods on farms. | B) Beavers build dams and ponds that change the land and help many living things. | C) Wolves are the main predators of beavers. | D) Frogs lay their eggs in still water.,B,Every section explains how beavers change the land and what those changes do.,The main idea is what the WHOLE text is mostly about. Details support it.,,
G4-text-features-001,4,Text Features,RI.4.7,2,MULTIPLE_CHOICE,Nature's Engineers,Under which heading would you find out how beaver ponds help ducks?,A) Why the Pond Matters | B) Nature's Engineers | C) Helping Other Living Things | D) Building a Dam,C,"The heading “Helping Other Living Things” introduces frogs, ducks, fish, deer, and birds.",Headings tell what each section is about. Use them to find information fast.,,
G4-cause-effect-001,4,Text Structure: Cause and Effect,RI.4.3,3,MULTIPLE_CHOICE,Nature's Engineers,"According to the article, what is an EFFECT of beavers building a dam?","A) Beavers hear rushing water. | B) Wolves hunt near the stream. | C) Beavers pile up sticks and mud. | D) A deep, calm pond forms.",D,"“Because the dam slows the water, a deep, calm pond forms.” The pond is the effect.","Signal words such as because, as a result, and so link causes and effects.",,
G4-cause-effect-002,4,Text Structure: Cause and Effect,RI.4.3,5,MULTIPLE_CHOICE,Nature's Engineers,Why can't wolves easily reach a beaver family?,A) The lodge sits in the pond and its entrances are underwater. | B) Wolves are afraid of the sound of water. | C) The dam is too tall to climb. | D) Beavers chase wolves away with sticks.,A,"The text says the entrances are underwater, “as a result, wolves … cannot easily reach the family.”",Find the sentence with “as a result” and read what comes just before it.,,
G4-compare-contrast-001,4,Text Structure: Compare and Contrast,RI.4.5,5,MULTIPLE_CHOICE,Nature's Engineers,How is the last paragraph organized?,A) It tells events in the order they happened. | B) It presents a problem with beavers and then a counterpoint. | C) It describes what a beaver lodge looks like. | D) It lists the steps for building a dam.,B,"“Not everyone welcomes beavers…However, many scientists…” shows one side, then the other side.",“However” and “but” often signal a contrasting idea.,,
G4-context-clues-001,4,Context Clues,L.4.4.a,4,MULTIPLE_CHOICE,Nature's Engineers,"In the article, what does predators mean?",A) plants that grow near water | B) people who study animals | C) animals that hunt other animals | D) animals that build homes,C,"The sentence says wolves and other predators try to “reach the family,” so predators are hunters.",An example word (wolves) can help you define a new word.,,
G4-author-purpose-001,4,Author's Purpose,RI.4.8,6,MULTIPLE_CHOICE,Nature's Engineers,What reason does the author give to support the idea that beavers help other animals?,"A) Dams can flood roads. | B) Their lodge is dome-shaped. | C) Beavers patch leaks quickly. | D) In dry summers, a beaver pond may be the only water for miles.",D,Deer and birds travel to drink at the pond—evidence that beavers help other living things.,A reason must SUPPORT the point. Check that it matches the point exactly.,,
G4-text-evidence-002,4,Cite Text Evidence,RI.4.1,4,TRUE_FALSE,Nature's Engineers,True or false: The article says that all scientists believe beavers cause more problems than benefits.,True | False,False,The text says many scientists argue the benefits are GREATER than the problems.,Watch for absolute words like “all” and “always” in true/false statements.,,
G4-author-claim-001,4,Author's Claim and Evidence,RI.4.8,2,MULTIPLE_CHOICE,Our School Needs a Garden,What is the author's opinion in “Our School Needs a Garden”?,A) The school should turn the empty lot into a vegetable garden. | B) The library needs more books. | C) Students should eat more vegetables at home. | D) Gardens are too much work for schools.,A,"The first sentence states the claim clearly, and every paragraph supports it.","In opinion writing, the claim is usually in the first or last sentence.",,
G4-author-claim-002,4,Author's Claim and Evidence,RI.4.8,4,MULTI_SELECT,Our School Needs a Garden,Which reasons does the author use to support the claim? Choose all that apply.,A) A garden is an outdoor classroom. | B) A garden will save the school money. | C) Students who grow vegetables are more likely to eat them. | D) A garden builds teamwork.,"A, C, D","The author uses First, Second, and Finally to introduce three reasons.",Transition words like First and Finally often introduce reasons.,,
G4-author-claim-003,4,Author's Claim and Evidence,RI.4.8,5,MULTIPLE_CHOICE,Our School Needs a Garden,How does the author respond to people who say a garden is too much work?,A) by saying the cafeteria will do the work | B) by explaining that classes can take turns so no group does it all | C) by agreeing that the garden should be small | D) by ignoring the objection,B,"The author answers the counterclaim: “if every class takes turns, no one group will have to do it all.”",Strong arguments answer the other side's concerns.,,
G4-author-perspective-001,4,Author's Perspective,RI.4.8,6,MULTIPLE_CHOICE,Our School Needs a Garden,"In the last sentence, what does “something that grows—both plants and students” suggest?","A) The garden will need more students to work in it. | B) Plants grow faster than students do. | C) Students will learn and develop, just as plants grow. | D) Students will become taller by eating vegetables.",C,The author plays with two meanings of grow to end with a memorable idea.,Some words have two meanings at once. Ask what each meaning adds.,,
G4-context-clues-002,4,Context Clues,L.4.4.a,1,MULTIPLE_CHOICE,,The kitten was timid; it hid under the bed whenever anyone came near. What does timid mean?,A) loud and playful | B) hungry | C) very sleepy | D) shy and easily scared,D,Hiding from people is a clue that timid means shy or fearful.,Read the words after a semicolon; they often explain the word before it.,,
G4-context-clues-003,4,Context Clues,L.4.4.a,3,MULTIPLE_CHOICE,,"The hikers were exhausted after the long climb, so they rested for an hour. What does exhausted mean?",A) very tired | B) cold | C) very excited | D) lost,A,They needed a long rest after a long climb—exhausted means very tired.,Look at what happens BECAUSE of the word.,,
G4-context-clues-004,4,Context Clues,L.4.4.a,5,MULTIPLE_CHOICE,,"Unlike his cautious sister, who checked the ice twice, Bilal ran straight onto the frozen pond. What does cautious mean?",A) brave and fearless | B) careful to avoid danger | C) unkind | D) in a hurry,B,"“Unlike” signals a contrast: Bilal rushed, so his cautious sister must be careful.","“Unlike,” “but,” and “instead” are contrast clues.",,
G4-multiple-meaning-001,4,Multiple-Meaning Words,L.4.4.a,2,MULTIPLE_CHOICE,,Which sentence uses bark to mean the outer covering of a tree?,A) The dog's bark woke the baby. | B) Don't bark orders at your friends. | C) The bark of the oak felt rough under my hand. | D) Did you hear the seal bark?,C,Only this sentence describes something you can touch on a tree.,Multiple-meaning words need the rest of the sentence to choose the meaning.,,
G4-multiple-meaning-002,4,Multiple-Meaning Words,L.4.4.a,4,MULTIPLE_CHOICE,,“The pitcher threw the ball so fast that the batter missed it.” What does pitcher mean here?,A) a person who sells things | B) a picture of a field | C) a jug used for pouring water | D) a baseball player who throws the ball,D,Batter and threw the ball tell you this is a baseball game.,"Look for other words from the same topic (ball, batter).",,
G4-prefixes-001,4,Prefixes,L.4.4.b,2,MULTIPLE_CHOICE,,What does the word reread mean?,A) to read again | B) to not read | C) to read before | D) to read wrongly,A,"The prefix re- means again, so reread means read again.","re- = again, un- = not, pre- = before, mis- = wrongly.",,
G4-prefixes-002,4,Prefixes,L.4.4.b,3,MATCHING,,Match each prefix to its meaning.,re- = again | un- = not | pre- = before | mis- = wrongly,pairs as listed,"These four prefixes appear in many Grade 4 words: redo, unkind, preview, misspell.","Think of a word you know with the prefix, then work out the meaning.",,
G4-suffixes-001,4,Suffixes,L.4.4.b,3,MULTIPLE_CHOICE,,What does the word fearless mean?,A) full of fear | B) without fear | C) able to fear | D) one who fears,B,The suffix -less means without. Fearless = without fear.,"-less = without, -ful = full of.",,
G4-suffixes-002,4,Suffixes,L.4.4.b,4,MULTIPLE_CHOICE,,Which word means “able to be broken”?,A) breaker | B) rebreak | C) breakable | D) breakless,C,The suffix -able means able to be. Breakable = able to be broken.,Add the suffix to the base word and read the parts in reverse: break + able = able to break.,,
G4-greek-latin-roots-001,4,Greek and Latin Roots,L.4.4.b,5,MULTIPLE_CHOICE,,"The Greek root photo means light, and graph means write or draw. What is a photograph?",A) a light bulb | B) a drawing of a phone | C) a letter written at night | D) a picture made with light,D,"Photo (light) + graph (write/draw) = an image “drawn” by light, the way a camera works.",Break a long word into roots and combine their meanings.,,
G4-greek-latin-roots-002,4,Greek and Latin Roots,L.4.4.b,6,MULTIPLE_CHOICE,,The Latin root port means carry. Which word means “able to be carried easily”?,A) portable | B) porter | C) import | D) report,A,Port (carry) + -able (able to be) = portable.,Combine the root's meaning with the suffix's meaning.,,
G4-idioms-adages-001,4,"Idioms, Adages and Proverbs",L.4.5.b,3,MULTIPLE_CHOICE,,Rana said the math test was “a piece of cake.” What did she mean?,A) She ate cake during the test. | B) The test was very easy. | C) The test was hard to finish. | D) The test was about food.,B,“A piece of cake” is an idiom meaning something is easy.,Idioms are phrases whose meaning is different from the words themselves.,,
G4-idioms-adages-002,4,"Idioms, Adages and Proverbs",L.4.5.b,5,MULTIPLE_CHOICE,,What does the adage “Don't count your chickens before they hatch” mean?,A) Farmers should hatch more eggs. | B) Chickens are hard to count. | C) Don't depend on something before it actually happens. | D) Always count your chickens carefully.,C,An adage is a well-known saying that gives advice. This one warns against planning on uncertain results.,Ask: what advice would this saying give a person?,,
G4-figurative-language-005,4,"Figurative Language (Similes, Metaphors, Personification, Hyperbole)",L.4.5.a,4,MULTIPLE_CHOICE,,Which sentence contains a simile?,A) She spoke softly to the baby. | B) Her voice was a gentle breeze. | C) The feather floated down. | D) Her voice was as soft as a feather.,D,Similes compare two things using like or as: “as soft as a feather.”,Spot the word like or as connecting two unlike things.,,
G4-synonyms-antonyms-001,4,Synonyms and Antonyms,L.4.5.c,2,MULTIPLE_CHOICE,,Which word is a synonym for enormous?,A) huge | B) tiny | C) ancient | D) noisy,A,Synonyms have almost the same meaning: enormous and huge both mean very big.,Synonym = same meaning. Antonym = opposite meaning.,,
G4-synonyms-antonyms-002,4,Synonyms and Antonyms,L.4.5.c,4,MULTIPLE_CHOICE,,Which word is an antonym for generous?,A) giving | B) selfish | C) helpful | D) kind,B,A generous person shares; a selfish person does not. They are opposites.,Test an antonym by putting “not” in front: not generous = selfish.,,
G4-pronouns-001,4,Pronouns and Antecedents,L.4.1.a,3,MULTIPLE_CHOICE,,Choose the relative pronoun that best completes: “The girl ____ won the race is my cousin.”,A) which | B) where | C) who | D) whose,C,Who refers to people and connects the clause “won the race” to “the girl.”,"who/whom → people, which → things, that → both.",,
G4-adverbs-001,4,Adverbs and Relative Adverbs,L.4.1.a,4,DROPDOWN,,This is the park ____ we had our picnic.,A) when | B) who | C) why | D) where,D,Where is a relative adverb that refers to a place (the park).,"where → place, when → time, why → reason.",,
G4-verb-tenses-001,4,"Verb Tenses (Simple, Progressive, Perfect)",L.4.1.b,3,MULTIPLE_CHOICE,,Which sentence uses the PAST progressive tense?,A) We were walking to school when it started to rain. | B) We walk to school every day. | C) We are walking to school now. | D) We will be walking to school tomorrow.,A,Past progressive = was/were + -ing verb. It shows an action that was ongoing in the past.,Progressive tenses use a form of be + a verb ending in -ing.,,
G4-verb-tenses-002,4,"Verb Tenses (Simple, Progressive, Perfect)",L.4.1.b,4,DROPDOWN,,"Tomorrow at noon, I ____ my grandmother.",A) visited | B) will be visiting | C) am visiting | D) was visiting,B,“Tomorrow at noon” points to an ongoing action in the future: will be + visiting.,"Time clue words (yesterday, now, tomorrow) tell you which tense to use.",,
G4-verbs-001,4,"Action, Main, Helping and Linking Verbs",L.4.1.c,4,MULTIPLE_CHOICE,,Which modal verb shows that something is REQUIRED? “Visitors ____ wear a helmet in the factory.”,A) can | B) may | C) must | D) might,C,Must expresses a rule or requirement.,"Modals: can (ability), may/might (possibility), must (necessity).",,
G4-adjectives-001,4,"Adjectives, Articles and Order of Adjectives",L.4.1.d,5,MULTIPLE_CHOICE,,Which sentence lists the adjectives in the correct order?,A) She wore a blue long beautiful dress. | B) She wore a beautiful blue long dress. | C) She wore a long beautiful blue dress. | D) She wore a beautiful long blue dress.,D,Order: opinion → size → age → shape → color → origin → material → purpose.,Say it aloud: the correct order usually “sounds right” in English.,,
G4-prepositions-001,4,Prepositions and Prepositional Phrases,L.4.1.e,3,MULTIPLE_CHOICE,,What is the prepositional phrase in this sentence? “The cat slept under the warm blanket.”,A) under the warm blanket | B) warm blanket | C) slept under | D) The cat slept,A,A prepositional phrase begins with a preposition (under) and ends with a noun (blanket).,"Common prepositions: in, on, under, over, near, after, between.",,
G4-fragments-run-ons-001,4,Fragments and Run-On Sentences,L.4.1.f,3,MULTIPLE_CHOICE,,Which of these is a complete sentence?,A) Because it was raining. | B) My brother plays soccer on Fridays. | C) Running across the big field. | D) The tall boy with the red hat.,B,A complete sentence has a subject (My brother) and a predicate (plays soccer) and expresses a complete thought.,"Ask: Who or what? Does what? If either is missing, it's a fragment.",,
G4-fragments-run-ons-002,4,Fragments and Run-On Sentences,L.4.1.f,5,MULTIPLE_CHOICE,,Which is the best way to fix this run-on? “I finished my homework I went outside to play.”,"A) I finished my homework I went, outside to play. | B) I finished my homework I went outside, to play. | C) I finished my homework, and then I went outside to play. | D) I finished. My homework I went outside to play.",C,Joining the two sentences with a comma and a conjunction (and) fixes the run-on.,"Fix run-ons with a period, or a comma + and/but/so.",,
G4-pronoun-homophones-001,4,"Pronouns, Contractions and Homophones",L.4.1.g,2,MULTIPLE_CHOICE,,Choose the correct word: “____ going to the museum on Saturday.”,A) Their | B) Theyre | C) There | D) They're,D,They're is a contraction of they are: They are going to the museum.,"Test it: replace with “they are.” If it works, use they're.",,
G4-pronoun-homophones-002,4,"Pronouns, Contractions and Homophones",L.4.1.g,4,MULTIPLE_CHOICE,,Which sentence uses its or it's correctly?,A) The dog wagged its tail. | B) The dog lost it's bone. | C) It's tail was wagging. | D) Its raining outside.,A,Its (no apostrophe) shows ownership; it's means it is.,"Possessive pronouns never use apostrophes: his, hers, its, ours, theirs.",,
G4-pronoun-homophones-003,4,"Pronouns, Contractions and Homophones",L.4.1.g,3,DROPDOWN,,"I would like ____ cookies, please.",A) two | B) to | C) too,A,Two is the number 2.,"to = direction, too = also/very, two = 2.",,
G4-pronouns-002,4,Pronouns and Antecedents,L.4.1.a,5,MULTIPLE_CHOICE,,Which sentence uses a pronoun correctly?,A) Ali and me went to the show. | B) Mom gave the tickets to Ali and me. | C) Me and Ali got the tickets. | D) Mom gave the tickets to Ali and I.,B,Remove “Ali and” to test: “Mom gave the tickets to me.” That sounds correct.,"Cover the other person's name, then choose the pronoun that sounds right.",,
G4-subject-verb-agreement-001,4,Subject-Verb Agreement,L.4.1,3,MULTIPLE_CHOICE,,Choose the verb that agrees with the subject: “The students in my class ____ to recess at noon.”,A) is going | B) goes | C) go | D) has gone,C,"The subject is students (plural), not class. Plural subjects take go.",Ignore the prepositional phrase (in my class) to find the real subject.,,
G4-plural-nouns-001,4,"Singular, Plural and Irregular Plural Nouns",L.4.1,4,ERROR_CORRECTION,,Tap the part of the sentence that has an error.,The farmer | fed the sheeps | and the geese | before sunrise.,segment 2 → fed the sheep,"Sheep is an irregular plural—it stays the same: one sheep, two sheep.","Irregular plurals don't add -s: child → children, mouse → mice, sheep → sheep.",,
G4-irregular-verbs-001,4,Irregular Verbs,L.4.1,5,ERROR_CORRECTION,,Tap the part of the sentence that has an error.,Yesterday | we swimmed | in the lake | for an hour.,segment 2 → we swam,Swim is irregular: swim → swam → swum.,Irregular verbs change their spelling in the past tense instead of adding -ed.,,
G4-comparatives-001,4,Comparing with Adjectives and Adverbs,L.4.1,4,MULTIPLE_CHOICE,,Which sentence compares correctly?,A) This puzzle is more harder than the last one. | B) This puzzle is hardest than the last one. | C) This puzzle is most hard than the last one. | D) This puzzle is harder than the last one.,D,Compare TWO things with -er (or more); compare THREE or more with -est (or most).,Never use more AND -er together.,,
G4-negatives-001,4,Negatives and Double Negatives,L.4.1,5,MULTIPLE_CHOICE,,Which sentence avoids a double negative?,A) I don't have any homework tonight. | B) I haven't got no homework tonight. | C) I don't never have homework. | D) I don't have no homework tonight.,A,Use only one negative word in a sentence: don't + any.,"Negative words: no, not, never, nobody, nothing, none.",,
G4-capitalization-001,4,Capitalization,L.4.2.a,2,MULTIPLE_CHOICE,,Which sentence uses capital letters correctly?,"A) Last July, my Family visited Riyadh. | B) Last July, my family visited Riyadh. | C) last July, My family visited Riyadh. | D) Last july, my family visited riyadh.",B,"Capitalize the first word of a sentence, months, and names of places.",Proper nouns (specific names) need capitals.,,
G4-quotations-dialogue-001,4,Quotation Marks and Dialogue,L.4.2.b,4,MULTIPLE_CHOICE,,Which sentence is punctuated correctly?,"A) “Can we go to the park,” asked Huda? | B) Can we go to the park? “asked Huda.” | C) “Can we go to the park?” asked Huda. | D) “Can we go to the park”? asked Huda.",C,"Put quotation marks around the exact words spoken, with the question mark inside.",Punctuation of the spoken words stays inside the quotation marks.,,
G4-commas-001,4,Punctuation and Commas,L.4.2.c,3,MULTIPLE_CHOICE,,Where does the comma belong? “I wanted to play outside but it was raining.”,"A) after but | B) No comma is needed. | C) after wanted | D) after outside: “I wanted to play outside, but it was raining.”",D,"Use a comma before a coordinating conjunction (and, but, or, so) that joins two complete sentences.","Remember FANBOYS: for, and, nor, but, or, yet, so.",,
G4-spelling-001,4,Spelling Patterns,L.4.2.d,3,MULTIPLE_CHOICE,,Which word is spelled correctly?,A) beautiful | B) beatiful | C) beautyful | D) beutiful,A,Beauty + ful: change y to i and add -ful = beautiful.,"When a word ends in consonant + y, change y to i before adding most suffixes.",,
G4-spelling-002,4,Spelling Patterns,L.4.2.d,4,FILL_BLANK,,Add -ing to the word hop: I am ____ on one foot.,(typed),hopping,"Hop has one short vowel and ends in one consonant, so double the p: hopping.",Short vowel + one consonant → double it before -ing or -ed.,,
G4-precise-language-001,4,"Precise Language, Style and Tone",L.4.3.a,4,MULTIPLE_CHOICE,,Which word is the most precise replacement for went in: “The rabbit went across the yard when it heard the dog”?,A) moved | B) darted | C) walked | D) was,B,"Darted shows a quick, sudden movement—exactly what a frightened rabbit does.","Replace vague verbs (went, got, said) with words that show HOW.",,
G4-precise-language-002,4,"Precise Language, Style and Tone",L.4.3.c,5,MULTIPLE_CHOICE,,Which sentence would be best in a formal report?,"A) Guess what? Sun = tall plants. | B) So, like, the sunny plants won. | C) The experiment showed that plants grew taller in sunlight. | D) The plants totally grew way taller in the sun!",C,"Formal language is clear and serious, without slang or casual words.",Ask: would this sound right in a science textbook?,,
G4-writing-informative-001,4,Informative / Expository Writing,W.4.2.a,4,MULTIPLE_CHOICE,,Which is the best topic sentence for a paragraph about why owls are good night hunters?,A) Owls are birds. | B) I saw an owl once at my uncle's farm. | C) Their feathers are soft. | D) Owls have special features that make them excellent hunters at night.,D,A topic sentence tells the main idea the whole paragraph will explain.,A good topic sentence is broad enough to cover all the details.,,
G4-writing-informative-002,4,Informative / Expository Writing,W.4.2.c,3,MULTIPLE_CHOICE,,"Choose the best linking word: “Bats sleep during the day. ____, they hunt for insects at night.”",A) Instead | B) Because | C) Also | D) For example,A,"The sentences contrast day and night, so a contrast transition fits.","Transitions show how ideas connect: adding, contrasting, giving examples, or showing time.",,
G4-writing-narrative-001,4,Narrative Writing,W.4.3.c,3,SENTENCE_ORDER,,Put these sentences in order to make a clear story.,"Sami woke up early on the first day of school. → He packed his bag and ate breakfast quickly. → When he reached the gate, he realized he had forgotten his lunch. → Luckily, his father arrived a minute later holding the lunch box.",order as listed,"The sentences follow time order: waking, getting ready, a problem, and the solution.","Use time words (first, when, later) to help readers follow events.",,
G4-writing-argument-001,4,Argumentative / Opinion Writing,W.4.1.b,5,MULTIPLE_CHOICE,,Which detail BEST supports the opinion “Students should have longer lunch breaks”?,A) Lunch is my favorite part of the day. | B) Many students do not have time to finish their food in 20 minutes. | C) Pizza is served on Thursdays. | D) Some schools start at 7:30.,B,A strong reason connects directly to the opinion and can be supported with facts.,Ask: does this detail prove WHY the opinion is right?,,
G5-point-of-view-001,5,Point of View and Perspective,RL.5.6,3,MULTIPLE_CHOICE,The Second Try,From whose point of view is “The Second Try” told?,"A) Dana, the narrator's best friend | B) an outside narrator who knows everyone's thoughts | C) the student giving the speech, in first person | D) Mr. Farouk, the teacher",C,The narrator says “I” and describes their own shaking hands and burning face.,"First-person narrators use I, me, and my and are part of the story.",,
G5-point-of-view-002,5,Point of View and Perspective,RL.5.6,6,MULTIPLE_CHOICE,The Second Try,How does the first-person point of view affect how the first speech is described?,"A) Readers learn exactly what every classmate was thinking. | B) Readers see the speech mainly through Dana's eyes. | C) Readers get a calm, factual report of the speech. | D) Readers feel the narrator's panic from the inside, like the words “slipped away like sand.”",D,"Because the narrator tells their own experience, we get feelings and sensations, not just events.",Ask: what can THIS narrator know and feel? How does that shape what we learn?,,
G5-theme-001,5,Theme,RL.5.2,4,MULTIPLE_CHOICE,The Second Try,Which sentence best states the theme of the story?,A) A setback is not a failure if you keep trying. | B) Sea turtles have a hard life in the ocean. | C) Teachers should give students second chances. | D) Note cards make speeches harder.,A,The last line—“Being knocked back … isn't the same as being beaten”—expresses the theme.,Theme often appears in what a character realizes at the end.,,
G5-character-001,5,Character Traits & Development,RL.5.3,5,MULTIPLE_CHOICE,The Second Try,How does the memory of the baby turtles help the narrator?,A) It makes the narrator decide to skip the speech. | B) It gives the narrator courage to try the speech again. | C) It makes the narrator want a new speech topic. | D) It reminds the narrator to study more facts.,B,"The turtles keep crawling despite waves, and the narrator applies that lesson to their own situation.","When a character remembers something, ask how it changes their next action.",,
G5-figurative-language-001,5,"Figurative Language (Similes, Metaphors, Personification, Hyperbole)",RL.5.4,4,MULTIPLE_CHOICE,The Second Try,“Every word I had memorized slipped away like sand through my fingers.” What does this simile show?,"A) The narrator enjoyed the speech. | B) The words were written in the sand. | C) The narrator could not hold on to the words, no matter how hard they tried. | D) The narrator was standing on a beach.",C,Sand runs out of your hand even when you grip it—just as the words escaped the nervous narrator.,Figure out what quality the two things share.,,
G5-character-002,5,Character Traits & Development,RL.5.3,6,MULTIPLE_CHOICE,The Second Try,Compare the narrator at the first speech with the narrator at the second speech.,A) The narrator reads more cards the second time. | B) The narrator is nervous both times and never improves. | C) The narrator is confident both times. | D) First the narrator relies on note cards and freezes; second the narrator speaks freely and engages the class.,D,The change from shaking and mumbling to smiling and answering questions shows growth.,Compare the same character at two points in a story to see how they change.,,
G5-text-evidence-001,5,Cite Text Evidence,RL.5.1,5,MULTI_SELECT,The Second Try,Which TWO quotations show that the second speech went well?,A) “Heads lifted. Someone gasped.” | B) “I almost said no.” | C) “the class was asking questions I could actually answer.” | D) “My voice wobbled at first.”,"A, C",The class reacting with interest and asking questions shows success.,"Choose evidence that directly proves the answer, not details that point the other way.",,
G5-inference-001,5,Make Inferences,RL.5.1,4,TRUE_FALSE,The Second Try,True or false: The narrator starts the second speech with a surprising fact to grab the audience's attention.,True | False,True,Starting with “Did you know…?” and a surprising statistic makes heads lift—an attention-grabbing hook.,Infer the purpose of a choice by looking at its effect on others.,,
G5-poetry-elements-001,5,"Poetry: Structure, Rhyme, Meter and Form",RL.5.5,4,MULTIPLE_CHOICE,City Morning,How do the three stanzas of “City Morning” fit together?,A) Stanzas 1–2 show the city waking up loudly; stanza 3 turns to the speaker's quiet moment. | B) The stanzas tell events from evening to midnight. | C) Every stanza repeats the same idea in the same way. | D) Each stanza describes a different city.,A,The first two stanzas build noise and activity; the last stanza contrasts it with a quiet golden sky.,Look for a turn: a word like “but” or a change in mood between stanzas.,,
G5-figurative-language-002,5,"Figurative Language (Similes, Metaphors, Personification, Hyperbole)",RL.5.4,3,MULTIPLE_CHOICE,City Morning,“The city yawns and stretches wide.” What kind of figurative language is this?,A) onomatopoeia | B) personification | C) rhyme | D) simile,B,"The city is given human actions (yawning and stretching), so this is personification.",Personification = giving human qualities to something that isn't human.,,
G5-sound-devices-001,5,"Sound Devices (Assonance, Consonance, Alliteration)",RL.5.4,5,MULTIPLE_CHOICE,City Morning,"“The busy, bustling, buzzing throng.” Which sound device is used?",A) onomatopoeia — every word is a sound | B) repetition of a whole line | C) alliteration — repeated b sounds | D) rhyme — the words end with the same sound,C,Repeating the starting sound b in nearby words is alliteration. It makes the line sound fast and noisy.,Alliteration = same first consonant sound in a row of words.,,
G5-theme-002,5,Theme,RL.5.2,6,MULTIPLE_CHOICE,City Morning,How does the speaker reflect on the morning in the last stanza?,"A) The speaker wishes the city were louder. | B) The speaker complains about the baker's singing. | C) The speaker plans to leave the city forever. | D) The speaker values a short, quiet moment before the busy day begins.",D,"“That minute, friend, is mine” shows the speaker treasures the calm moment.","In poems, the speaker's final lines often reveal their feelings about the topic.",,
G5-problem-solution-001,5,Text Structure: Problem and Solution,RI.5.5,3,MULTIPLE_CHOICE,Catching Water in the Desert,What problem does “Catching Water in the Desert” describe?,A) Rainwater rushes away before people can use it. | B) Solar pumps are expensive. | C) Deserts have too many farmers. | D) Cisterns are too old to work.,A,Paragraph 1 explains that rare rain rushes over dry ground and disappears.,Problem-and-solution texts usually state the problem first.,,
G5-problem-solution-002,5,Text Structure: Problem and Solution,RI.5.5,4,MULTI_SELECT,Catching Water in the Desert,Which solutions does the article describe? Choose all that apply.,A) cloud seeding to make rain | B) underground cisterns | C) moving villages to rivers | D) check dams across valleys,"B, D",The article explains two solutions: cisterns and check dams.,"Look for signal words: One solution…, Another solution….",,
G5-cause-effect-001,5,Text Structure: Cause and Effect,RI.5.3,4,MULTIPLE_CHOICE,Catching Water in the Desert,Why does water in a cistern evaporate slowly?,"A) Check dams protect the cisterns. | B) The tank is underground and covered, so it stays cool. | C) Gutters cool the water. | D) Plastic liners stop water from moving.",B,"“Because the tank is underground and covered, the water stays cool and does not evaporate quickly.”",Because introduces a cause.,,
G5-central-idea-001,5,Central Idea and Relevant Details,RI.5.2,5,MULTIPLE_CHOICE,Catching Water in the Desert,Which TWO main ideas does the article develop?,"A) Deserts are hot, and rain is dangerous. | B) Farmers dislike storms, and walls stop floods. | C) Desert communities face a water problem, and both ancient and modern methods help solve it. | D) Archaeologists study old tanks, and engineers build pumps.",C,The article explains the problem and then shows old and new ways to store water.,Grade 5 texts may have more than one main idea. Check each section.,,
G5-context-clues-001,5,Context Clues,L.5.4.a,4,MULTIPLE_CHOICE,Catching Water in the Desert,“The water stays cool and does not evaporate quickly in the heat.” What does evaporate mean?,A) flow downhill | B) become dirty | C) freeze into ice | D) turn into vapor and disappear into the air,D,Heat causes water to disappear into the air—a cause/effect clue to the meaning.,L.5.4: cause-and-effect relationships can reveal meaning.,,
G5-author-purpose-001,5,Author's Purpose,RI.5.8,6,MULTIPLE_CHOICE,Catching Water in the Desert,Why does the author mention that some cisterns are more than two thousand years old?,A) to support the point that these water-saving methods are not new | B) to show that cisterns break easily | C) to explain how solar pumps work | D) to prove deserts used to have more rain,A,The sentence before says “These methods are not new.” The ancient cisterns are evidence for that point.,Find which point a detail supports by reading the sentence just before it.,,
G5-compare-texts-001,5,Compare and Contrast Texts,RI.5.6,4,MULTIPLE_CHOICE,The Storm: Two Accounts,How are the two accounts of the storm different?,A) They describe two different storms. | B) Rania's journal describes feelings and experiences; the news report gives facts and numbers. | C) The news report describes being scared at night. | D) Both accounts give exact wind speeds.,B,A firsthand account tells personal experience; a secondhand account reports facts.,Ask: Who wrote it? Were they there? What do they focus on?,,
G5-compare-texts-002,5,Compare and Contrast Texts,RI.5.6,5,MULTIPLE_CHOICE,The Storm: Two Accounts,Which information appears ONLY in the news report?,A) The storm happened during the night. | B) There was flooding on the streets. | C) Electricity was restored to most homes by noon. | D) The wind was very strong.,C,Only the reporter gives details about crews and power being restored.,Compare point of view: what can each writer know?,,
G5-figurative-language-003,5,"Figurative Language (Similes, Metaphors, Personification, Hyperbole)",L.5.5.a,3,MULTIPLE_CHOICE,The Storm: Two Accounts,"In Rania's journal, the wind “howled … like an angry animal.” This is an example of —",A) an idiom | B) a fact | C) a metaphor | D) a simile,D,"The wind is compared to an animal using like, so it is a simile.",Simile = like/as.,,
G5-sequence-001,5,Text Structure: Sequence and Chronology,RI.5.3,3,MULTIPLE_CHOICE,Why the Moon Changes Shape,"About one week after a new moon, what phase do we see?",A) first quarter | B) new moon | C) full moon | D) crescent,A,The article says about one week after the new moon we see the first quarter.,"In sequence texts, notice time words: a few days later, about one week, after two weeks.",,
G5-sequence-002,5,Text Structure: Sequence and Chronology,RI.5.3,4,SENTENCE_ORDER,Why the Moon Changes Shape,"Put the Moon's phases in order, starting with the new moon.",new moon → crescent → first quarter → full moon,order as listed,"The lit part we can see grows from nothing, to a sliver, to half, to the whole face.",Use the time clues in the text to order events.,,
G5-cause-effect-002,5,Text Structure: Cause and Effect,RI.5.3,6,MULTIPLE_CHOICE,Why the Moon Changes Shape,Why do we see almost nothing during a new moon?,A) The Moon stops reflecting light. | B) The lit side of the Moon is facing away from Earth. | C) Earth's shadow covers the whole Moon. | D) Clouds always cover the Moon at that time.,B,"The Moon is between Earth and the Sun, so its lit half faces away from us.","Read carefully for the scientific reason, not a guess from everyday experience.",,
G5-central-idea-002,5,Central Idea and Relevant Details,RI.5.2,5,TRUE_FALSE,Why the Moon Changes Shape,"True or false: According to the article, the amount of the Moon that the Sun lights up changes every night.",True | False,False,The Sun always lights half the Moon. What changes is how much of that lit half WE can see.,Watch for statements that sound right but change one key detail.,,
G5-context-clues-002,5,Context Clues,L.5.4.a,5,MULTIPLE_CHOICE,Why the Moon Changes Shape,“People have used this dependable pattern for thousands of years.” What does dependable mean?,A) hard to understand | B) brand new | C) able to be trusted to happen the same way | D) very bright,C,A pattern used for calendars must be reliable; depend + -able = able to be depended on.,Combine context with word parts to check your answer.,,
G5-greek-latin-roots-001,5,Greek and Latin Roots,L.5.4.b,3,MULTIPLE_CHOICE,,"The Greek root tele means far, and scope means look. What is a telescope?","A) a small, close object | B) a tool for writing | C) a tool for hearing far away | D) a tool for looking at things far away",D,Tele (far) + scope (look) = a tool to look at far objects.,"Learn common roots: tele, scope, graph, phon, auto, bio.",,
G5-greek-latin-roots-002,5,Greek and Latin Roots,L.5.4.b,5,MATCHING,,Match each root to its meaning.,aud = hear | vis / vid = see | port = carry | struct = build,pairs as listed,"Audience (hear), visible (see), transport (carry), construct (build).",Think of a word you know with the root to remember its meaning.,,
G5-greek-latin-roots-003,5,Greek and Latin Roots,L.5.4.b,6,MULTIPLE_CHOICE,,The Latin root dict means say or speak. Which word means “to say what will happen in the future”?,A) predict | B) dictionary | C) dictate | D) contradict,A,Pre (before) + dict (say) = to say beforehand.,Combine the prefix and the root meanings.,,
G5-homographs-homophones-001,5,Homographs and Homophones,L.5.5.c,4,MULTIPLE_CHOICE,,In which sentence does wind mean to turn or twist?,A) The wind felt cold this morning. | B) Please wind the string around the spool. | C) The wind blew the leaves away. | D) A strong wind knocked the sign over.,B,Wind (rhymes with find) is a verb meaning to turn. Wind (rhymes with pinned) is moving air.,Homographs are spelled the same but have different meanings and sometimes different pronunciations.,,
G5-homographs-homophones-002,5,Homographs and Homophones,L.5.5.c,5,MULTIPLE_CHOICE,,“The doctor wound a bandage around the wound.” What do the two words mean?,A) first: an injury; second: wrapped | B) both mean wrapped | C) first: wrapped; second: an injury | D) both mean an injury,C,Wound (rhymes with sound) is the past of wind; wound (rhymes with moon) is an injury.,Use each word's job in the sentence (action or thing) to choose its meaning.,,
G5-idioms-adages-001,5,"Idioms, Adages and Proverbs",L.5.5.b,4,MULTIPLE_CHOICE,,What does the proverb “Actions speak louder than words” mean?,A) Quiet people are better. | B) People should speak more loudly. | C) Words are more important than actions. | D) What people do shows more than what they say.,D,This proverb teaches that behavior proves what a person really means.,Proverbs give advice or a truth about life.,,
G5-idioms-adages-002,5,"Idioms, Adages and Proverbs",L.5.5.b,5,MULTIPLE_CHOICE,,"“We're in the same boat,” said Lina when both of them forgot their homework. What does she mean?",A) They are in the same situation. | B) They are going sailing. | C) They both like boats. | D) They need to row together.,A,“In the same boat” means facing the same problem.,Idioms can't be understood word by word.,,
G5-figurative-language-004,5,"Figurative Language (Similes, Metaphors, Personification, Hyperbole)",L.5.5.a,6,MULTIPLE_CHOICE,,Which sentence uses a metaphor?,A) The classroom was very busy. | B) The classroom was a beehive of activity. | C) Bees live in hives. | D) The classroom was as busy as a beehive.,B,The metaphor says the classroom IS a beehive to show how busy it was.,Metaphors compare without like or as.,,
G5-synonyms-antonyms-001,5,Synonyms and Antonyms,L.5.5.c,4,MULTIPLE_CHOICE,,Which pair of words are antonyms?,A) ancient / old | B) ancient / historic | C) ancient / modern | D) modern / new,C,Ancient means very old; modern means new—opposites.,Antonyms are opposites.,,
G5-context-clues-003,5,Context Clues,L.5.4.a,6,MULTIPLE_CHOICE,,"Compared to the noisy cafeteria, the library felt serene. What does serene mean?",A) crowded | B) dark | C) boring | D) calm and peaceful,D,A comparison with noisy shows that serene means quiet and calm.,L.5.4.a: comparisons in a sentence are clues to meaning.,,
G5-context-clues-004,5,Context Clues,L.5.4.c,3,MULTIPLE_CHOICE,,Which resource would BEST help you find a synonym for happy?,A) a thesaurus | B) a calendar | C) an encyclopedia | D) an atlas,A,A thesaurus lists synonyms and antonyms.,Dictionary → meaning and pronunciation; thesaurus → synonyms.,,
G5-compound-sentences-001,5,Compound Sentences and Conjunctions,L.5.1.a,3,MULTIPLE_CHOICE,,"Which word is a conjunction in this sentence? “I wanted pizza, but my sister wanted pasta.”",A) pasta | B) but | C) my | D) wanted,B,"But joins two ideas, so it is a conjunction.","Coordinating conjunctions: for, and, nor, but, or, yet, so.",,
G5-prepositions-001,5,Prepositions and Prepositional Phrases,L.5.1.a,4,MULTIPLE_CHOICE,,"Which word is an interjection? “Wow, that roller coaster was fast!”",A) was | B) that | C) Wow | D) fast,C,"An interjection is a word that shows strong feeling, often followed by a comma or exclamation point.","Interjections: wow, oh, ouch, hooray.",,
G5-verb-tenses-001,5,"Verb Tenses (Simple, Progressive, Perfect)",L.5.1.b,4,MULTIPLE_CHOICE,,Which sentence uses the present perfect tense?,A) She had finished before dinner. | B) She will have finished by Friday. | C) She finished her science project. | D) She has finished her science project.,D,Present perfect = has/have + past participle.,"Perfect tenses use has, have, had, or will have.",,
G5-verb-tenses-002,5,"Verb Tenses (Simple, Progressive, Perfect)",L.5.1.b,5,DROPDOWN,,"By the time we arrived, the movie ____ already started.",A) had | B) have | C) has | D) will have,A,Past perfect (had + participle) shows an action finished before another past action.,Two past actions? The earlier one often uses had.,,
G5-verb-tenses-003,5,"Verb Tenses (Simple, Progressive, Perfect)",L.5.1.d,5,MULTIPLE_CHOICE,,Which sentence has an inappropriate shift in verb tense?,A) Every day we walk to the store and buy milk. | B) Yesterday we walk to the store and bought milk. | C) Tomorrow we will walk to the store and buy milk. | D) Yesterday we walked to the store and bought milk.,B,"Yesterday shows past time, so walk should be walked to match bought.",Keep verb tenses consistent unless the time actually changes.,,
G5-verb-tenses-004,5,"Verb Tenses (Simple, Progressive, Perfect)",L.5.1.d,6,ERROR_CORRECTION,,Tap the part of the sentence that has an error.,"Last summer, my family | travels to the mountains | and stayed in a cabin.",segment 2 → traveled to the mountains,"“Last summer” and “stayed” show past time, so the verb must be traveled.","Find the time clue, then check every verb against it.",,
G5-compound-sentences-002,5,Compound Sentences and Conjunctions,L.5.1.e,4,MULTIPLE_CHOICE,,Which pair of correlative conjunctions completes the sentence? “You can ____ walk ____ ride your bike.”,A) both … or | B) not only … or | C) either … or | D) neither … or,C,"Correlative conjunctions come in pairs: either/or, neither/nor, both/and, not only/but also.",Memorize the four pairs.,,
G5-compound-sentences-003,5,Compound Sentences and Conjunctions,L.5.1.e,5,DROPDOWN,,Neither my brother ____ my sister likes spinach.,A) but | B) or | C) and | D) nor,D,Neither always pairs with nor.,N goes with N: Neither → Nor.,,
G5-pronouns-001,5,Pronouns and Antecedents,L.5.1,4,MULTIPLE_CHOICE,,Which sentence has correct pronoun-antecedent agreement?,A) Each student brought his or her own lunch. | B) Each student brought their own lunches. | C) Each student brought our own lunch. | D) Each student brought its own lunch.,A,"Each is singular, so the pronoun and noun that follow must be singular.","Words like each, every, and everyone are singular.",,
G5-adverbs-001,5,Adverbs and Relative Adverbs,L.5.1,4,MULTIPLE_CHOICE,,Which sentence uses a relative adverb correctly?,A) This is the reason when I'm late. | B) I remember the day when we moved here. | C) That's the house why I grew up. | D) I remember the day where we moved here.,B,When refers to a time (day).,"where → place, when → time, why → reason.",,
G5-clauses-complex-001,5,Clauses and Complex Sentences,L.5.1,5,MULTIPLE_CHOICE,,Which sentence is complex (has an independent clause and a dependent clause)?,"A) Finishing the game late. | B) We finished the game. | C) Although it was late, we finished the game. | D) It was late, and we finished the game.",C,"“Although it was late” cannot stand alone, so the sentence is complex.","Dependent clauses often begin with although, because, when, if, since.",,
G5-comparatives-001,5,Comparing with Adjectives and Adverbs,L.5.1,4,MULTIPLE_CHOICE,,Which word correctly completes: “This is the ____ book I have ever read.”,A) goodest | B) more good | C) better | D) best,D,Comparing with all books ever read needs the superlative best.,good → better → best; bad → worse → worst.,,
G5-commas-001,5,Punctuation and Commas,L.5.2.a,2,MULTIPLE_CHOICE,,Which sentence uses commas correctly in a series?,"A) We packed sandwiches, apples, and juice. | B) We packed, sandwiches, apples, and juice. | C) We packed sandwiches apples, and juice. | D) We packed sandwiches, apples, and, juice.",A,Use commas to separate three or more items in a series.,Put a comma after each item except the last.,,
G5-commas-002,5,Punctuation and Commas,L.5.2.b,3,MULTIPLE_CHOICE,,Which sentence correctly uses a comma after an introductory element?,"A) After the bell rang the students, lined up. | B) After the bell rang, the students lined up. | C) After, the bell rang the students lined up. | D) After the bell, rang the students lined up.",B,Put a comma after an introductory phrase or clause.,Read it aloud; the comma goes where you naturally pause after the opener.,,
G5-commas-003,5,Punctuation and Commas,L.5.2.c,4,MULTIPLE_CHOICE,,Which sentence correctly uses a comma for direct address?,"A) Maya please close the door. | B) Maya please close, the door. | C) Maya, please close the door. | D) Maya please, close the door.",C,Use a comma to set off the name of the person you are speaking to.,Direct address = talking TO someone by name.,,
G5-commas-004,5,Punctuation and Commas,L.5.2.c,5,MULTIPLE_CHOICE,,Which sentence correctly punctuates a tag question?,"A) You finished, the report didn't you? | B) You finished the report, didn't you. | C) You finished the report didn't you? | D) You finished the report, didn't you?",D,Separate a tag question from the rest of the sentence with a comma.,Tag questions: isn't it? didn't you? won't they?,,
G5-titles-abbreviations-001,5,"Titles, Abbreviations and Letter Format",L.5.2.d,4,MULTIPLE_CHOICE,,Which shows the correct way to write the title of a book?,A) My favorite book is Charlotte's Web. | B) My favorite book is charlotte's web. | C) My favorite book is “Charlotte's Web.” | D) My favorite book is CHARLOTTE'S WEB.,A,Book titles are italicized (or underlined when handwritten).,"Long works (books, movies) → italics; short works (poems, songs) → quotation marks.",,
G5-spelling-001,5,Spelling Patterns,L.5.2.e,4,FILL_BLANK,,"Change to plural: one shelf, two ____.",(typed),shelves,"For many words ending in f, change f to v and add -es: shelf → shelves.","f/fe → ves: leaf → leaves, knife → knives.",,
G5-spelling-002,5,Spelling Patterns,L.5.2.e,5,MULTIPLE_CHOICE,,Which word is spelled correctly?,A) neccessary | B) necessary | C) necesary | D) neccesary,B,Necessary has one c and two s's.,Memory trick: one Collar and two Sleeves.,,
G5-combining-sentences-001,5,Combining Sentences,L.5.3.a,4,MULTIPLE_CHOICE,,Which sentence best combines these? “The fox was hungry. The fox searched the field.”,"A) The fox was hungry, the fox searched the field. | B) The fox was hungry and the fox searched. | C) The hungry fox searched the field. | D) Hungry. The fox searched the field.",C,Moving hungry before fox combines the ideas into one clear sentence.,Combine by turning a short sentence into an adjective or phrase.,,
G5-writing-informative-001,5,Informative / Expository Writing,L.5.6,4,MULTIPLE_CHOICE,,"Choose the best transition: “Recycling saves resources. ____, it reduces the amount of trash in landfills.”",A) As a result | B) For instance | C) However | D) In addition,D,In addition adds another supporting point.,"Transitions: adding (also, in addition), contrast (however), example (for instance), result (as a result).",,
G5-writing-argument-001,5,Argumentative / Opinion Writing,W.5.1.c,5,MULTIPLE_CHOICE,,Which phrase BEST links a reason to the opinion in an essay?,A) This matters because | B) Once upon a time | C) In my bedroom | D) The end,A,Linking phrases such as “this matters because” or “consequently” connect reasons to opinions.,"W.5.1.c: link opinion and reasons with words, phrases, and clauses.",,
G5-writing-narrative-001,5,Narrative Writing,W.5.3.c,4,SENTENCE_ORDER,,Put the sentences in order to show a clear sequence in a narrative.,"At first, the cave seemed silent and empty. → Then a faint drip echoed from the darkness. → Moments later, my flashlight caught the glitter of an underground pool. → Finally, I understood where the sound had been coming from.",order as listed,"Transitions (At first, Then, Moments later, Finally) show the order of events.",W.5.3.c: use transitional words to manage the sequence of events.,,
G5-precise-language-001,5,"Precise Language, Style and Tone",W.5.3.d,5,MULTIPLE_CHOICE,,Which sentence uses the most concrete and sensory details?,A) It was raining a lot outside. | B) The cold rain stung my cheeks as I sprinted across the slippery bridge. | C) I didn't like the rain that day. | D) The weather was bad as I went across.,B,"Stung, sprinted, and slippery help readers feel and see the moment.","Show, don't tell: use verbs and details the reader can sense.",,
G5-writing-research-001,5,Research and Sources,W.5.8,6,MULTIPLE_CHOICE,,Which is the best way to take notes from a source without plagiarizing?,A) Change one word in each sentence. | B) Skip recording the source. | C) Write the key facts in your own words and record the source. | D) Copy every sentence exactly.,C,Paraphrasing and listing sources shows respect for others' work.,"Read, cover the text, and write what you remember in your own words.",,
G6-plot-events-001,6,Plot: Sequence of Events,RL.6.3,3,MULTIPLE_CHOICE,The Last Bus Home,What event sets the plot of “The Last Bus Home” in motion?,A) Yusuf's phone battery dies. | B) Mariam waits at the bakery. | C) Mrs. Qadri opens the door. | D) Yusuf misses the last bus after robotics club runs late.,D,Missing the 6:40 bus creates the problem that drives the rest of the story.,The inciting incident is the first event that creates the story's problem.,,
G6-character-001,6,Character Traits & Development,RL.6.3,5,MULTIPLE_CHOICE,The Last Bus Home,How does Yusuf respond to his problem during the walk home?,A) He rehearses excuses because he expects to be blamed. | B) He runs to catch the bus at the next stop. | C) He forgets about the problem completely. | D) He calls his mother every few minutes.,A,The italic lines (“It wasn't my fault…”) show him preparing to defend himself.,RL.6.3: notice how characters respond as the plot moves forward.,,
G6-character-002,6,Character Traits & Development,RL.6.3,6,MULTIPLE_CHOICE,The Last Bus Home,How does Yusuf change by the end of the story?,"A) He becomes angry at his mother for worrying. | B) He realizes his younger sister cares for him, not just the other way around. | C) He learns to always charge his phone. | D) He decides to quit the robotics club.",B,The last paragraph states his new understanding about Mariam.,Character change is often revealed in the final thoughts of the main character.,,
G6-point-of-view-001,6,Point of View and Perspective,RL.6.6,5,MULTIPLE_CHOICE,The Last Bus Home,The story is told in third person but follows only Yusuf's thoughts. How does this affect the reader?,"A) Readers learn about every character equally. | B) Readers know from the start that his family is not angry. | C) Readers share Yusuf's worry, so they are surprised along with him that no one is angry. | D) Readers understand Mariam's thoughts during the whole story.",C,A limited narrator lets readers discover the truth at the same moment as the character.,RL.6.6: ask how the narrator's point of view develops the story.,,
G6-theme-001,6,Theme,RL.6.2,5,MULTIPLE_CHOICE,The Last Bus Home,Which statement best expresses a theme of the story?,A) Robotics clubs should end earlier. | B) Phones should always be charged. | C) Bakeries are good places to wait. | D) People who care about us may be worried rather than angry when things go wrong.,D,"Yusuf prepares a defense, but discovers his family was only worried. That realization is the theme.","A theme is a universal statement, not a summary of the plot.",,
G6-figurative-language-001,6,"Figurative Language (Similes, Metaphors, Personification, Hyperbole)",RL.6.4,6,MULTIPLE_CHOICE,The Last Bus Home,“Yusuf felt the excuses dissolve.” What does the word dissolve suggest?,A) His prepared excuses disappeared because they were no longer needed. | B) He forgot how to speak. | C) He wrote his excuses on paper. | D) The cocoa melted his excuses.,A,"Like sugar in water, the excuses vanish once he sees no one is angry.","When a word is used figuratively, think about its literal meaning first, then apply it.",,
G6-text-evidence-001,6,Cite Text Evidence,RL.6.1,5,MULTI_SELECT,The Last Bus Home,Which TWO details best support the idea that Mariam knows her brother well?,A) “I told Mama you'd walk the bakery way.” | B) “You always do.” | C) “Your mother called every shop on this street.” | D) “She waved wildly.”,"A, B",Mariam predicted Yusuf's route because she knows his habits.,RL.6.1: choose evidence that directly supports the specific claim.,,
G6-plot-events-002,6,Plot: Sequence of Events,RL.6.5,4,SENTENCE_ORDER,The Last Bus Home,Order these events from “The Last Bus Home.”,The robotics club stays late. → Yusuf watches the bus pull away. → His phone dies after a quick message. → He rehearses excuses while walking. → He finds Mariam waiting at the bakery.,order as listed,The plot unfolds as a series of connected episodes from problem to resolution.,Each episode leads to the next; look for cause and effect.,,
G6-poetry-elements-001,6,"Poetry: Structure, Rhyme, Meter and Form",RL.6.5,5,MULTIPLE_CHOICE,Ladder,How does the second stanza contribute to the poem “Ladder”?,A) It describes how to build a ladder. | B) It explains that the different rungs stand for different years in the speaker's life. | C) It changes the topic to apple trees. | D) It introduces the grandfather for the first time.,B,"Stanza 2 links rung widths to specific years—an easy year, a hard year—developing the central metaphor.",RL.6.5: ask what each stanza adds to the whole poem.,,
G6-figurative-language-002,6,"Figurative Language (Similes, Metaphors, Personification, Hyperbole)",RL.6.4,6,MULTIPLE_CHOICE,Ladder,What does the ladder represent in the poem?,A) the storm that destroyed the tree | B) a tool the speaker needs to fix the house | C) the speaker's life and the grandfather's care that supports it | D) the speaker's fear of heights,C,"Each rung is “a year he gave to me,” so the ladder stands for years of the speaker's life shaped by the grandfather.",A symbol is an object that stands for a bigger idea.,,
G6-connotation-001,6,Connotation and Denotation,RL.6.4,5,MULTIPLE_CHOICE,Ladder,"In “the third rung, thin and narrow,” what feeling do the words thin and narrow create?",A) a sense of joy | B) a sense of boredom | C) a sense of anger | D) a sense of difficulty and weakness,D,"Thin and narrow connote fragility, matching “the winter I was sick and weak.”",Connotation = the feeling a word suggests beyond its dictionary meaning.,,
G6-author-claim-001,6,Author's Claim and Evidence,RI.6.8,3,MULTIPLE_CHOICE,Should Schools Switch to a Four-Day Week?,What is the author's central claim?,A) Schools should keep the five-day week until there is stronger evidence for a four-day week. | B) Four-day weeks save schools a lot of money. | C) Teachers should earn higher salaries. | D) Students need more rest on weekends.,A,The introduction and conclusion both state the claim.,The claim is the position the whole text argues for.,,
G6-author-claim-002,6,Author's Claim and Evidence,RI.6.8,5,MULTIPLE_CHOICE,Should Schools Switch to a Four-Day Week?,Which piece of evidence best supports the claim that a four-day week may hurt learning?,A) Families must find care for the fifth day. | B) Math scores grew more slowly in districts that switched to four days. | C) Supporters believe students need rest. | D) Districts save money on buses.,B,A study comparing math growth is direct evidence about learning.,Relevant evidence must connect directly to the specific claim.,,
G6-author-claim-003,6,Author's Claim and Evidence,RI.6.8,7,MULTIPLE_CHOICE,Should Schools Switch to a Four-Day Week?,Which claim in the text is NOT supported by reasons or evidence?,"A) Savings are usually small because salaries do not change. | B) Districts do save some money on buses and heating. | C) Everyone knows that students would rather stay home anyway, so a four-day week would only make them lazier. | D) Students' math scores grew more slowly.",C,“Everyone knows” is a sweeping generalization with no evidence; it weakens the argument.,"RI.6.8: distinguish supported claims from unsupported ones. Watch for “everyone,” “always,” and “never.”",,
G6-author-claim-004,6,Author's Claim and Evidence,RI.6.8,6,MULTIPLE_CHOICE,Should Schools Switch to a Four-Day Week?,How does the author treat the claim that a four-day week saves money?,"A) The author agrees it is the strongest reason. | B) The author ignores it completely. | C) The author says it costs more money. | D) The author admits there are some savings, then shows they are small.",D,This is a concession and rebuttal: “Districts do save some money … but … these savings are usually small.”,"Strong arguments acknowledge the other side, then respond with evidence.",,
G6-author-claim-005,6,Author's Claim and Evidence,RI.6.8,4,TRUE_FALSE,Should Schools Switch to a Four-Day Week?,True or false: The author's concluding paragraph restates the claim.,True | False,True,The final sentence repeats that schools should keep the five-day schedule.,Conclusions in arguments usually restate the claim.,,
G6-central-idea-001,6,Central Idea and Relevant Details,RI.6.2,4,MULTIPLE_CHOICE,Coral Reefs Under Pressure,What is the central idea of “Coral Reefs Under Pressure”?,"A) Coral reefs are vital to ocean life but are threatened by warming water, and scientists are working to protect them. | B) Coral polyps are tiny animals. | C) Algae make coral colorful. | D) Sea turtles eat reef plants.",A,"The text explains why reefs matter, the threat of bleaching, and scientists' responses.",RI.6.2: the central idea is developed across the whole text.,,
G6-summarize-001,6,Summarize,RI.6.2,5,MULTIPLE_CHOICE,Coral Reefs Under Pressure,Which is the best summary of paragraph 3?,"A) Coral is beautiful and white. | B) Warm water causes coral to expel its algae and turn white; if the heat lasts, the coral can die. | C) Coral reefs protect coastlines from storms. | D) Scientists grow coral in nurseries.",B,"A good summary keeps only the key ideas of the paragraph, without opinions.","Summaries are short, objective, and include only the most important points.",,
G6-cause-effect-001,6,Text Structure: Cause and Effect,RI.6.5,4,MULTIPLE_CHOICE,Coral Reefs Under Pressure,"According to the text, what causes coral bleaching?",A) Polyps produce too much food. | B) Storm waves break the coral. | C) Water that is too warm makes corals expel their algae. | D) Fish eat the algae.,C,“When ocean water becomes too warm … stressed corals expel their algae.”,Look for “when” and “as a result” to find causes.,,
G6-compare-contrast-001,6,Text Structure: Compare and Contrast,RI.6.5,6,MULTIPLE_CHOICE,Coral Reefs Under Pressure,How does paragraph 2 contribute to the development of ideas in the text?,A) It introduces the scientists' solutions. | B) It lists animals that live on reefs. | C) It argues that reefs cannot be saved. | D) It explains the coral–algae partnership so readers understand why bleaching is harmful.,D,"Without knowing the algae feed the coral, readers wouldn't see why losing them means starving.",RI.6.5: analyze how a paragraph fits into the overall structure.,,
G6-context-clues-001,6,Context Clues,L.6.4.a,5,MULTIPLE_CHOICE,Coral Reefs Under Pressure,"Bleached coral is “not dead, but it is starving.” What does expel mean in “stressed corals expel their algae”?",A) push out | B) protect | C) feed | D) grow,A,"Because the algae leave and the coral turns white and starves, expel must mean force out.",L.6.4.a: use the overall meaning of the paragraph as a clue.,,
G6-author-perspective-001,6,Author's Perspective,RI.6.6,6,MULTIPLE_CHOICE,Coral Reefs Under Pressure,What is the author's point of view about efforts to save reefs?,"A) The efforts are useless and should stop. | B) The efforts are helpful, but reefs need ocean temperatures to stop rising to fully recover. | C) The efforts have already saved all reefs. | D) Only nurseries matter.",B,The final sentence balances hope (“these efforts help”) with a limit (“only … if ocean temperatures stop rising”).,RI.6.6: words like but and only signal the author's view.,,
G6-greek-latin-roots-001,6,Greek and Latin Roots,L.6.4.b,4,MULTIPLE_CHOICE,,The Latin root aud means hear. Which word means “able to be heard”?,A) auditorium | B) audition | C) audible | D) audience,C,Aud (hear) + -ible (able to be) = audible.,L.6.4.b: Greek or Latin affixes and roots are clues to meaning.,,
G6-greek-latin-roots-002,6,Greek and Latin Roots,L.6.4.b,5,MULTIPLE_CHOICE,,Bio means life and logy means study of. What does a biologist study?,A) the past | B) rocks and minerals | C) stars and planets | D) living things,D,Bio (life) + logy (study) + -ist (person) = a person who studies life.,Split the word into parts and translate each one.,,
G6-greek-latin-roots-003,6,Greek and Latin Roots,L.6.4.b,6,MATCHING,,Match each word to its meaning using roots.,chronological = in time order | benefit = something good | transport = carry across | autograph = self-written signature,pairs as listed,"chron = time, bene = good, trans = across + port = carry, auto = self + graph = write.","Roots appear in many related words: chronic, beneficial, portable, automatic.",,
G6-reference-materials-001,6,"Dictionary, Glossary and Thesaurus",L.6.4.c,3,MULTIPLE_CHOICE,,Which part of a dictionary entry tells you how to say a word?,A) the pronunciation in parentheses or slashes | B) the example sentence | C) the guide words | D) the definition,A,Dictionaries show pronunciation with special symbols and stress marks.,L.6.4.c: consult reference materials for pronunciation and meaning.,,
G6-reference-materials-002,6,"Dictionary, Glossary and Thesaurus",L.6.4.c,4,MULTIPLE_CHOICE,,The guide words on a dictionary page are cobalt and coconut. Which word would be on that page?,A) coffee | B) cockpit | C) cozy | D) coast,B,Cockpit (co-c-k) comes after cobalt (co-b) and before coconut (co-c-o).,Compare letter by letter until the words differ.,,
G6-figurative-language-003,6,"Figurative Language (Similes, Metaphors, Personification, Hyperbole)",L.6.5.a,4,MULTIPLE_CHOICE,,“The wind whispered secrets through the trees.” What figure of speech is this?,A) hyperbole | B) simile | C) personification | D) alliteration,C,Whispering secrets is a human action given to the wind.,L.6.5.a: interpret figures of speech in context.,,
G6-figurative-language-004,6,"Figurative Language (Similes, Metaphors, Personification, Hyperbole)",L.6.5.a,5,MULTIPLE_CHOICE,,“I've told you a million times to close the door!” What does this hyperbole mean?,A) The speaker is happy. | B) The door is broken. | C) The speaker counted exactly a million reminders. | D) The speaker has said it many times and is frustrated.,D,Hyperbole exaggerates for emphasis.,Ask: is this exaggeration meant to show a feeling?,,
G6-synonyms-antonyms-001,6,Synonyms and Antonyms,L.6.5.b,4,MULTIPLE_CHOICE,,Which pair shows a PART-to-WHOLE relationship?,A) page : book | B) rain : flood | C) happy : joyful | D) hammer : tool,A,A page is one part of a whole book.,"L.6.5.b: relationships include cause/effect, part/whole, item/category.",,
G6-synonyms-antonyms-002,6,Synonyms and Antonyms,L.6.5.b,5,MATCHING,,Match each word pair to its relationship.,spark : fire = cause / effect | wheel : bicycle = part / whole | violin : instrument = item / category | ancient : modern = antonyms,pairs as listed,Identifying the relationship helps you understand both words.,"Make a sentence: “A spark CAUSES a fire,” “A wheel is PART OF a bicycle.”",,
G6-connotation-002,6,Connotation and Denotation,L.6.5.c,4,MULTIPLE_CHOICE,,Which word has the most POSITIVE connotation for describing someone who saves money?,A) cheap | B) thrifty | C) greedy | D) stingy,B,Thrifty suggests wisely careful with money.,Words with similar denotations can feel very different.,,
G6-connotation-003,6,Connotation and Denotation,L.6.5.c,6,MULTIPLE_CHOICE,,Which sentence makes the speaker sound most critical of the plan?,A) The committee's plan was announced on Monday. | B) The committee's proposal was announced on Monday. | C) The committee's scheme was announced on Monday. | D) The committee's strategy was announced on Monday.,C,Scheme connotes a sneaky or dishonest plan.,"Check how each word makes you feel, not just what it means.",,
G6-idioms-adages-001,6,"Idioms, Adages and Proverbs",L.6.5,4,MULTIPLE_CHOICE,,“Don't put all your eggs in one basket” advises you to —,A) buy more baskets | B) carry eggs carefully | C) eat eggs for breakfast | D) spread your risks instead of depending on one thing,D,"If the one basket falls, everything is lost.",Proverbs give general advice about life.,,
G6-homographs-homophones-001,6,Homographs and Homophones,L.6.4.a,5,MULTIPLE_CHOICE,,In which sentence does object mean “to disagree”?,A) I object to the new rule about phones. | B) The object of the game is to score. | C) That shiny object is a coin. | D) Place the object on the table.,A,OBject (noun) = thing or goal; obJECT (verb) = to disagree.,Homographs can change meaning AND stress.,,
G6-pronouns-001,6,Pronouns and Antecedents,L.6.1.a,3,MULTIPLE_CHOICE,,Choose the correct pronoun: “The coach gave the trophy to Laila and ____.”,A) myself | B) me | C) mine | D) I,B,"To is a preposition, so its object must be in the objective case: me.","L.6.1.a: subjective (I, he), objective (me, him), possessive (my, his).",,
G6-pronouns-002,6,Pronouns and Antecedents,L.6.1.a,5,MULTIPLE_CHOICE,,Which sentence uses pronoun case correctly?,A) She and me presented the science project. | B) Me and her presented the science project. | C) She and I presented the science project. | D) Her and me presented the science project.,C,"Both pronouns are subjects, so both must be subjective: she and I.",Test each pronoun alone: “She presented.” “I presented.”,,
G6-pronouns-003,6,Pronouns and Antecedents,L.6.1.b,4,MULTIPLE_CHOICE,,Which sentence uses an INTENSIVE pronoun?,A) The principal handed out the awards. | B) She handed out the awards. | C) The principal handed herself an award. | D) The principal herself handed out the awards.,D,An intensive pronoun emphasizes a noun and could be removed without changing the meaning.,"Remove the -self word: if the sentence still works, it's intensive.",,
G6-pronouns-004,6,Pronouns and Antecedents,L.6.1.c,5,MULTIPLE_CHOICE,,Which sentence has an inappropriate shift in pronoun person?,"A) When students study hard, you get better grades. | B) When I study hard, I get better grades. | C) When you study hard, you get better grades. | D) When students study hard, they get better grades.",A,The sentence shifts from students (third person) to you (second person).,L.6.1.c: keep pronoun number and person consistent.,,
G6-pronouns-005,6,Pronouns and Antecedents,L.6.1.d,6,MULTIPLE_CHOICE,,Which sentence has a VAGUE pronoun?,"A) Omar told Sami that Sami had won the contest. | B) Omar told Sami that he had won the contest. | C) Omar told Sami that Omar had won. | D) Omar told Sami, “You won the contest!”",B,"He could mean Omar or Sami, so the reader can't tell who won.",L.6.1.d: fix pronouns that could refer to more than one noun.,,
G6-pronouns-006,6,Pronouns and Antecedents,L.6.1.d,6,ERROR_CORRECTION,,Tap the part of the sentence that has an error.,"The teacher spoke to the students, | and they | were very proud of it.",segment 3 → were very proud of the results,“It” has no clear antecedent—proud of what? Replace it with a specific noun.,"If you can't point to the exact noun a pronoun replaces, rewrite it.",,
G6-verb-tenses-001,6,"Verb Tenses (Simple, Progressive, Perfect)",L.6.1,4,MULTIPLE_CHOICE,,Which sentence uses the past perfect tense correctly?,A) The game will have ended before we reached it. | B) The game ended before we had reach the stadium. | C) The game had ended before we reached the stadium. | D) The game has ended before we reached the stadium.,C,Past perfect (had ended) shows the earlier of two past actions.,Had + past participle = past perfect.,,
G6-irregular-verbs-001,6,Irregular Verbs,L.6.1,4,ERROR_CORRECTION,,Tap the part of the sentence that has an error.,She had | already wrote | three chapters | before lunch.,segment 2 → already written,"After had, use the past participle: write → wrote → written.","Irregular verbs have special past participles: go/gone, eat/eaten, write/written.",,
G6-fragments-run-ons-001,6,Fragments and Run-On Sentences,L.6.1,4,MULTIPLE_CHOICE,,Which is a run-on sentence?,"A) The library closes at six, so we need to hurry. | B) The library closes at six; we need to hurry. | C) Because the library closes at six. | D) The library closes at six we need to hurry.",D,Two independent clauses run together without punctuation.,"Fix with a period, semicolon, or comma + coordinating conjunction.",,
G6-nouns-001,6,"Nouns: Common, Proper, Concrete, Abstract, Collective",L.6.1,3,MULTIPLE_CHOICE,,Which word is a collective noun? “The team celebrated after the final whistle.”,A) team | B) celebrated | C) final | D) whistle,A,"A collective noun names a group as one unit: team, class, flock.",Collective nouns are usually singular: The team IS ready.,,
G6-plural-nouns-001,6,"Singular, Plural and Irregular Plural Nouns",L.6.1,4,MULTIPLE_CHOICE,,Which shows the correct plural possessive? “The ____ uniforms were washed.”,A) players's | B) players' | C) players | D) player's,B,"For plural nouns ending in s, add only an apostrophe: players'.",Singular: player's. Plural: players'.,,
G6-adjectives-001,6,"Adjectives, Articles and Order of Adjectives",L.6.1,3,MULTIPLE_CHOICE,,Which word is a demonstrative adjective? “Those shoes belong to my brother.”,A) shoes | B) belong | C) Those | D) my,C,"Those points to specific nouns (shoes); demonstratives are this, that, these, those.",Demonstrative adjectives come right before a noun.,,
G6-clauses-complex-001,6,Clauses and Complex Sentences,L.6.1,5,MULTIPLE_CHOICE,,Which sentence is complex?,"A) The storm knocked out power, and school was canceled. | B) Knocked out power during the storm. | C) The storm knocked out power. | D) Because the storm knocked out power, school was canceled.",D,A complex sentence has one independent clause and at least one dependent clause.,"Subordinating conjunctions (because, although, when) start dependent clauses.",,
G6-commas-001,6,Punctuation and Commas,L.6.2.a,5,MULTIPLE_CHOICE,,Which sentence correctly punctuates the nonrestrictive element?,"A) My cousin, who lives in Jeddah, is visiting next week. | B) My cousin, who lives in Jeddah is visiting next week. | C) My cousin who lives, in Jeddah, is visiting next week. | D) My cousin who lives in Jeddah, is visiting next week.",A,"The clause adds extra information, so it is set off with commas.","L.6.2.a: use commas, parentheses, or dashes for nonrestrictive elements.",,
G6-commas-002,6,Punctuation and Commas,L.6.2.a,6,MULTIPLE_CHOICE,,Which sentence uses dashes correctly to set off extra information?,A) The answer—which surprised everyone was zero. | B) The answer—which surprised everyone—was zero. | C) The—answer which surprised everyone—was zero. | D) The answer which—surprised everyone—was zero.,B,Pairs of dashes surround the interrupting element.,"Dashes, like commas, come in pairs around extra information in the middle of a sentence.",,
G6-commas-003,6,Punctuation and Commas,L.6.2.a,6,TRUE_FALSE,,"True or false: In “Students who finish early may read quietly,” the clause who finish early should be set off with commas.",True | False,False,The clause is restrictive—it tells WHICH students may read—so it does not take commas.,"If removing the clause changes the meaning, do not use commas.",,
G6-quotations-dialogue-001,6,Quotation Marks and Dialogue,L.6.2,4,MULTIPLE_CHOICE,,Which sentence is punctuated correctly?,"A) “I'll bring the map,” said Hana, “If you bring the snacks.” | B) “I'll bring the map, said Hana, if you bring the snacks.” | C) “I'll bring the map,” said Hana, “if you bring the snacks.” | D) “I'll bring the map” said Hana, “if you bring the snacks.”",C,"When a quotation is interrupted by a speaker tag, use commas and keep the second part lowercase.",Punctuation stays inside the quotation marks.,,
G6-spelling-001,6,Spelling Patterns,L.6.2.b,4,FILL_BLANK,,Spell the word correctly: The tour guide will ____ (accommodate) twenty visitors.,(typed),accommodate,Accommodate has two c's and two m's.,Memory trick: it accommodates two c's and two m's.,,
G6-sentences-001,6,Sentences and Sentence Types,L.6.3.a,5,MULTIPLE_CHOICE,,Which revision best varies the sentence pattern? Original: “The sun set. The sky turned orange. Birds flew home.”,"A) The sun set. The sky turned orange. The birds flew home. | B) Sun set. Sky orange. Birds home. | C) The sun set and the sky turned orange and birds flew home and it was evening. | D) As the sun set, the sky turned orange and birds flew home.",D,Combining with an introductory clause creates variety and flow.,"L.6.3.a: vary sentence patterns for meaning, interest, and style.",,
G6-precise-language-001,6,"Precise Language, Style and Tone",L.6.3.b,5,MULTIPLE_CHOICE,,Which sentence keeps a consistent formal style in a research report?,"A) The results indicate that students who sleep eight hours perform better on tests. | B) The results show that kids who sleep a ton do way better. | C) Sleep is awesome for tests, LOL. | D) So basically, sleep = good grades!",A,"Formal writing uses precise, neutral language.",L.6.3.b: maintain consistency in style and tone.,,
G6-writing-argument-001,6,Argumentative / Opinion Writing,W.6.1.b,5,MULTIPLE_CHOICE,,Which evidence is most credible to support the claim that exercise improves concentration?,A) My friend says running makes him smarter. | B) A university study found students focused longer after 20 minutes of activity. | C) Exercise is fun for most people. | D) An ad for sneakers says exercise boosts brain power.,B,Research from a reliable institution is credible and relevant.,W.6.1.b: use credible sources and relevant evidence.,,
G6-writing-argument-002,6,Argumentative / Opinion Writing,W.6.1.c,4,MULTIPLE_CHOICE,,Which transition best introduces a counterclaim?,"A) First of all, | B) In conclusion, | C) Some people argue that | D) For example,",C,Counterclaims present the other side before you respond to it.,W.6.1.c: use words and phrases to clarify relationships among claims and reasons.,,
G6-writing-informative-001,6,Informative / Expository Writing,W.6.2.c,4,MULTIPLE_CHOICE,,"Choose the best transition: “Coral reefs protect coastlines. ____, they provide homes for thousands of species.”",A) Consequently | B) Nevertheless | C) For instance | D) Furthermore,D,Furthermore adds another important idea.,W.6.2.c: use transitions to clarify relationships among ideas.,,
G6-writing-research-001,6,Research and Sources,W.6.8,6,MULTIPLE_CHOICE,,Which source would be most reliable for a report on coral bleaching?,A) a marine research institute's website | B) a fictional story about mermaids | C) an anonymous social media post | D) a travel company's beach advertisement,A,Research institutes have experts and publish evidence.,W.6.8: assess the credibility of each source.,,
G6-writing-narrative-001,6,Narrative Writing,W.6.3.c,5,SENTENCE_ORDER,,Order the sentences to signal shifts in time and setting in a narrative.,"That morning, the harbor was calm and gray. → By noon, dark clouds had gathered over the water. → Meanwhile, on the hill above town, my grandmother watched the sky. → Hours later, the storm finally passed.",order as listed,"Transitions (That morning, By noon, Meanwhile, Hours later) signal shifts in time and place.",W.6.3.c: use transitions to convey sequence and signal shifts.,,
G4-nouns-001,4,"Nouns: Common, Proper, Concrete, Abstract, Collective",L.4.1,1,MULTIPLE_CHOICE,,Which word is a noun? “The bird sang loudly.”,A) loudly | B) bird | C) sang,B,"A noun names a person, place, thing, or animal. Bird names an animal.",Ask: can I put “a” or “the” in front of it?,,
G4-sentences-001,4,Sentences and Sentence Types,L.4.1,1,MULTIPLE_CHOICE,,Which end mark belongs at the end of this question? “Where is my pencil”,"A) , | B) ? | C) ! | D) .",B,Questions end with a question mark.,"Questions often start with who, what, where, when, why, or how.",,
G4-capitalization-002,4,Capitalization,L.4.2.a,1,MULTIPLE_CHOICE,,Which name needs a capital letter?,A) river | B) country | C) egypt | D) city,C,"Egypt is the name of a specific place, so it is a proper noun.",Specific names of people and places get capital letters.,,
G4-synonyms-antonyms-003,4,Synonyms and Antonyms,L.4.5.c,1,MULTIPLE_CHOICE,,Which word means the opposite of hot?,A) sunny | B) big | C) warm | D) cold,D,Hot and cold are antonyms.,"Antonyms are opposites: up/down, fast/slow.",,
G4-plural-nouns-002,4,"Singular, Plural and Irregular Plural Nouns",L.4.1,2,MULTIPLE_CHOICE,,What is the plural of box?,A) boxes | B) boxies | C) box | D) boxs,A,"Nouns ending in s, x, z, ch, or sh add -es.","If you hear an extra syllable (box-es), add -es.",,
G4-figurative-language-006,4,"Figurative Language (Similes, Metaphors, Personification, Hyperbole)",RL.4.4,7,MULTIPLE_CHOICE,,"Read: “Grandpa's laugh was thunder rolling across the hills, and the children ran toward it like flowers turning to the sun.” Which statement best explains how the two comparisons work together?",A) Both comparisons describe the weather that day. | B) The metaphor shows Grandpa's laugh is big and powerful; the simile shows the children are drawn to its warmth. | C) Both comparisons show that the children are afraid of Grandpa. | D) The simile describes the laugh and the metaphor describes the hills.,B,"Thunder suggests a loud, booming laugh, while flowers turning to the sun suggests the children love being near it.","With two comparisons, explain what EACH one describes, then how they connect.",,
G4-author-claim-004,4,Author's Claim and Evidence,RI.4.8,7,MULTIPLE_CHOICE,,An article claims: “Our town should build bike lanes.” Which reason would be the WEAKEST support?,"A) A nearby town's bike lanes cut pollution by 10%. | B) More people would bike to work, reducing traffic. | C) Bikes come in many bright colors. | D) Bike lanes reduce accidents between cars and cyclists.",C,The color of bikes has nothing to do with whether lanes should be built.,Weak reasons are true but unrelated to the claim.,,
G4-context-clues-005,4,Context Clues,L.4.4.a,7,MULTIPLE_CHOICE,,"Read: “Mira's explanation was so lucid that even her little brother understood the science experiment on the first try.” What does lucid mean, and which clue shows it?",A) funny — “her little brother” | B) confusing — “science experiment” | C) long — “explanation” | D) clear — “even her little brother understood … on the first try”,D,"If a young child understood right away, the explanation must have been very clear.",Use the RESULT described in the sentence as your clue.,,
G4-theme-004,4,Theme,RL.4.2,6,MULTIPLE_CHOICE,,"A boy brags that he will win the race, skips practice, and loses to a quieter classmate who trained every day. Which theme fits best?",A) Hard work matters more than bragging. | B) Quiet people never win. | C) Races are unfair to fast runners. | D) Practice is boring.,A,"The events show that effort, not boasting, leads to success.",Themes come from what happens to characters because of their choices.,,
G4-subject-verb-agreement-002,4,Subject-Verb Agreement,L.4.1,6,ERROR_CORRECTION,,Tap the part of the sentence that has an error.,Each of the puppies | have | a blue collar.,segment 2 → has,"Each is singular, so the verb must be has, even though puppies is plural.","Words like each, every, and either are singular subjects.",,
G5-nouns-001,5,"Nouns: Common, Proper, Concrete, Abstract, Collective",L.5.1,1,MULTIPLE_CHOICE,,Which word is a proper noun?,A) market | B) Jeddah | C) beach | D) city,B,"Jeddah names a specific city, so it is proper and capitalized.","Proper nouns name specific people, places, or things.",,
G5-verbs-001,5,"Action, Main, Helping and Linking Verbs",L.5.1,1,MULTIPLE_CHOICE,,Which word is the verb in this sentence? “The happy children laughed.”,A) children | B) happy | C) laughed,C,Laughed tells what the children did.,Verbs show action or being.,,
G5-commas-005,5,Punctuation and Commas,L.5.2.a,2,MULTIPLE_CHOICE,,Which sentence needs commas?,A) We saw lions. | B) Lions roar. | C) We saw lions tigers and bears. | D) We saw lions and tigers.,C,"Three items in a series need commas: lions, tigers, and bears.",Count the items. Three or more? Use commas.,,
G5-prefixes-001,5,Prefixes,L.5.4.b,2,MULTIPLE_CHOICE,,What does unhappy mean?,A) happy again | B) happy before | C) very happy | D) not happy,D,The prefix un- means not.,"Cover the prefix, read the base word, then add the prefix meaning.",,
G5-spelling-003,5,Spelling Patterns,L.5.2.e,2,MULTIPLE_CHOICE,,Which word is spelled correctly?,A) friend | B) frind | C) freind | D) frend,A,Friend is spelled f-r-i-e-n-d.,Memory trick: a friend to the end.,,
G5-point-of-view-003,5,Point of View and Perspective,RL.5.6,7,MULTIPLE_CHOICE,,A story about a soccer final is told by the goalkeeper who let in the winning goal. How would the description of the final minute most likely change if the scorer narrated it?,A) It would describe the goalkeeper's thoughts in detail. | B) It would focus on excitement and pride instead of disappointment. | C) It would include no feelings at all. | D) It would describe exactly the same feelings.,B,A narrator's point of view shapes which feelings and details are emphasized.,RL.5.6: ask how the narrator's experience colors the events.,,
G5-central-idea-003,5,Central Idea and Relevant Details,RI.5.2,7,MULTIPLE_CHOICE,,"A text explains that honeybees pollinate crops, that bee numbers are falling, and that farmers are planting wildflower strips to help. Which statement best captures BOTH main ideas?","A) Honeybees make honey. | B) Wildflowers are pretty. | C) Bees are essential to farming, and people are acting to reverse their decline. | D) Farmers grow many crops.",C,"Grade 5 texts can have two main ideas: why bees matter, and how people help them.",Check that your summary statement covers every section.,,
G5-idioms-adages-003,5,"Idioms, Adages and Proverbs",L.5.5.b,6,MULTIPLE_CHOICE,,“The early bird catches the worm.” Which situation shows this proverb?,A) A bird ate a worm in the garden. | B) Omar slept late and missed the bus. | C) Lina likes birds more than worms. | D) Noura arrived first at the book sale and found the rarest book.,D,The proverb means people who act early get the best opportunities.,Match the proverb's lesson to a real-life example.,,
G5-clauses-complex-002,5,Clauses and Complex Sentences,L.5.1,6,MULTIPLE_CHOICE,,Which sentence correctly combines the ideas using a dependent clause? “It was raining. We played inside.”,"A) Because it was raining, we played inside. | B) It was raining because we played inside. | C) Because it was raining. | D) It was raining, we played inside.",A,Because it was raining is a dependent clause that explains why.,Put the cause in the because-clause.,,
G5-pronoun-homophones-001,5,"Pronouns, Contractions and Homophones",L.5.1,6,ERROR_CORRECTION,,Tap the part of the sentence that has an error.,The students forgot | there | notebooks in the library.,segment 2 → their,Their shows ownership (the students' notebooks); there tells where.,their = belongs to them; there = place; they're = they are.,,
G6-nouns-002,6,"Nouns: Common, Proper, Concrete, Abstract, Collective",L.6.1,1,MULTIPLE_CHOICE,,Which word is a common noun?,A) Dammam | B) teacher | C) Ms. Amal | D) Friday,B,"Teacher names a general person, not a specific one.",Common nouns are not capitalized unless they start a sentence.,,
G6-sentences-002,6,Sentences and Sentence Types,L.6.1,1,MULTIPLE_CHOICE,,What kind of sentence is this? “Please close the window.”,A) declarative (a statement) | B) exclamatory (strong feeling) | C) imperative (a command) | D) interrogative (a question),C,Imperative sentences give commands or requests.,Declarative . | Interrogative ? | Exclamatory ! | Imperative (command).,,
G6-synonyms-antonyms-003,6,Synonyms and Antonyms,L.6.5.b,2,MULTIPLE_CHOICE,,Which word is a synonym for begin?,A) pause | B) finish | C) forget | D) start,D,Begin and start mean the same thing.,"Swap the words in a sentence: if the meaning stays, they're synonyms.",,
G6-adjectives-002,6,"Adjectives, Articles and Order of Adjectives",L.6.1,2,MULTIPLE_CHOICE,,Which word is an adjective? “A tall building shone brightly.”,A) tall | B) building | C) shone | D) brightly,A,Tall describes what kind of building.,Adjectives answer: what kind? which one? how many?,,
G6-precise-language-002,6,"Precise Language, Style and Tone",L.6.3.b,2,MULTIPLE_CHOICE,,Which word is more formal than kids?,A) folks | B) children | C) guys | D) buddies,B,"Children is the formal, standard word.",Use formal words in reports and essays.,,
G6-author-claim-006,6,Author's Claim and Evidence,RI.6.8,7,MULTIPLE_CHOICE,,Which claim would require the strongest evidence to be convincing?,A) Many teachers assign reading homework. | B) Some students prefer homework on weekends. | C) Homework has no effect on student learning at any grade level. | D) Homework can help students practise skills.,C,"Absolute claims (“no effect,” “any grade”) need broad, strong evidence because one counterexample can disprove them.","The bigger the claim, the stronger the evidence it needs.",,
G6-theme-002,6,Theme,RL.6.2,7,MULTIPLE_CHOICE,,"In a story, a girl lies to protect her friend; the lie grows, the friendship nearly breaks, and she finally confesses. The friend forgives her. Which theme is developed MOST fully?","A) Protecting friends is more important than anything. | B) Friends should never forgive each other. | C) Lying always works out in the end. | D) Honesty, even when difficult, is necessary for trust between friends.",D,"The plot moves from a lie, to consequences, to a confession that restores trust.",RL.6.2: track how the theme develops through particular details.,,
G6-connotation-004,6,Connotation and Denotation,L.6.5.c,7,MULTIPLE_CHOICE,,A writer wants readers to admire a character who rarely gives up. Which word should the writer choose?,A) determined | B) inflexible | C) stubborn | D) pigheaded,A,Determined has a positive connotation for not giving up.,Choose words whose feeling matches your purpose.,,
G6-pronouns-007,6,Pronouns and Antecedents,L.6.1.a,6,ERROR_CORRECTION,,Tap the part of the sentence that has an error.,"Between you and | I, | the test was easy.","segment 2 → me,","Between is a preposition, so it takes the objective case: between you and me.","After prepositions (between, for, with, to), use me, him, her, us, them.",,
G6-commas-004,6,Punctuation and Commas,L.6.2.a,7,MULTIPLE_CHOICE,,Which sentence correctly uses parentheses to set off nonessential information?,"A) The museum open (since 1985) attracts, thousands of visitors. | B) The museum (open since 1985) attracts thousands of visitors. | C) The museum (open since 1985 attracts) thousands of visitors. | D) The (museum open since 1985) attracts thousands of visitors.",B,Parentheses go around extra information that could be removed without breaking the sentence.,Read the sentence without the parentheses—it should still make sense.,,
G4-plot-conflict-001,4,Plot: Conflict and Resolution,RL.4.3,2,MULTIPLE_CHOICE,The Stick Bridge,What is the main problem in “The Stick Bridge”?,A) Maya’s bridge breaks before the contest. | B) The class cannot find a dictionary. | C) Omar does not want to help Maya. | D) Maya cannot find any craft sticks.,A,"When the bridge snaps at twelve seconds, Maya says, “It’s ruined.” That is the story’s problem.",The conflict is the problem a character must solve. Look for the moment things go wrong.,,
G4-plot-conflict-002,4,Plot: Conflict and Resolution,RL.4.3,3,MULTIPLE_CHOICE,The Stick Bridge,How is the problem in “The Stick Bridge” solved?,A) Omar builds a different bridge by himself. | B) Maya and Omar replace the weak stick and add triangles. | C) The teacher lets Maya skip the contest. | D) Maya buys a new bridge kit from a store.,B,"The story says they “replaced the weak stick and glued small triangles along both sides,” and the bridge holds.",The resolution is how the problem is solved. Look near the end of the story.,,
G4-plot-conflict-003,4,Plot: Conflict and Resolution,RL.4.3,2,TRUE_FALSE,The Stick Bridge,"In “The Stick Bridge,” the problem is solved before the contest begins.",True | False,True,"They fix the bridge “that night,” and on Thursday it holds the dictionary for sixty seconds.",Check when the fix happens compared with when the contest happens.,,
G4-plot-conflict-004,4,Plot: Conflict and Resolution,RL.4.3,4,MULTIPLE_CHOICE,The Stick Bridge,"Why does Maya say, “I don’t have time to start over”?",A) Omar has hidden the craft sticks. | B) She has already finished her homework. | C) The contest is only two days away. | D) She has to go to bed right away.,C,"The bridge breaks on Tuesday night and the contest is on Thursday, so there is little time.",Use details about time and days to explain a character’s words.,,
G4-plot-conflict-005,4,Plot: Conflict and Resolution,RL.4.3,4,SENTENCE_ORDER,The Stick Bridge,Put the events of “The Stick Bridge” in order.,Omar finds a cracked stick. → The bridge snaps during a test. → Omar shows a picture of triangles. → The bridge holds the dictionary for sixty seconds.,order as listed,"The crack comes first, then the break, then the idea, and finally the success at the contest.","Problem, attempts to solve it, and resolution usually happen in that order.",,
G4-plot-conflict-006,4,Plot: Conflict and Resolution,RL.4.3,5,MULTIPLE_CHOICE,The Stick Bridge,How does solving the problem change Maya?,A) She decides to build bridges only by herself. | B) She decides never to enter a contest again. | C) She decides that triangles are too hard to make. | D) She decides to listen more carefully to her brother.,D,"Her last words are, “Next time, I’ll listen when you find a crack.”",A character’s last words often show what they learned from the conflict.,,
G4-plot-foreshadowing-001,4,Plot: Foreshadowing,RL.4.5,3,MULTIPLE_CHOICE,The Stick Bridge,Which detail early in the story hints that the bridge will break?,A) Omar finds a stick with a crack. | B) Maya spreads forty sticks on the table. | C) Maya reads the rules. | D) The contest is on Thursday.,A,"The cracked stick is the piece that later snaps, so the author hinted at the problem early.",Foreshadowing is a clue that hints at what will happen later.,,
G4-plot-foreshadowing-002,4,Plot: Foreshadowing,RL.4.5,2,TRUE_FALSE,The Stick Bridge,"In “The Stick Bridge,” the cracked stick is a clue about what happens later.",True | False,True,"Omar points out the crack, and later “It was the cracked stick” that broke.",Notice details the author repeats later in the story.,,
G4-plot-foreshadowing-003,4,Plot: Foreshadowing,RL.4.5,4,MULTIPLE_CHOICE,The Stick Bridge,Why does the author show Maya tossing the cracked stick into the pile “without looking”?,"A) To show that Omar is wrong about the crack. | B) To show she is not paying attention, which leads to the problem. | C) To show that the contest is easy. | D) To show she is very careful with her work.",B,"Her careless choice puts the weak stick in the bridge, and the bridge breaks because of it.",Ask why the author included a small action. It often matters later.,,
G4-plot-foreshadowing-004,4,Plot: Foreshadowing,RL.4.5,5,MULTIPLE_CHOICE,The Stick Bridge,Which sentence from the story is foreshadowing?,"A) Maya grinned at Omar. | B) Sixty seconds passed. | C) “This one has a crack,” he said. | D) The bridge did not even wobble.",C,Omar’s warning comes early and points to the break that happens later.,Foreshadowing appears before the event it hints at.,,
G4-plot-foreshadowing-005,4,Plot: Foreshadowing,RL.4.5,4,MULTIPLE_CHOICE,The Pearl Diver’s Daughter,"In “The Pearl Diver’s Daughter,” Noura says she will count the stars “every night until you come home.” What does this suggest?",A) Noura is learning about astronomy. | B) Her father will return the same night. | C) Noura is afraid of the dark. | D) Her father will be gone for a long time.,D,Counting stars every night hints at many nights of waiting during a long season.,A character’s promise can hint at what lies ahead.,,
G4-plot-foreshadowing-006,4,Plot: Foreshadowing,RL.4.5,6,MULTIPLE_CHOICE,,"An author writes: “The sky was clear, but the old fisherman kept looking at a small dark cloud in the west.” What is this most likely foreshadowing?",A) A storm may come later in the story. | B) The fisherman will catch many fish. | C) The fisherman will move to the west. | D) The story will end at sunrise.,A,"A clear sky with one worrying cloud, and a character who keeps watching it, hints at bad weather ahead.","When a character keeps noticing something, the author may be preparing you for it.",,
G4-make-predictions-001,4,Make Predictions,RL.4.1,2,MULTIPLE_CHOICE,The Stick Bridge,"After Omar shows the picture of triangles, what will Maya and Omar most likely do?",A) Build a tower instead of a bridge. | B) Use triangles to make the bridge stronger. | C) Start reading the math book. | D) Give up on the contest.,B,Omar says they need “stronger shapes” and shows a bridge made of triangles.,Use what a character says and shows to predict what happens next.,,
G4-make-predictions-002,4,Make Predictions,RL.4.1,3,MULTIPLE_CHOICE,The Stick Bridge,"Based on the ending of “The Stick Bridge,” what will Maya most likely do in her next project?",A) Use only broken sticks. | B) Work without anyone’s help. | C) Check her materials and listen to Omar’s warnings. | D) Skip reading the rules.,C,"She says, “Next time, I’ll listen when you find a crack.”",Predictions should match what a character has learned.,,
G4-make-predictions-003,4,Make Predictions,RL.4.1,2,TRUE_FALSE,The Pearl Diver’s Daughter,"At the end of “The Pearl Diver’s Daughter,” it makes sense to predict that Noura will keep the white shell safe.",True | False,True,"Her father asks her to keep it, and she holds it to her ear as he leaves.",A good prediction is supported by details in the text.,,
G4-make-predictions-004,4,Make Predictions,RL.4.1,4,MULTIPLE_CHOICE,The Pearl Diver’s Daughter,Which detail BEST supports the prediction that Noura will miss her father?,A) The dhows rocked in the harbor. | B) She had been five years old. | C) The summer sun was already hot. | D) She is “afraid of the empty months without him.”,D,Her fear of the empty months shows she will miss him while he is gone.,Choose the detail that connects most directly to the prediction.,,
G4-make-predictions-005,4,Make Predictions,RL.4.1,5,MULTIPLE_CHOICE,,Read: “Sami studied his spelling words every night and asked his sister to quiz him.” What is the BEST prediction?,A) Sami will probably do well on his spelling test. | B) Sami will forget his spelling words. | C) Sami will stop studying tomorrow. | D) Sami’s sister will take the test for him.,A,Studying every night and practicing with a partner usually lead to success.,Combine text clues with what you already know to make a prediction.,,
G4-make-predictions-006,4,Make Predictions,RL.4.1,6,MULTI_SELECT,The Stick Bridge,Which TWO details help you predict that the bridge will hold at the contest?,A) They glued triangles along both sides. | B) The contest was on Thursday. | C) Maya’s face felt hot. | D) They replaced the weak stick.,"A, D",Removing the weak stick and adding triangles both make the bridge stronger.,Look for details that show a problem has been fixed.,,
G4-plot-setting-001,4,Plot: Setting,RL.4.3,2,MULTIPLE_CHOICE,The Pearl Diver’s Daughter,When does “The Pearl Diver’s Daughter” take place?,A) At night during a storm | B) In the summer of 1932 | C) In the present day | D) In the winter of 1932,B,The first paragraph names the season (summer) and the year (1932).,"Setting includes when a story happens. Look for years, seasons and times of day.",,
G4-plot-setting-002,4,Plot: Setting,RL.4.3,2,MULTIPLE_CHOICE,The Pearl Diver’s Daughter,Where does “The Pearl Diver’s Daughter” take place?,A) In a busy city far from the sea | B) On a mountain farm | C) At the shore of a small town on the Gulf | D) Inside a school classroom,C,"The story mentions the shore, the harbor and dhows in “her small town on the Gulf.”",Setting includes where a story happens. Look for places and objects.,,
G4-plot-setting-003,4,Plot: Setting,RL.4.3,4,MULTIPLE_CHOICE,The Pearl Diver’s Daughter,Why is the setting important to the problem in this story?,"A) The hot sun makes Noura sick. | B) The town has no market for dates. | C) The harbor is too small for the dhows. | D) Pearling happens at sea, so Noura’s father must leave for months.",D,"Because the story takes place in a pearling town in summer, her father must sail away for the season.",Ask how the time and place cause or shape the characters’ problems.,,
G4-plot-setting-004,4,Plot: Setting,RL.4.3,3,TRUE_FALSE,The Pearl Diver’s Daughter,The word “dhows” helps show that the story is set in a place where people sail on the sea.,True | False,True,"Dhows are wooden sailing boats, so the word shows that the setting is a seaside town.",Special objects in a story are clues to its setting.,,
G4-plot-setting-005,4,Plot: Setting,RL.4.3,5,MULTIPLE_CHOICE,The Pearl Diver’s Daughter,How would the story be different if it were set in a desert town far from the sea?,A) Noura’s father could not go pearling from that town. | B) Noura would be five years old. | C) Noura would not have a father. | D) The story would happen in the year 2032.,A,"Pearling needs the sea, so the whole event of the story depends on the seaside setting.","Imagine changing the setting. If the events no longer work, the setting is important.",,
G4-plot-setting-006,4,Plot: Setting,RL.4.3,6,MULTIPLE_CHOICE,The Pearl Diver’s Daughter,Which detail shows that the story takes place in the past?,A) Noura has a father. | B) The town’s boats are wooden dhows with sails. | C) Noura packed some dates. | D) The sun is hot.,B,"Wooden sailing dhows used for a pearling season, together with the year 1932, show a time long ago.",Look for objects or ways of life that belong to a particular time.,,
G4-plot-flashback-001,4,Plot: Flashback,RL.4.5,3,MULTIPLE_CHOICE,The Pearl Diver’s Daughter,Which part of “The Pearl Diver’s Daughter” is a flashback?,A) Noura packs a bag of dates. | B) Her father gives her a white shell. | C) Noura remembers being five and crying at the waves. | D) The dhow’s sail fills with wind.,C,The story jumps back to when “She had been five years old.” That is a flashback.,A flashback interrupts the story to show something that happened earlier.,,
G4-plot-flashback-002,4,Plot: Flashback,RL.4.5,2,TRUE_FALSE,,A flashback tells about events that happened before the main story.,True | False,True,A flashback goes back in time to an earlier event.,Flash = quick; back = to the past.,,
G4-plot-flashback-003,4,Plot: Flashback,RL.4.5,4,MULTIPLE_CHOICE,The Pearl Diver’s Daughter,Which words signal that the story is moving back in time?,"A) “The dhow’s sail filled with wind.” | B) “Keep this,” he said. | C) “Now Noura was ten.” | D) “She had been five years old.”",D,“Had been” and the younger age show that we are hearing about an earlier time.,"Words like “had,” “remembered” and earlier ages signal a flashback.",,
G4-plot-flashback-004,4,Plot: Flashback,RL.4.5,5,MULTIPLE_CHOICE,The Pearl Diver’s Daughter,Why does the author include the flashback?,A) To show that Noura once feared the sea but now fears missing her father. | B) To describe the market in the town. | C) To explain how pearls are made. | D) To show that her father is a good swimmer.,A,The memory contrasts her old fear of the waves with her new fear of the months without her father.,Ask what the flashback helps you understand about a character now.,,
G4-plot-flashback-005,4,Plot: Flashback,RL.4.5,4,MULTIPLE_CHOICE,The Pearl Diver’s Daughter,What brings the story back to the present after the flashback?,"A) “From up there, the sea had looked like a sheet of blue glass.” | B) “Now Noura was ten, and she was not afraid of the sea.” | C) “She had stopped being afraid.” | D) “The waves had frightened her.”",B,The word “Now” and her present age (ten) return the reader to the day of the story.,Look for words like “now” and “today” after a flashback.,,
G4-plot-flashback-006,4,Plot: Flashback,RL.4.5,6,SENTENCE_ORDER,The Pearl Diver’s Daughter,Put these events in the order they really happened in Noura’s life (not the order in which they are told).,Noura cries at the waves when she is five. → Her father lifts her onto his shoulders. → Ten-year-old Noura walks to the shore. → Her father sails away on the dhow.,order as listed,The flashback events happened five years before the day the father sails.,"A flashback is told later but happened earlier. Arrange events by time, not by page.",,
G4-character-perspective-001,4,Character Perspective,RL.4.6,3,MULTIPLE_CHOICE,The Pearl Diver’s Daughter,How does Noura feel about her father leaving?,A) Angry because he forgot her dates | B) Excited because she wants to go pearling | C) Sad and worried about the months without him | D) Afraid of the waves on the shore,C,She is “afraid of the empty months without him” and promises to count stars until he returns.,A character’s perspective is how that character thinks and feels about events.,,
G4-character-perspective-002,4,Character Perspective,RL.4.6,4,MULTIPLE_CHOICE,The Stick Bridge,How is Maya’s point of view different from Omar’s right after the bridge breaks?,A) Maya thinks it can be fixed; Omar wants to quit. | B) Both think the contest is not important. | C) Both think the bridge is ruined. | D) Maya thinks the bridge is ruined; Omar thinks it can be fixed.,D,"Maya says, “It’s ruined.” Omar says, “Maybe we just need stronger shapes.”",Compare what two characters say about the same event.,,
G4-character-perspective-003,4,Character Perspective,RL.4.6,2,TRUE_FALSE,The Stick Bridge,"In “The Stick Bridge,” Maya and Omar react the same way when the bridge breaks.",True | False,False,"Maya is upset and wants to give up, while Omar calmly suggests a solution.",Read each character’s words carefully to find their point of view.,,
G4-character-perspective-004,4,Character Perspective,RL.4.6,5,MULTIPLE_CHOICE,The Pearl Diver’s Daughter,How does Noura’s father seem to feel about leaving?,"A) Calm and caring, wanting to comfort Noura | B) Angry that Noura came to the shore | C) Uninterested in saying goodbye | D) Frightened of the sea",A,"He kneels, takes her hand, smiles and gives her a shell so she will feel close to him.",Actions can show a character’s feelings even when the character does not name them.,,
G4-character-perspective-005,4,Character Perspective,RL.4.6,5,MULTIPLE_CHOICE,,"Read: “Everyone cheered when the rain began, but Faisal stared at the soggy football field and sighed.” What is Faisal’s perspective?",A) He is excited to play in the mud. | B) He is disappointed because the rain may stop his game. | C) He is afraid of thunder. | D) He is happy about the rain like everyone else.,B,"While others cheer, Faisal stares at the field and sighs, showing a different feeling.","When a character reacts differently from others, the author is showing a different point of view.",,
G4-character-perspective-006,4,Character Perspective,RL.4.6,6,MULTIPLE_CHOICE,The Stick Bridge,The story is told from the outside (third person). How would the ending change if Omar told it?,A) Maya would no longer be in the story. | B) The bridge would break at the contest. | C) We would hear Omar’s own thoughts about helping his sister. | D) We would learn the name of Maya’s teacher.,C,"A first-person narrator shares his own thoughts and feelings, so we would know how Omar felt.",Point of view decides whose thoughts the reader can hear.,,
G4-visualize-001,4,Visualize,RL.4.7,2,MULTIPLE_CHOICE,The Stick Bridge,Which words help you picture the bridge breaking?,A) “the class bridge contest” | B) “forty craft sticks” | C) “Next time” | D) “a sharp snap” and “sagged down to the table”,D,The sound of a snap and the image of the middle sagging help you see and hear the break.,"To visualize, look for words that appeal to your senses.",,
G4-visualize-002,4,Visualize,RL.4.7,3,MULTIPLE_CHOICE,The Pearl Diver’s Daughter,"In the flashback, the sea “looked like a sheet of blue glass.” What should you picture?","A) A calm, smooth, shining sea | B) A sea full of big crashing waves | C) A dark, stormy sea | D) A broken window",A,"A sheet of glass is flat and shiny, so the sea looked calm and smooth.",Comparisons help you build a picture in your mind.,,
G4-visualize-003,4,Visualize,RL.4.7,3,MULTIPLE_CHOICE,The Pearl Diver’s Daughter,"At the end, the boat becomes “only a speck on the bright water.” What does this help you see?",A) The boat is very large. | B) The boat is very far away. | C) The water is dark and dirty. | D) The boat is sinking.,B,"A speck is a tiny dot, so the boat has sailed so far that it looks tiny.",Think about how things look smaller when they are far away.,,
G4-visualize-004,4,Visualize,RL.4.7,2,TRUE_FALSE,Rain on the Roof,"In “Rain on the Roof,” the words “splashing puddles on the grass” help you picture the rain.",True | False,True,You can see and hear the water splashing into puddles.,Words that show action and sound help you visualize.,,
G4-visualize-005,4,Visualize,RL.4.7,4,MULTIPLE_CHOICE,Rain on the Roof,Which line from “Rain on the Roof” helps you HEAR the rain?,"A) “Slow and low, the gray clouds go” | B) “rolling over the road below” | C) “tapping tin roofs with tiny pins” | D) “Then the sun slides out to say”",C,"Tapping on tin makes a sound, so this line helps you hear the rain.","Visualizing uses all your senses: sight, sound, touch, smell and taste.",,
G4-visualize-006,4,Visualize,RL.4.7,5,MULTIPLE_CHOICE,Rain on the Roof,What picture do the last two lines of the poem create?,A) Silver coins fall from the sky. | B) The night sky fills with stars. | C) A thunderstorm starts. | D) The rain stops and the sunshine returns.,D,"The sun “slides out” and tells the showers to “slip away,” so the rain ends.","Picture what the words describe, not their literal meaning.",,
G4-description-001,4,Text Structure: Description,RI.4.5,3,MULTIPLE_CHOICE,How Honeybees Share Directions,How is most of “How Honeybees Share Directions” organized?,A) It describes how bees use dances to share information. | B) It tells events in time order from one bee’s life. | C) It compares bees with ants. | D) It explains a problem and its solution.,A,The article gives details about what the waggle dance and round dance are and what they show.,A description structure gives details and features about one topic.,,
G4-description-002,4,Text Structure: Description,RI.4.5,4,MULTIPLE_CHOICE,How Honeybees Share Directions,Which detail describes the waggle dance?,A) Bees need food to survive. | B) The bee walks in a straight line while shaking her body. | C) Bees live in colonies. | D) Scientists watched hives with glass walls.,B,The second paragraph tells exactly what the dance looks like.,Descriptive details tell what something looks like or how it works.,,
G4-description-003,4,Text Structure: Description,RI.4.5,2,TRUE_FALSE,,A text with a description structure gives many details about one topic.,True | False,True,"Description gives features, characteristics and examples of a topic.","Signal words for description include “for example,” “such as” and “looks like.”",,
G4-description-004,4,Text Structure: Description,RI.4.5,5,MULTIPLE_CHOICE,How Honeybees Share Directions,What does the round dance tell other bees?,A) It is time to sleep. | B) The food is very far away. | C) The food is very close to the hive. | D) The hive is in danger.,C,The article says the round dance is used when flowers “are very close to the hive.”,Find the paragraph that describes the round dance.,,
G4-description-005,4,Text Structure: Description,RI.4.5,4,MATCHING,How Honeybees Share Directions,Match each bee movement with what it tells other bees.,Direction of the straight line = Which way to fly | Length of the waggle = How far away the food is | Small circles (round dance) = The food is nearby,pairs as listed,The article describes what each part of the dances means.,"In a description, each detail explains one feature of the topic.",,
G4-description-006,4,Text Structure: Description,RI.4.5,6,MULTIPLE_CHOICE,How Honeybees Share Directions,Why did the author describe the dances in so much detail?,A) To explain how to build a beehive. | B) To convince readers to buy honey. | C) To tell a story about one famous bee. | D) To help readers understand how bees communicate without words.,D,The details explain how direction and distance are shared through movement.,Authors use description to help readers picture and understand a topic.,,
G4-summarize-001,4,Summarize,RI.4.2,3,MULTIPLE_CHOICE,The Dripping Taps,Which is the BEST summary of “The Dripping Taps”?,"A) Students found that taps wasted water, got them fixed, and helped the school save water. | B) Students like making bright signs. | C) A cup was placed under a tap for one hour. | D) Mrs. Hassan is the principal of Al-Noor Elementary.",A,A summary tells the most important ideas from beginning to end in a few words.,"Include the main problem, the key actions and the result. Leave out small details.",,
G4-summarize-002,4,Summarize,RI.4.2,4,MULTIPLE_CHOICE,Baking Bread in a Clay Oven,Which detail is LEAST important to include in a summary of “Baking Bread in a Clay Oven”?,A) The bread is baked on the hot wall of the oven. | B) The baker uses a padded cushion. | C) The oven is heated with a fire. | D) The dough must rise before baking.,B,"The cushion is a small detail; the main steps are mixing, rising, heating, shaping and baking.",Summaries keep main ideas and drop small details.,,
G4-summarize-003,4,Summarize,RI.4.2,2,TRUE_FALSE,,A good summary includes your own opinion about the text.,True | False,False,"A summary retells the important ideas in your own words, without adding opinions.","Summaries are short, accurate and objective.",,
G4-summarize-004,4,Summarize,RL.4.2,4,MULTIPLE_CHOICE,The Stick Bridge,Which sentence BEST summarizes “The Stick Bridge”?,"A) Maya has forty craft sticks and a dictionary. | B) Omar likes math books with pictures. | C) When Maya’s bridge breaks, she and Omar fix it with triangles, and it holds at the contest. | D) The bridge contest happens every year.",C,"This sentence includes the problem, the solution and the result.","A story summary includes the main character, the problem and how it is solved.",,
G4-summarize-005,4,Summarize,RI.4.2,5,SENTENCE_ORDER,How Honeybees Share Directions,Put these sentences in order to make a summary of “How Honeybees Share Directions.”,Bees that find food return to the hive. → They dance to show other bees where the food is. → A waggle dance shows direction and distance; a round dance shows food is close. → Scientists learned this by watching hives with glass walls.,order as listed,These sentences follow the article from finding food to how scientists learned about the dances.,A summary follows the order of the main ideas in the text.,,
G4-summarize-006,4,Summarize,RI.4.2,6,MULTIPLE_CHOICE,The Dripping Taps,"A student wrote: “The fourth graders measured, wrote, fixed, signed, checked and saved.” What is wrong with this summary?",A) It is too long. | B) It uses words from the text. | C) It includes the student’s opinion. | D) It lists actions but does not explain the problem or why it mattered.,D,"A useful summary explains the main problem (wasted water) and the result (saving water), not just a list of verbs.",Check that a summary would make sense to someone who has not read the text.,,
G4-ask-answer-questions-001,4,Ask and Answer Questions,RI.4.1,2,MULTIPLE_CHOICE,How Honeybees Share Directions,Which question is answered in the third paragraph of “How Honeybees Share Directions”?,A) How do bees show how far away the food is? | B) What color are honeybees? | C) How do beekeepers collect honey? | D) Why do bees live in colonies?,A,The third paragraph says the length of the waggle shows how far away the flowers are.,Match the question to the paragraph that gives the answer.,,
G4-ask-answer-questions-002,4,Ask and Answer Questions,RI.4.1,3,MULTIPLE_CHOICE,The Dripping Taps,Which question can you answer using “The Dripping Taps”?,A) What is the principal’s favorite subject? | B) What did the class do first to solve the problem? | C) How much did the plumber charge? | D) How many students go to Al-Noor Elementary?,B,"The text says, “First, the students wrote a letter to the principal.”","Good readers ask questions the text can answer, and find the evidence.",,
G4-ask-answer-questions-003,4,Ask and Answer Questions,RI.4.1,3,TRUE_FALSE,The Dripping Taps,“The Dripping Taps” tells how full the cup was after one hour.,True | False,True,"The text says that “By the end of the hour, the cup was almost full.”",Find the exact sentence that answers the question.,,
G4-ask-answer-questions-004,4,Ask and Answer Questions,RI.4.1,4,MULTIPLE_CHOICE,How Honeybees Share Directions,"A reader asks, “How did scientists learn about the bee dances?” Which sentence answers this question?",A) A longer waggle means the food is farther away. | B) She moves in small circles. | C) Scientists learned about these dances by watching bees in hives with glass walls. | D) Honeybees live and work together in large groups called colonies.,C,This sentence directly names how scientists studied the bees.,"Use key words from the question (scientists, learn) to find the answer.",,
G4-ask-answer-questions-005,4,Ask and Answer Questions,RI.4.1,5,MULTIPLE_CHOICE,Baking Bread in a Clay Oven,Which question would be the MOST useful to ask before reading “Baking Bread in a Clay Oven”?,A) Who wrote this article? | B) Is the oven red? | C) Do I like bread? | D) What steps are needed to bake bread in a clay oven?,D,"The title tells you the article explains a process, so asking about the steps guides your reading.",Use the title and headings to ask questions that guide your reading.,,
G4-ask-answer-questions-006,4,Ask and Answer Questions,RI.4.1,6,MULTIPLE_CHOICE,Keeping Bees in the Mountains,Which question CANNOT be answered from “Keeping Bees in the Mountains”?,A) How many beekeepers live in the mountains? | B) Where is the honey sold? | C) Why do beekeepers use smoke? | D) Why do beekeepers move their hives?,A,The article never gives the number of beekeepers.,Some questions need another source. Check whether the text really gives the answer.,,
G4-reread-001,4,Reread to Clarify,RI.4.1,2,MULTIPLE_CHOICE,How Honeybees Share Directions,You are not sure what the round dance means. What should you do?,A) Skip to the end of the article. | B) Reread the paragraph about the round dance. | C) Guess and keep reading. | D) Read only the title again.,B,Rereading the part that explains the round dance will clear up the confusion.,"When something is confusing, go back and reread that part slowly.",,
G4-reread-002,4,Reread to Clarify,RI.4.1,2,TRUE_FALSE,,Rereading can help you find details you missed the first time.,True | False,True,Good readers reread to check their understanding and find evidence.,"Rereading is a fix-up strategy, not a sign of a weak reader.",,
G4-reread-003,4,Reread to Clarify,RI.4.1,3,MULTIPLE_CHOICE,The Dripping Taps,"After reading “The Dripping Taps,” you are not sure why the bill was lower. Which part should you reread?",A) The paragraph about the letter | B) The title | C) The paragraph about what happened a month later | D) The first sentence only,C,The paragraph about checking a month later explains the fixed taps and the lower bill.,Reread the part of the text that matches your question.,,
G4-reread-004,4,Reread to Clarify,RI.4.1,4,MULTIPLE_CHOICE,Baking Bread in a Clay Oven,Rereading the second paragraph of “Baking Bread in a Clay Oven” helps you answer which question?,A) Where is the bread stacked? | B) What is the oven made of? | C) How is the bread taken off the wall? | D) How long does the dough rest?,D,The second paragraph says the dough rests “for about an hour.”,Know which paragraph covers which idea before you reread.,,
G4-reread-005,4,Reread to Clarify,RI.4.1,5,MULTIPLE_CHOICE,How Honeybees Share Directions,Why might a reader reread the sentence “The length of time she waggles tells them how far away the flowers are”?,A) To understand how the dance shows distance | B) To find out what honey tastes like | C) To learn the bee’s name | D) To count the paragraphs,A,"The sentence explains a key idea (distance), so rereading helps you understand it.",Reread sentences that hold important or difficult ideas.,,
G4-reread-006,4,Reread to Clarify,RI.4.1,6,MULTI_SELECT,,Which TWO are good reasons to reread a text?,A) To finish faster | B) To find evidence for an answer | C) To clear up a confusing part | D) To skip the hard words,"B, C",Readers reread to check understanding and to find evidence.,Rereading is a tool for understanding.,,
G4-sequence-001,4,Text Structure: Sequence and Chronology,RI.4.3,2,SENTENCE_ORDER,Baking Bread in a Clay Oven,Put the bread-making steps in order.,"Mix flour, water, salt and yeast. → Let the dough rise under a cloth. → Press the dough onto the hot oven wall. → Take the bread off with a long hook.",order as listed,"The article describes mixing, rising, baking and removing, in that order.","Signal words like “early,” “next” and “finally” show the order of steps.",,
G4-sequence-002,4,Text Structure: Sequence and Chronology,RI.4.5,3,MULTIPLE_CHOICE,Baking Bread in a Clay Oven,What does the baker do WHILE the dough is rising?,A) Presses dough onto the wall | B) Lights a fire inside the oven | C) Takes the bread out of the oven | D) Stacks bread in a basket,B,"The article says, “While the dough rises, the baker lights a fire inside the oven.”",“While” means two things happen at the same time.,,
G4-sequence-003,4,Text Structure: Sequence and Chronology,RI.4.5,3,MULTIPLE_CHOICE,The Dripping Taps,Which word in “The Dripping Taps” signals the second step the class took?,A) Later | B) Then | C) Next | D) First,C,First they wrote a letter; next the plumber fixed the taps; then they made signs.,"Sequence words: first, next, then, after that, finally.",,
G4-sequence-004,4,Text Structure: Sequence and Chronology,RI.4.3,4,SENTENCE_ORDER,The Dripping Taps,Put the events of “The Dripping Taps” in time order.,Students notice dripping taps. → They measure water with a cup. → They write to the principal. → A plumber fixes the taps. → They check again a month later.,order as listed,The article tells the events in the order they happened.,Follow time words and the order of paragraphs.,,
G4-sequence-005,4,Text Structure: Sequence and Chronology,RI.4.5,5,MULTIPLE_CHOICE,Baking Bread in a Clay Oven,Why is a sequence structure a good choice for “Baking Bread in a Clay Oven”?,A) It compares two kinds of bread. | B) It argues that bread is healthy. | C) It tells a story with characters. | D) Making bread is a process that must be done in a certain order.,D,"Each step depends on the one before it, so time order helps readers follow the process.","Authors choose sequence for processes, instructions and events over time.",,
G4-sequence-006,4,Text Structure: Sequence and Chronology,RI.4.3,6,MULTIPLE_CHOICE,Baking Bread in a Clay Oven,What would MOST likely happen if the baker skipped heating the oven?,A) The bread would not bake properly on the cool walls. | B) The dough would rise faster. | C) The bread would turn golden more quickly. | D) The bread would not need to be shaped.,A,"The bread bakes on the “hot inner wall,” so a cool oven would not cook it.","In a process, each step has a reason. Think about why a step is needed.",,
G4-problem-solution-001,4,Text Structure: Problem and Solution,RI.4.5,2,MULTIPLE_CHOICE,The Dripping Taps,What problem did the fourth graders find?,A) The principal was not at school. | B) Water was being wasted at the school sinks. | C) The cup was too small. | D) The school had no sinks.,B,Taps dripped all day and some students left the water running.,"In a problem-and-solution text, the problem usually comes first.",,
G4-problem-solution-002,4,Text Structure: Problem and Solution,RI.4.5,3,MULTIPLE_CHOICE,The Dripping Taps,Which was one solution to the problem?,A) The cup was almost full. | B) The taps dripped all day. | C) A plumber fixed the leaking taps. | D) The students measured water in a cup.,C,"Fixing the taps stopped the dripping, which solved part of the problem.",A solution is an action that fixes the problem.,,
G4-problem-solution-003,4,Text Structure: Problem and Solution,RI.4.5,3,TRUE_FALSE,The Dripping Taps,"In “The Dripping Taps,” making signs was part of the solution.",True | False,True,The signs reminded students to turn off the tap while soaping.,Some problems need more than one solution.,,
G4-problem-solution-004,4,Text Structure: Problem and Solution,RI.4.5,4,MULTIPLE_CHOICE,The Dripping Taps,How do you know the solutions worked?,A) The signs were bright. | B) The students wrote a letter. | C) The cup was almost full. | D) The taps stopped dripping and the water bill was lower.,D,The results a month later show the problem had been solved.,Look for results or evidence after the solution.,,
G4-problem-solution-005,4,Text Structure: Problem and Solution,RI.4.5,5,MATCHING,The Dripping Taps,Match each problem with the solution the class used.,Taps dripped all day = A plumber fixed the taps | Students left water running = Signs reminded them to turn off the tap | The principal did not know = Students wrote her a letter,pairs as listed,Each action answers a different part of the problem.,Match each solution to the part of the problem it fixes.,,
G4-problem-solution-006,4,Text Structure: Problem and Solution,RI.4.5,6,MULTIPLE_CHOICE,The Dripping Taps,Why did the author include the detail about the cup of water?,A) To show that the problem was real and could be measured | B) To describe the school’s kitchen | C) To explain how to drink more water | D) To show that cups are useful,A,The nearly full cup gave the class proof they could share with the principal.,Evidence in a problem-and-solution text shows how serious the problem is.,,
G4-sound-devices-001,4,"Sound Devices (Assonance, Consonance, Alliteration)",RL.4.4,3,MULTIPLE_CHOICE,Rain on the Roof,Which group of words from “Rain on the Roof” shows alliteration?,"A) window, glass, drip | B) tapping, tin, tiny | C) clouds, gray, low | D) splashing, puddles, grass",B,"“Tapping,” “tin” and “tiny” all begin with the same t sound.",Alliteration is the repetition of the same beginning sound in nearby words.,,
G4-sound-devices-002,4,"Sound Devices (Assonance, Consonance, Alliteration)",RL.4.4,4,MULTIPLE_CHOICE,Rain on the Roof,Which line repeats the long o sound (assonance)?,"A) “Drip and drop on the window glass,” | B) “Pitter, patter, the rain begins,” | C) “Slow and low, the gray clouds go,” | D) “splashing puddles on the grass.”",C,"“Slow,” “low” and “go” share the long o vowel sound.",Assonance is the repetition of vowel sounds in nearby words.,,
G4-sound-devices-003,4,"Sound Devices (Assonance, Consonance, Alliteration)",RL.4.4,2,TRUE_FALSE,Rain on the Roof,"In “Silver showers, slip away,” the s sound is repeated.",True | False,True,"“Silver,” “showers” and “slip” begin with s sounds, which is alliteration.",Say the words aloud to hear repeated sounds.,,
G4-sound-devices-004,4,"Sound Devices (Assonance, Consonance, Alliteration)",L.4.5,5,MATCHING,Rain on the Roof,Match each sound device with its example from the poem.,"Alliteration = tapping tin roofs with tiny pins | Assonance = Slow and low, the gray clouds go | Onomatopoeia = Pitter, patter",pairs as listed,"Repeated beginning sounds, repeated vowel sounds, and words that imitate sounds.",Say each line aloud and listen for which sounds repeat.,,
G4-sound-devices-005,4,"Sound Devices (Assonance, Consonance, Alliteration)",RL.4.4,5,MULTIPLE_CHOICE,Rain on the Roof,Why does the poet repeat sounds in “Drip and drop”?,A) To make the poem longer | B) To explain where rain comes from | C) To show that the rain is dangerous | D) To imitate the sound of rain falling,D,"The short, repeated d sounds feel like drops hitting the glass.",Poets use sound devices to help readers hear and feel what is described.,,
G4-sound-devices-006,4,"Sound Devices (Assonance, Consonance, Alliteration)",L.4.5,6,MULTIPLE_CHOICE,,Which sentence uses consonance (a repeated consonant sound inside or at the end of words)?,A) The black cat sat back on the mat. | B) The bee sees three trees. | C) Bright blue birds bounced by. | D) Buzz went the busy bee.,A,"The t sound repeats at the end of “cat,” “sat” and “mat,” and the k sound in “black” and “back.”",Consonance repeats consonant sounds that are not only at the beginning of words.,,
G4-compare-texts-001,4,Compare and Contrast Texts,RI.4.9,3,MULTIPLE_CHOICE,Honeybees: Two Texts,What topic do “How Honeybees Share Directions” and “Keeping Bees in the Mountains” have in common?,A) Clay ovens | B) Honeybees | C) Pearl diving | D) School water use,B,Both texts give information about honeybees.,"First find what two texts share, then look for differences.",,
G4-compare-texts-002,4,Compare and Contrast Texts,RI.4.9,4,MULTIPLE_CHOICE,Honeybees: Two Texts,How is the focus of the two bee texts different?,A) Both tell a story about one beekeeper. | B) Both explain only how honey tastes. | C) One explains bee dances; the other explains how people keep bees. | D) One is about ants and one is about bees.,C,“How Honeybees Share Directions” is about dances; “Keeping Bees in the Mountains” is about beekeepers.,Compare the main idea of each text.,,
G4-compare-texts-003,4,Compare and Contrast Texts,RI.4.9,3,TRUE_FALSE,Honeybees: Two Texts,Both bee texts say that bees need flowers to find food.,True | False,True,One describes bees dancing to show where flowers are; the other says bees near many flowers fly less far.,Look for a key idea that appears in both texts.,,
G4-compare-texts-004,4,Compare and Contrast Texts,RI.4.9,5,MULTIPLE_CHOICE,Honeybees: Two Texts,"Using BOTH texts, why might beekeepers move hives near blooming flowers?","A) Because flowers keep bees warm at night. | B) Because honey is sold near flowers. | C) Because bees cannot dance near flowers. | D) So bees do not need to fly far, and dancing bees can lead others to food nearby.",D,Text 2 explains that nearby flowers mean shorter flights; Text 1 shows that bees share where nearby food is.,Combine information from both texts to answer a bigger question.,,
G4-compare-texts-005,4,Compare and Contrast Texts,RI.4.9,5,MULTI_SELECT,Honeybees: Two Texts,Which TWO details come ONLY from “Keeping Bees in the Mountains”?,A) Beekeepers use gentle smoke to calm bees. | B) Scientists watched hives with glass walls. | C) A longer waggle means the food is farther away. | D) Honey from the mountains is sold at local markets.,"A, D",The smoke and the markets are only described in the mountain beekeeping text.,Keep track of which text each detail comes from.,,
G4-compare-texts-006,4,Compare and Contrast Texts,RI.4.9,6,MULTIPLE_CHOICE,Honeybees: Two Texts,"A student wants to write a report on how bees and people work together. Which text is MORE useful, and why?","A) “Keeping Bees in the Mountains,” because it explains how beekeepers care for bees and collect honey. | B) Neither text, because both are only about flowers. | C) “The Dripping Taps,” because it is about saving water. | D) “How Honeybees Share Directions,” because it explains bee dances.",A,"The mountain text describes what beekeepers do: moving hives, calming bees, and leaving honey.",Choose the source that best matches the research question.,,
G4-subjects-predicates-001,4,Subjects and Predicates,L.4.1,1,MULTIPLE_CHOICE,,What is the complete subject? “The tall giraffe ate leaves from the tree.”,A) ate leaves from the tree | B) The tall giraffe | C) the tree | D) leaves,B,The complete subject tells who or what the sentence is about: the tall giraffe.,Ask: Who or what is the sentence about?,,
G4-subjects-predicates-002,4,Subjects and Predicates,L.4.1,2,MULTIPLE_CHOICE,,What is the simple subject? “My older cousin from Jeddah visited us on Friday.”,A) Jeddah | B) visited | C) cousin | D) older,C,The simple subject is the main noun in the complete subject: cousin.,Remove the describing words; the main noun that is left is the simple subject.,,
G4-subjects-predicates-003,4,Subjects and Predicates,L.4.1,3,MULTIPLE_CHOICE,,What is the simple predicate? “The students in Room 4 planted seeds in the garden.”,A) seeds | B) in the garden | C) students | D) planted,D,The simple predicate is the main verb that tells what the subject did.,Find the main action word in the predicate.,,
G4-subjects-predicates-004,4,Subjects and Predicates,L.4.1,3,TRUE_FALSE,,"In “Lina and Sara painted a mural,” the sentence has a compound subject.",True | False,True,"Two subjects, Lina and Sara, share the same predicate, joined by “and.”",A compound subject is two or more subjects with the same predicate.,,
G4-subjects-predicates-005,4,Subjects and Predicates,L.4.1,4,MULTIPLE_CHOICE,,Which sentence has a compound predicate?,A) Ahmed washed the dishes and dried them. | B) The clean dishes were on the shelf. | C) Ahmed washed the dishes quickly. | D) Ahmed and Ali washed the dishes.,A,“Washed the dishes” and “dried them” are two predicates for the same subject.,"A compound predicate has two or more verbs for one subject, usually joined by and or or.",,
G4-subjects-predicates-006,4,Subjects and Predicates,L.4.1,5,FILL_BLANK,,Add a predicate to make a complete sentence: “The noisy crowd ____ when the team scored.”,(typed),cheered / clapped / shouted / roared / yelled / jumped / celebrated / screamed,"A predicate tells what the subject did, such as “cheered.”",Every complete sentence needs a subject and a predicate.,,
G4-clauses-complex-001,4,Clauses and Complex Sentences,L.4.1,2,MULTIPLE_CHOICE,,Which group of words is an independent clause?,A) Because the bus arrived late | B) The bus arrived late. | C) When the bus arrived | D) After the late bus,B,An independent clause has a subject and a verb and can stand alone as a sentence.,"Read it alone. If it makes a complete thought, it is independent.",,
G4-clauses-complex-002,4,Clauses and Complex Sentences,L.4.1,3,MULTIPLE_CHOICE,,Which word begins the dependent clause? “We stayed inside because it was very windy.”,A) inside | B) We | C) because | D) windy,C,“Because it was very windy” is a dependent clause that begins with the subordinating conjunction “because.”,"Dependent clauses often begin with because, when, before, after, if or although.",,
G4-clauses-complex-003,4,Clauses and Complex Sentences,L.4.1,3,TRUE_FALSE,,“When the bell rings” can stand alone as a complete sentence.,True | False,False,"It is a dependent clause; it leaves the reader asking, “What happens when the bell rings?”",A dependent clause cannot stand alone as a sentence.,,
G4-clauses-complex-004,4,Clauses and Complex Sentences,L.4.1,4,MULTIPLE_CHOICE,,Which sentence is a complex sentence?,"A) We ate lunch, and we played football. | B) We ate lunch and played football. | C) We ate lunch. | D) After we ate lunch, we played football.",D,A complex sentence has an independent clause and at least one dependent clause (“After we ate lunch”).,"Look for a subordinating conjunction such as after, when or because.",,
G4-clauses-complex-005,4,Clauses and Complex Sentences,L.4.1,5,DROPDOWN,,"Choose the best subordinating conjunction: “____ it rained all morning, the picnic went ahead in the afternoon.”",A) Although | B) Until | C) Because | D) And,A,"“Although” shows a contrast: rain in the morning, but the picnic still happened.",Choose the conjunction that shows the right relationship between ideas.,,
G4-clauses-complex-006,4,Clauses and Complex Sentences,L.4.1,6,MATCHING,,Match each dependent clause with the main clause that completes it best.,"Before you cross the street, = look both ways. | Because the oven was hot, = the bread baked quickly. | If you finish early, = you may read a book.",pairs as listed,Each dependent clause needs a main clause that completes the thought logically.,Read each pair as one sentence to check that it makes sense.,,
G4-compound-sentences-001,4,Compound Sentences and Conjunctions,L.4.1,2,MULTIPLE_CHOICE,,Which sentence is a compound sentence?,"A) I wanted to swim, but the pool was closed. | B) The pool and the gym were closed. | C) Because the pool was closed, I went home. | D) I wanted to swim in the pool.",A,It has two independent clauses joined by a comma and “but.”,A compound sentence joins two complete sentences with a coordinating conjunction.,,
G4-compound-sentences-002,4,Compound Sentences and Conjunctions,L.4.2,3,MULTIPLE_CHOICE,,Where does the comma belong? “Huda read a book and her sister drew a picture.”,"A) No comma is needed | B) After “book,” before “and” | C) After “sister” | D) After “Huda”",B,Use a comma before the coordinating conjunction when it joins two independent clauses.,"Put the comma just before and, but or or when each part could be its own sentence.",,
G4-compound-sentences-003,4,Compound Sentences and Conjunctions,L.4.1,3,DROPDOWN,,Choose the conjunction: “Do you want rice ____ do you want bread?”,A) so | B) or | C) because | D) but,B,“Or” shows a choice between two options.,"and = adds, but = contrasts, or = gives a choice, so = shows a result.",,
G4-compound-sentences-004,4,Compound Sentences and Conjunctions,L.4.1,4,DROPDOWN,,"Choose the conjunction: “The road was icy, ____ the drivers went slowly.”",A) or | B) but | C) so | D) nor,C,"The drivers went slowly as a result of the icy road, so “so” fits.","Ask how the two ideas are related: result, contrast, choice or addition.",,
G4-compound-sentences-005,4,Compound Sentences and Conjunctions,L.4.2,5,ERROR_CORRECTION,,Tap the part of the sentence that has an error.,The sun set |  and |  the stars came out |  slowly.,"segment 1 → The sun set,",A comma is needed before “and” because it joins two independent clauses.,Check whether both parts could stand alone as sentences.,,
G4-compound-sentences-006,4,Compound Sentences and Conjunctions,L.4.1,6,MULTIPLE_CHOICE,,Which is the best way to combine these sentences? “Nasser likes math. He does not like spelling.”,"A) Nasser likes math, and he does not like spelling. | B) Nasser likes math he does not like spelling. | C) Nasser likes math, but he does not like spelling. | D) Nasser likes math, so he does not like spelling.",C,"The ideas contrast, so a comma and “but” join them correctly.",Choose the conjunction that matches the relationship between the ideas.,,
G4-combining-sentences-001,4,Combining Sentences,L.4.3,2,MULTIPLE_CHOICE,,Combine the sentences: “Jamal washes the dishes. Teri washes the dishes.”,A) Jamal washes and Teri washes the dishes. | B) Jamal and Teri washes the dishes. | C) Jamal washes the dishes Teri. | D) Jamal and Teri wash the dishes.,D,"Join the two subjects with “and,” remove repeated words, and make the verb agree: wash.","When you combine subjects, check that the verb agrees with the new plural subject.",,
G4-combining-sentences-002,4,Combining Sentences,L.4.3,3,MULTIPLE_CHOICE,,Combine the sentences: “Our team won the game. Our team won the trophy.”,A) Our team won the game and the trophy. | B) The game and the trophy won our team. | C) Our team won and our team won. | D) Our team won the game our team won the trophy.,A,Join the two objects with “and” and leave out the repeated words “Our team won.”,Leave out words that repeat when you combine sentences.,,
G4-combining-sentences-003,4,Combining Sentences,L.4.3,2,TRUE_FALSE,,“Mona sings. Mona dances.” can be combined as “Mona sings and dances.”,True | False,True,"The two predicates share one subject, so they can be joined with “and.”","If two sentences have the same subject, you can join their predicates.",,
G4-combining-sentences-004,4,Combining Sentences,L.4.3,4,MULTIPLE_CHOICE,,Combine the sentences using an appositive: “Mr. Salem teaches science. Mr. Salem is our neighbor.”,"A) Our neighbor teaches Mr. Salem science. | B) Mr. Salem, our neighbor, teaches science. | C) Mr. Salem our neighbor teaches science. | D) Mr. Salem teaches science our neighbor.",B,An appositive renames a noun and is set off with commas: “our neighbor.”,"Place the appositive right after the noun it renames, with commas around it.",,
G4-combining-sentences-005,4,Combining Sentences,L.4.3,5,MULTIPLE_CHOICE,,Which is the BEST combined sentence? “The kite was red. The kite was huge. The kite flew over the park.”,"A) Over the park the red the huge kite flew. | B) The kite was red, huge, flew over the park. | C) The huge red kite flew over the park. | D) The kite was red and the kite was huge and the kite flew over the park.",C,Move the describing words before the noun and keep one predicate.,Adjectives from short sentences can often move in front of the noun.,,
G4-combining-sentences-006,4,Combining Sentences,L.4.3,6,ERROR_CORRECTION,,Tap the part of the sentence that has an error.,Fatima and her brother |  plays |  chess |  every evening.,segment 2 →  play,"A compound subject joined by “and” is plural, so the verb must be “play.”","After combining subjects, check subject-verb agreement.",,
G4-possessive-nouns-001,4,Possessive Nouns,L.4.2,1,DROPDOWN,,Choose the correct word: “The ____ tail was long and fluffy.”,A) cat | B) cats | C) cats’ | D) cat’s,D,"One cat owns the tail, so add an apostrophe and s: cat’s.",Singular possessive: add ’s.,,
G4-possessive-nouns-002,4,Possessive Nouns,L.4.2,2,DROPDOWN,,Choose the correct word: “The two ____ bikes were in the garage.”,A) boys’ | B) boys | C) boy’s | D) boyses,A,Plural nouns that end in s take only an apostrophe: boys’.,Plural possessive ending in s: add only ’.,,
G4-possessive-nouns-003,4,Possessive Nouns,L.4.2,3,DROPDOWN,,Choose the correct word: “The ____ coats hung by the door.”,A) childrens’ | B) children’s | C) childs’ | D) children,B,"For plural nouns that do not end in s, add an apostrophe and s: children’s.","Irregular plurals (men, women, children, people) take ’s.",,
G4-possessive-nouns-004,4,Possessive Nouns,L.4.2,4,MULTIPLE_CHOICE,,Which sentence uses a possessive noun correctly?,A) The teacher’s were busy all day. | B) The teachers’s desk was covered with papers. | C) The teachers desk was covered with papers. | D) The teacher’s desk was covered with papers.,D,"One teacher owns the desk, so “teacher’s” is correct.",Ask: Does the word show ownership? Is the owner singular or plural?,,
G4-possessive-nouns-005,4,Possessive Nouns,L.4.2,5,ERROR_CORRECTION,,Tap the part of the sentence that has an error.,The three girls’ |  team won |  the schools |  trophy.,segment 3 →  the school’s,"The trophy belongs to the school, so “school’s” needs an apostrophe and s.",Check every noun that comes right before something it owns.,,
G4-possessive-nouns-006,4,Possessive Nouns,L.4.2,6,MATCHING,,Match each phrase with its correct possessive form.,the toy of the dog = the dog’s toy | the toys of the dogs = the dogs’ toys | the hats of the women = the women’s hats,pairs as listed,One dog: ’s. Two dogs: s’. Women (plural without s): ’s.,"Decide singular or plural first, then whether the plural ends in s.",,
G4-apostrophes-contractions-001,4,Apostrophes and Contractions,L.4.2,1,DROPDOWN,,Choose the contraction for “do not”: “I ____ like cold soup.”,A) doesn’t | B) do’nt | C) don’t | D) dont,C,An apostrophe replaces the missing o: do not → don’t.,"In a contraction, the apostrophe takes the place of missing letters.",,
G4-apostrophes-contractions-002,4,Apostrophes and Contractions,L.4.2,2,FILL_BLANK,,Write the contraction for “it is”: “____ time to go home.”,(typed),It's / It’s / it's / it’s,It is → it’s. The apostrophe replaces the i in “is.”,Say both words quickly to hear the contraction.,,
G4-apostrophes-contractions-003,4,Apostrophes and Contractions,L.4.2,3,DROPDOWN,,Choose the correct word: “The bird fed ____ babies.”,A) its’ | B) it’s | C) it is | D) its,D,"“Its” is a possessive pronoun, and possessive pronouns do not have apostrophes.","Try “it is.” If it does not make sense, use “its.”",,
G4-apostrophes-contractions-004,4,Apostrophes and Contractions,L.4.2,4,MULTIPLE_CHOICE,,Which sentence uses an apostrophe correctly?,A) They’re going to the museum today. | B) Their going to the museum today. | C) The cat licked it’s paw. | D) The book is your’s.,A,"“They’re” is the contraction of “they are,” which fits the sentence.",Expand the contraction to check if it makes sense.,,
G4-apostrophes-contractions-005,4,Apostrophes and Contractions,L.4.2,5,MATCHING,,Match each contraction with the words it stands for.,we’ll = we will | wouldn’t = would not | she’s = she is | they’ve = they have,pairs as listed,Each apostrophe replaces the missing letters in the second word.,"Say the two words slowly, then quickly, to match the contraction.",,
G4-apostrophes-contractions-006,4,Apostrophes and Contractions,L.4.2,6,ERROR_CORRECTION,,Tap the part of the sentence that has an error.,Its’ |  a shame that |  the dog hurt |  its leg.,segment 1 → It’s,"The first word should be “It’s,” meaning “It is.” The second “its” is correct because it shows ownership.",“It’s” = it is. “Its” = belonging to it. “Its’” is never correct.,,
G4-titles-abbreviations-001,4,"Titles, Abbreviations and Letter Format",L.4.2,2,MULTIPLE_CHOICE,,Which is the correct abbreviation for “Doctor”?,A) DR | B) Dr. | C) dr | D) Dtr.,B,The title Doctor is abbreviated “Dr.” with a capital D and a period.,"Titles before names (Mr., Mrs., Dr.) begin with a capital and end with a period.",,
G4-titles-abbreviations-002,4,"Titles, Abbreviations and Letter Format",L.4.2,3,MULTIPLE_CHOICE,,Which title of a story is written correctly?,A) “the Lost Kite” | B) the lost kite | C) “The Lost Kite” | D) “The lost Kite”,C,"Story titles go in quotation marks, and the first word and important words are capitalized.","Use quotation marks for stories, poems, songs and articles.",,
G4-titles-abbreviations-003,4,"Titles, Abbreviations and Letter Format",L.4.2,3,TRUE_FALSE,,The title of a book should be underlined or written in italics.,True | False,True,"Long works such as books, movies and magazines are underlined or italicized.",Short works go in quotation marks; long works are italicized or underlined.,,
G4-titles-abbreviations-004,4,"Titles, Abbreviations and Letter Format",L.4.2,4,MULTIPLE_CHOICE,,Nadia recited a poem called desert moon at the assembly. How should the poem’s title be written?,A) Desert Moon (with no marks) | B) ‘Desert Moon’ | C) “desert moon” | D) “Desert Moon”,D,"Poem titles go in quotation marks, with the first word and important words capitalized.","Short works (poems, songs, stories, articles) take quotation marks.",,
G4-titles-abbreviations-005,4,"Titles, Abbreviations and Letter Format",L.4.2,5,MULTIPLE_CHOICE,,Which is the correct greeting for a friendly letter?,"A) Dear Aunt Mariam, | B) Dear aunt mariam, | C) Dear Aunt Mariam. | D) dear Aunt Mariam,",A,"Capitalize the first word and the name, and end the greeting with a comma.","Friendly letter: greeting with a comma; closing such as “Your friend,” with a comma.",,
G4-titles-abbreviations-006,4,"Titles, Abbreviations and Letter Format",L.4.2,6,SENTENCE_ORDER,,Put the parts of a friendly letter in order.,"Date → Greeting (Dear Huda,) → Body → Closing (Your friend,) → Signature",order as listed,A friendly letter has five parts in this order.,"Remember: date, greeting, body, closing, signature.",,
G4-connotation-001,4,Connotation and Denotation,L.4.5,2,MULTIPLE_CHOICE,,Which word has the most positive connotation?,A) thin | B) slender | C) bony | D) skinny,B,"All four words mean “not heavy,” but “slender” suggests something graceful and pleasant.","Connotation is the feeling a word gives, beyond its dictionary meaning.",,
G4-connotation-002,4,Connotation and Denotation,L.4.5,3,MULTIPLE_CHOICE,,Which word gives a more negative feeling? “The old house was ____.”,A) cozy | B) charming | C) creepy | D) quiet,C,"“Creepy” suggests fear, which is a negative feeling.",Think about how the word makes you feel.,,
G4-connotation-003,4,Connotation and Denotation,L.4.5,2,TRUE_FALSE,,“Home” and “house” have the same denotation but different connotations.,True | False,True,"Both name a building where people live, but “home” suggests warmth and family.",Denotation = dictionary meaning. Connotation = feeling.,,
G4-connotation-004,4,Connotation and Denotation,L.4.5,4,MULTIPLE_CHOICE,,A writer wants readers to admire a boy who asks many questions. Which word should describe him?,A) rude | B) nosy | C) pushy | D) curious,D,"“Curious” shows a positive love of learning, while the others sound negative.",Writers choose words with connotations that match the feeling they want.,,
G4-connotation-005,4,Connotation and Denotation,L.4.5,5,MATCHING,,Match each neutral word with a word that has a more positive connotation.,cheap = affordable | talkative = chatty | old = antique | smell = scent,pairs as listed,"Each pair has a similar meaning, but the second word sounds more pleasant.",Ask which word you would rather hear about yourself or your things.,,
G4-connotation-006,4,Connotation and Denotation,RL.4.4,6,MULTIPLE_CHOICE,,"In a poem, the moon “crept” over the hills instead of “rose.” What feeling does “crept” add?","A) A slow, quiet, slightly mysterious feeling | B) No feeling; it means exactly the same as “rose” | C) A fast and noisy feeling | D) A happy, sunny feeling",A,"“Crept” suggests slow, quiet movement, which adds mystery to the scene.",Compare the feeling of the author’s word with a plain word.,,
G4-homographs-homophones-001,4,Homographs and Homophones,L.4.5.c,1,DROPDOWN,,Choose the correct word: “We ate dinner at ____ house.”,A) their | B) there | C) they’re | D) thier,A,“Their” shows ownership: the house belongs to them.,their = belongs to them; there = a place; they’re = they are.,,
G4-homographs-homophones-002,4,Homographs and Homophones,L.4.5.c,2,DROPDOWN,,Choose the correct word: “I can ____ the birds singing.”,A) heer | B) hear | C) hair | D) here,B,“Hear” is what you do with your ears.,Hear has the word ear inside it.,,
G4-homographs-homophones-003,4,Homographs and Homophones,L.4.5.c,3,MULTIPLE_CHOICE,,Which pair of words are homophones?,A) hot / cold | B) flower / flour | C) big / large | D) bat / bat,B,Homophones sound the same but have different spellings and meanings.,"Homo = same, phone = sound.",,
G4-homographs-homophones-004,4,Homographs and Homophones,L.4.5.c,4,MULTIPLE_CHOICE,,In which sentence does “bow” mean to bend forward?,A) He shot an arrow with a bow. | B) The bow of the ship cut through the waves. | C) The actors bow at the end of the play. | D) She tied a bow in her hair.,C,"Actors bend forward to thank the audience, so “bow” means to bend.",Homographs are spelled the same but have different meanings. Use context clues.,,
G4-homographs-homophones-005,4,Homographs and Homophones,L.4.5.c,5,MULTIPLE_CHOICE,,"Read: “The wind was too strong, so we had to wind the kite string back in.” How are the two words pronounced?",A) Both rhyme with “pinned” | B) The same in both places | C) Both rhyme with “find” | D) Differently: wind (moving air) and wind (to turn),D,The first “wind” rhymes with “pinned”; the second rhymes with “find.” They are homographs.,Some homographs change pronunciation as well as meaning.,,
G4-homographs-homophones-006,4,Homographs and Homophones,L.4.5.c,6,ERROR_CORRECTION,,Tap the part of the sentence that has an error.,The wind blew |  threw the open window |  and knocked |  over the vase.,segment 2 →  through the open window,“Through” means in one side and out the other. “Threw” is the past tense of “throw.”,"Homophones sound the same, so check the meaning of each spelling.",,
G4-reference-materials-001,4,"Dictionary, Glossary and Thesaurus",L.4.4.c,2,MULTIPLE_CHOICE,,Where would you look to find a synonym for “happy”?,A) A thesaurus | B) A calendar | C) An atlas | D) A glossary,A,A thesaurus lists synonyms and antonyms.,Thesaurus = words with similar meanings.,,
G4-reference-materials-002,4,"Dictionary, Glossary and Thesaurus",L.4.4.c,3,MULTIPLE_CHOICE,,What does a glossary contain?,A) A list of chapters and page numbers | B) Meanings of important words used in that book | C) Maps of different countries | D) Synonyms for every word in English,B,A glossary is a small dictionary at the back of a book for words used in that book.,Glossaries are in the back of nonfiction books and textbooks.,,
G4-reference-materials-003,4,"Dictionary, Glossary and Thesaurus",L.4.4.c,2,TRUE_FALSE,,A dictionary can show how to pronounce a word.,True | False,True,"Dictionary entries give pronunciation, syllables, meanings and parts of speech.",Look for the respelling in parentheses after the entry word.,,
G4-reference-materials-004,4,"Dictionary, Glossary and Thesaurus",L.4.4.c,4,MULTIPLE_CHOICE,,Guide words at the top of a dictionary page are “mango” and “market.” Which word would be on that page?,A) magic | B) melon | C) map | D) mask,C,“Map” comes after “mango” (n before p) and before “market” (p before r).,Guide words show the first and last words on the page. Use ABC order.,,
G4-reference-materials-005,4,"Dictionary, Glossary and Thesaurus",L.4.4.c,5,MULTIPLE_CHOICE,,A dictionary entry says: “bat (noun) 1. a club used to hit a ball 2. a flying animal.” Which meaning fits “The bat hung upside down in the cave”?,A) Neither meaning | B) Meaning 1 | C) Both meanings | D) Meaning 2,D,"Animals hang upside down in caves, so the second meaning fits.",Read each meaning and test it in the sentence.,,
G4-reference-materials-006,4,"Dictionary, Glossary and Thesaurus",L.4.4.c,6,WORD_ORDER,,Put these words in the order they would appear in a dictionary.,camel → camera → camp → canal → candle,order as listed,"Compare letters one by one: cam-e-l, cam-e-r, cam-p, can-a, can-d.","When the first letters match, compare the next letter.",,
G5-plot-conflict-001,5,Plot: Conflict and Resolution,RL.5.3,2,MULTIPLE_CHOICE,The Last Repair,What is the main conflict in “The Last Repair”?,"A) Khalid must fix the captain’s watch before the ship sails, but he loses the spring. | B) Khalid and his uncle argue about the shop. | C) Khalid wants to become a sailor. | D) The captain refuses to pay for the repair.",A,Khalid faces a deadline (sunset) and a sudden problem (the missing spring).,The conflict is the main problem that creates tension in a story.,,
G5-plot-conflict-002,5,Plot: Conflict and Resolution,RL.5.3,3,MULTIPLE_CHOICE,The Last Repair,What kind of conflict does Khalid face when his hands shake and the spring flies away?,A) A conflict with nature | B) A conflict with himself (his nerves) | C) A conflict with society | D) A conflict with another character,B,His shaking hands and pounding heart show that the struggle is inside him.,"Conflicts can be with another character, nature, society or oneself.",,
G5-plot-conflict-003,5,Plot: Conflict and Resolution,RL.5.3,4,MULTIPLE_CHOICE,The Last Repair,How does Khalid resolve the conflict?,"A) He waits for Uncle Faris to get well. | B) He gives the captain a different watch. | C) He calms himself, searches slowly, and finds the spring in his apron. | D) He buys a new spring from another shop.",C,"He counts to ten, uses the magnifying glass, and finds the spring caught in his apron.",Look at what the character does differently to solve the problem.,,
G5-plot-conflict-004,5,Plot: Conflict and Resolution,RL.5.3,3,TRUE_FALSE,The Two Wells,"In “The Two Wells,” the conflict begins when Hamdan builds a wall around the well.",True | False,True,"Charging for water makes the poorest families go thirsty, which creates the problem.",The conflict usually begins with an event that changes everyday life.,,
G5-plot-conflict-005,5,Plot: Conflict and Resolution,RL.5.3,5,MULTIPLE_CHOICE,The Two Wells,How does the resolution of “The Two Wells” change Hamdan?,A) He leaves the village forever. | B) He makes the children pay for their well. | C) He builds a second wall around the new well. | D) He realizes sharing is more valuable than selling and opens the gate.,D,"When no one buys his water, he unlocks the gate and says shared water is worth more.",A strong resolution often shows how a character has changed.,,
G5-plot-conflict-006,5,Plot: Conflict and Resolution,RL.5.3,6,MULTIPLE_CHOICE,The Two Wells,"Which detail BEST shows that the conflict in “The Two Wells” affects the whole village, not just Salma?",A) “The poorest families began to go thirsty.” | B) “Hamdan laughed at them from his gate.” | C) “Salma watched the palm trees outside the village.” | D) “Their hands blistered.”,A,"Many families suffer when water is sold, so the conflict reaches the whole community.",Look for details that show who is affected by a problem.,,
G5-plot-events-001,5,Plot: Sequence of Events,RL.5.5,2,SENTENCE_ORDER,The Last Repair,Put the main events of “The Last Repair” in order.,The captain leaves his watch at the shop. → Khalid cleans every gear. → The spring flies away. → Khalid finds the spring in his apron. → The watch ticks as the ship’s horn sounds.,order as listed,The events follow the afternoon from the captain’s visit to the ship’s departure.,Plot events build toward a climax and then a resolution.,,
G5-plot-events-002,5,Plot: Sequence of Events,RL.5.5,3,MULTIPLE_CHOICE,The Last Repair,What is the climax of “The Last Repair”?,A) The captain leaves the watch in the morning. | B) Khalid finds the spring and the watch ticks as the horn sounds. | C) Khalid runs to the dock. | D) Khalid cleans the gears.,B,The moment of greatest tension is solved when the watch starts ticking just in time.,"The climax is the turning point, where the tension is highest.",,
G5-plot-events-003,5,Plot: Sequence of Events,RL.5.3,4,MULTIPLE_CHOICE,The Last Repair,Which event causes Khalid to knock the box of screws to the floor?,A) His uncle calls him from the other room. | B) The ship’s horn startles him. | C) He panics after the spring disappears. | D) The captain returns early.,C,"After the spring vanishes, Khalid sweeps his hands across the bench in panic.",Events in a plot are often connected by cause and effect.,,
G5-plot-events-004,5,Plot: Sequence of Events,RL.5.5,5,MULTIPLE_CHOICE,The Last Repair,How does the flashback fit into the structure of the plot?,A) It has no connection to the main events. | B) It is the resolution of the story. | C) It is the opening event of the story. | D) It interrupts the rising action and gives Khalid the idea that solves the problem.,D,Remembering his uncle’s lesson leads Khalid to slow down and find the spring.,Ask how each part of a story helps the plot move forward.,,
G5-plot-events-005,5,Plot: Sequence of Events,RL.5.3,5,MULTI_SELECT,The Two Wells,Which TWO events are part of the rising action in “The Two Wells”?,A) Hamdan charges a coin for each bucket. | B) The children dig for seven days. | C) The villagers name the Children’s Well. | D) Hamdan unlocks his gate.,"A, B",Rising action is the series of events that build tension before the climax.,Rising action comes after the conflict begins and before the turning point.,,
G5-plot-events-006,5,Plot: Sequence of Events,RL.5.5,6,MULTIPLE_CHOICE,The Two Wells,Why does the author end “The Two Wells” with Hamdan’s words?,A) To show the lesson of the story through the character who learned it. | B) To explain where Hamdan’s money came from. | C) To introduce a new problem for the village. | D) To describe how the new well was dug.,A,"Hamdan’s final line states the theme of sharing, closing the story.",The final event of a folktale often states its lesson.,,
G5-plot-flashback-001,5,Plot: Flashback,RL.5.5,2,MULTIPLE_CHOICE,The Last Repair,Which paragraph of “The Last Repair” is a flashback?,A) The one about the captain leaving the watch | B) The one about Khalid at age eight and the sand timer | C) The one about the ship’s horn | D) The one about the spring flying away,B,"The story goes back to “the first day his uncle had let him touch a watch,” when he was eight.",A flashback moves back in time to an earlier event.,,
G5-plot-flashback-002,5,Plot: Flashback,RL.5.5,3,MULTIPLE_CHOICE,The Last Repair,Which words signal the start of the flashback?,"A) “There, caught in the folds…” | B) “Now Khalid closed his eyes…” | C) “Then he remembered…” | D) “By late afternoon…”",C,The verb “remembered” tells the reader the story is going back in time.,"Look for words like remembered, years ago, or had + verb.",,
G5-plot-flashback-003,5,Plot: Flashback,RL.5.5,4,MULTIPLE_CHOICE,The Last Repair,What does the flashback reveal about Uncle Faris?,A) He wanted Khalid to become a sailor. | B) He does not trust Khalid with watches. | C) He is strict and often angry. | D) He is a patient teacher who helped Khalid stay calm.,D,He gently teaches that a watchmaker’s hands must be slower than the sand.,Flashbacks often reveal character traits through past events.,,
G5-plot-flashback-004,5,Plot: Flashback,RL.5.5,2,TRUE_FALSE,The Last Repair,The flashback in “The Last Repair” happens before the captain leaves his watch.,True | False,True,"The flashback is from when Khalid was eight, years before the day of the story.",Compare the time of the flashback with the time of the main story.,,
G5-plot-flashback-005,5,Plot: Flashback,RL.5.5,5,MULTIPLE_CHOICE,The Last Repair,How would the story change if the author removed the flashback?,A) Readers would not understand why Khalid suddenly calms down. | B) The captain would not need his watch. | C) The story would happen in a different city. | D) Khalid would not have a problem.,A,The memory of the sand timer explains why Khalid counts slowly and searches calmly.,Ask what a flashback explains that the reader would otherwise miss.,,
G5-plot-flashback-006,5,Plot: Flashback,RL.5.5,6,MULTIPLE_CHOICE,The Last Repair,The sand timer in the flashback and the ship’s horn at the end are both connected to time. Why does the author include both?,A) To prove that sand timers are more accurate than watches | B) To show Khalid learning to work calmly even under time pressure | C) To show that ships always leave late | D) To explain how sand timers are made,B,The timer teaches patience; the horn shows the deadline. Together they show Khalid using patience against time.,Look for how details in a flashback connect to the main story.,,
G5-plot-setting-001,5,Plot: Setting,RL.5.3,2,MULTIPLE_CHOICE,The Two Wells,Where and when does “The Two Wells” take place?,"A) Today, in a large city | B) On a ship at sea | C) Long ago, in a village at the edge of a desert | D) In a mountain forest",C,The first sentence gives both the time (long ago) and the place (a desert village).,"Folktales often begin with a time and place like “Long ago, in…”",,
G5-plot-setting-002,5,Plot: Setting,RL.5.3,3,MULTIPLE_CHOICE,The Two Wells,Why is the desert setting important to the conflict?,"A) Deserts have many wells, so water is cheap. | B) The desert is too hot for the children to play. | C) The desert makes the merchant rich from gold. | D) In a desert, water is scarce, so controlling the only well gives Hamdan power.",D,"Because water is rare in a desert, owning the only well lets Hamdan charge for it.",Ask how the place creates or shapes the problem.,,
G5-plot-setting-003,5,Plot: Setting,RL.5.3,4,MULTIPLE_CHOICE,The Two Wells,Which detail about the setting helps Salma solve the problem?,A) One grove of palm trees stays green in the hottest month. | B) Hamdan builds a gate. | C) The village is at the edge of a desert. | D) Every child knows the way to the well in the dark.,A,Salma reasons that green trees in the heat mean water is close to the surface.,Setting details can be clues that characters use.,,
G5-plot-setting-004,5,Plot: Setting,RL.5.3,4,MULTIPLE_CHOICE,The Last Repair,Which details show the time period of “The Last Repair”?,A) The fever and the bench | B) The year 1955 and the ship’s captain who needs a pocket watch | C) Khalid’s age and his apron | D) The magnifying glass and the tweezers,B,"The story names 1955, and a captain depending on a pocket watch fits that time.",Look for dates and objects from a particular period.,,
G5-plot-setting-005,5,Plot: Setting,RL.5.3,3,TRUE_FALSE,The Last Repair,The smells of sea salt and cardamom help show that “The Last Repair” is set in a port city.,True | False,True,"Sea salt suggests the sea, and the story mentions a harbor and a ship.",Sensory details can show the setting without naming it directly.,,
G5-plot-setting-006,5,Plot: Setting,RL.5.3,6,MULTIPLE_CHOICE,The Last Repair,How does the setting of the harbor add to the tension at the end of “The Last Repair”?,"A) The harbor is far away, so the captain cannot be found. | B) The harbor is noisy, so Khalid cannot work. | C) The ship’s horn across the harbor shows that time has run out. | D) The harbor floods the shop.",C,"The horn is a sound from the setting that signals the deadline, adding urgency.","Setting can add tension through sounds, weather or time.",,
G5-make-predictions-001,5,Make Predictions,RL.5.1,2,MULTIPLE_CHOICE,The Two Wells,"After Salma notices the green grove, what will she most likely do?",A) Cut down the palm trees. | B) Buy water from Hamdan. | C) Move to another village. | D) Look for water near the green trees.,D,"She says, “Water must be close to the surface there.”",A character’s observations often lead to their next action.,,
G5-make-predictions-002,5,Make Predictions,RL.5.1,3,MULTIPLE_CHOICE,The Two Wells,"When Hamdan laughs at the children digging, what can readers predict?",A) Hamdan will be proven wrong. | B) Hamdan will help them dig. | C) The children will buy Hamdan’s water. | D) The children will stop digging that day.,A,"In folktales, a character who mocks hard work is often proven wrong.",Use what you know about how folktales usually go.,,
G5-make-predictions-003,5,Make Predictions,RL.5.1,2,TRUE_FALSE,The Last Repair,"After Khalid counts slowly to ten, a reader could predict that he will search more carefully.",True | False,True,"He has just calmed down, so a careful search is likely, and the story shows it.",Predictions use the character’s change in behavior.,,
G5-make-predictions-004,5,Make Predictions,RL.5.1,4,MULTIPLE_CHOICE,The Volcano That Would Not Erupt,"In the drama, when Yusuf asks, “Where did you put the baking soda?”, what can the audience predict?",A) The judges will cancel the science fair. | B) The missing baking soda is why the volcano did not erupt. | C) Ms. Dawood will build a new volcano. | D) Layla will leave the classroom.,B,Vinegar alone does not react; Yusuf’s question points to the missing ingredient.,Use clues in the dialogue and what you know about science.,,
G5-make-predictions-005,5,Make Predictions,RL.5.1,5,MULTIPLE_CHOICE,,"Read: “Noor had practiced her speech every night, but when she saw the crowded hall, her mouth went dry.” What is the BEST prediction?",A) Noor will not need to speak at all. | B) Noor will forget everything and run away. | C) Noor will feel nervous at first but use her practice to get through the speech. | D) The hall will be empty when she speaks.,C,"Her nerves suggest a challenge, but her practice suggests she can succeed.","Strong predictions weigh all the clues, not just one.",,
G5-make-predictions-006,5,Make Predictions,RL.5.1,6,MULTIPLE_CHOICE,The Two Wells,Which clue in “The Two Wells” BEST helped you predict that the children would find water?,A) The children’s hands blistered. | B) Hamdan charged a silver coin. | C) Every child knew the way to the well. | D) The grove stayed green while the other trees turned brown.,D,"Trees stay green only with water, so this clue made finding water likely.",The best clue is the one with the strongest link to the outcome.,,
G5-drama-elements-001,5,Elements of Drama,RL.5.5,1,MULTIPLE_CHOICE,The Volcano That Would Not Erupt,What is the purpose of the CAST list at the top of the play?,A) It names the characters in the play. | B) It lists the props needed. | C) It tells where the play takes place. | D) It gives the lesson of the play.,A,A cast list (or cast of characters) introduces who appears in the play.,"Plays begin with a cast list, then scenes and dialogue.",,
G5-drama-elements-002,5,Elements of Drama,RL.5.5,2,MULTIPLE_CHOICE,The Volcano That Would Not Erupt,Which line is a stage direction?,A) SCENE 2 | B) [YUSUF pours the vinegar. Nothing happens.] | C) MS. DAWOOD: Show me what you have learned. | D) LAYLA: The judges come at ten o’clock.,B,Stage directions in brackets tell actors what to do; they are not spoken.,Stage directions are usually in brackets or italics.,,
G5-drama-elements-003,5,Elements of Drama,RL.5.5,2,TRUE_FALSE,The Volcano That Would Not Erupt,The words in brackets in a play are spoken aloud by the actors.,True | False,False,Words in brackets are stage directions; actors follow them but do not say them.,Only the words after a character’s name are spoken.,,
G5-drama-elements-004,5,Elements of Drama,RL.5.5,3,MULTIPLE_CHOICE,The Volcano That Would Not Erupt,Why does the play have two scenes?,A) A new character is the narrator. | B) Scene 2 tells the story from the beginning again. | C) The time changes: Scene 2 happens ten minutes later. | D) The setting moves to a different school.,C,"Scene 2 begins “Ten minutes later,” showing a jump in time.",A new scene often signals a change in time or place.,,
G5-drama-elements-005,5,Elements of Drama,RL.5.5,4,MULTIPLE_CHOICE,The Volcano That Would Not Erupt,What does the stage direction [covering her face] tell the audience about Layla?,A) She is tired and wants to sleep. | B) She is laughing at Yusuf. | C) She is hiding from the judges. | D) She feels embarrassed and upset.,D,Covering your face is a common sign of embarrassment or despair.,Stage directions show feelings through actions and gestures.,,
G5-drama-elements-006,5,Elements of Drama,RL.5.5,5,MATCHING,The Volcano That Would Not Erupt,Match each part of the play with its example.,"Cast list = LAYLA, YUSUF, MS. DAWOOD | Stage direction = [wringing her hands] | Dialogue = We tested it three times last night. | Scene heading = SCENE 2",pairs as listed,Each part of a drama has a different job in telling the story.,"Look at the format: names, brackets, spoken lines and headings.",,
G5-character-perspective-001,5,Character Perspective,RL.5.6,2,MULTIPLE_CHOICE,The Volcano That Would Not Erupt,How does Yusuf feel at the beginning of Scene 1?,A) Calm and confident | B) Nervous and upset | C) Angry with Layla | D) Bored with the project,A,"The stage direction says he speaks “calmly,” and he says, “It will work.”",Stage directions and dialogue both show a character’s feelings.,,
G5-character-perspective-002,5,Character Perspective,RL.5.6,3,MULTIPLE_CHOICE,The Volcano That Would Not Erupt,How is Layla’s perspective different from Yusuf’s at the start of the play?,A) Both are bored by the science fair. | B) Layla worries the volcano will fail; Yusuf trusts their testing. | C) Layla is confident; Yusuf is worried. | D) Both think the volcano will fail.,B,Layla paces and wrings her hands; Yusuf calmly points to their three tests.,Compare how two characters see the same situation.,,
G5-character-perspective-003,5,Character Perspective,RL.5.6,4,MULTIPLE_CHOICE,The Volcano That Would Not Erupt,How does Layla’s perspective change by the end of the play?,A) She thinks the judges were unfair. | B) She decides science is too stressful. | C) She learns to stay calm and check each step. | D) She blames Yusuf for the problem.,C,"Her last line is, “You check every step, and you never panic.”",A character’s last words often show how their perspective changed.,,
G5-character-perspective-004,5,Character Perspective,RL.5.6,5,MULTIPLE_CHOICE,The Two Wells,From whose point of view is “The Two Wells” told?,"A) Salma’s grandmother | B) Hamdan, using “I” | C) Salma, using “I” | D) A third-person narrator who is not a character",D,"The narrator uses “she,” “he” and “they,” so it is third person.",First person uses I/we; third person uses he/she/they.,,
G5-character-perspective-005,5,Character Perspective,RL.5.6,6,MULTIPLE_CHOICE,The Two Wells,How would “The Two Wells” be different if Hamdan told it?,A) Readers would learn his reasons for building the wall and how he felt when no one came. | B) Salma would become the merchant. | C) The villagers would not find the new well. | D) The story would take place in a city.,A,"A first-person narrator shares their own thoughts, so we would hear Hamdan’s side.",Changing the narrator changes whose thoughts and feelings the reader sees.,,
G5-character-perspective-006,5,Character Perspective,RL.5.6,3,TRUE_FALSE,The Last Repair,"At the end of “The Last Repair,” the captain’s smile shows that he is pleased.",True | False,True,"The text says, “the captain’s smile told him everything,” meaning he was happy with the repair.",Characters’ expressions can show their perspective without words.,,
G5-author-claim-001,5,Author's Claim and Evidence,RI.5.8,2,MULTIPLE_CHOICE,Every School Needs a Garden,What is the author’s main claim in “Every School Needs a Garden”?,A) Tomatoes from stores taste better. | B) Every school should have a garden where students grow food. | C) Gardens are too expensive for schools. | D) Students should only learn indoors.,B,The first sentence states the claim directly.,A claim is the main point an author wants you to agree with.,,
G5-author-claim-002,5,Author's Claim and Evidence,RI.5.8,3,MULTIPLE_CHOICE,Every School Needs a Garden,Which reason supports the claim that gardens make lessons real?,A) Families can volunteer on weekends. | B) Children are more willing to taste vegetables. | C) Students practice math by measuring plant growth. | D) Schools spend money on computers.,C,"Measuring growth is a real math activity, which supports the first reason.",Match each piece of evidence to the reason it supports.,,
G5-author-claim-003,5,Author's Claim and Evidence,RI.5.8,4,MATCHING,Every School Needs a Garden,Match each reason in the article with its supporting detail.,Gardens make lessons real = Measuring growth practices math | Gardens help students eat better = Children taste vegetables they grew | Gardens bring people together = Families volunteer on weekends,pairs as listed,Each paragraph gives one reason followed by a detail that supports it.,"In an argument, reasons are supported by evidence or examples.",,
G5-author-claim-004,5,Author's Claim and Evidence,RI.5.8,4,MULTIPLE_CHOICE,Every School Needs a Garden,How does the author respond to people who say gardens cost too much?,A) By ignoring the objection completely | B) By agreeing that gardens should be canceled | C) By saying money does not matter at all | D) By explaining that gardens can start small with containers and donated seeds,D,The author presents the counterclaim and then answers it with a low-cost solution.,Strong arguments respond to the opposing side (a counterclaim).,,
G5-author-claim-005,5,Author's Claim and Evidence,RI.5.8,5,MULTIPLE_CHOICE,Every School Needs a Garden,Which piece of evidence is the WEAKEST support for the claim?,"A) “A tomato you have watered for weeks is much more interesting than one from a store shelf.” | B) “When students measure plant growth, they practice math.” | C) “Teachers… often report that students remember these lessons longer.” | D) “Older students can teach younger ones how to plant seeds.”",A,"Saying a tomato is “more interesting” is an opinion, not evidence that can be checked.",Evidence is stronger when it can be checked; opinions are weaker support.,,
G5-author-claim-006,5,Author's Claim and Evidence,RI.5.8,3,TRUE_FALSE,Every School Needs a Garden,The author of “Every School Needs a Garden” includes an opposing view.,True | False,True,The paragraph beginning “Some people argue…” presents the opposing view.,Look for signal words like “some people argue” or “however.”,,
G5-author-perspective-001,5,Author's Perspective,RI.5.6,2,MULTIPLE_CHOICE,Every School Needs a Garden,How does the author of “Every School Needs a Garden” feel about school gardens?,A) Against them | B) Strongly in favor of them | C) Bored by them | D) Unsure about them,B,The author says every school “should” have a garden and gives three reasons.,An author’s perspective is their attitude or point of view about a topic.,,
G5-author-perspective-002,5,Author's Perspective,RI.5.6,3,MULTIPLE_CHOICE,Every School Needs a Garden,Which phrase BEST shows the author’s positive perspective?,A) “a few plants in the ground” | B) “donated seeds” | C) “some of the best lessons grow from the ground up” | D) “Some people argue that gardens cost too much”,C,Calling garden lessons “some of the best” shows strong approval.,Look for words that show the author’s feelings.,,
G5-author-perspective-003,5,Author's Perspective,RI.5.6,4,MULTIPLE_CHOICE,Two Articles: A School Garden and Red Sea Turtles,How is the perspective in “Every School Needs a Garden” different from “Sea Turtles of the Red Sea”?,A) Both articles are told by a character. | B) The turtle article argues against gardens. | C) Both articles try to persuade readers. | D) The garden article tries to persuade; the turtle article mainly informs.,D,The garden text makes a claim with reasons; the turtle text explains facts with headings.,Compare the author’s purpose and attitude in each text.,,
G5-author-perspective-004,5,Author's Perspective,RI.5.8,5,MULTIPLE_CHOICE,Every School Needs a Garden,Why does the author compare spending on books and computers with spending on a garden?,A) To suggest that a garden is as worthy an investment as other school materials | B) To argue that schools should stop buying books | C) To show that computers are better than gardens | D) To explain how much a garden costs,A,The final paragraph places gardens alongside books and computers as worth paying for.,Authors use comparisons to strengthen their perspective.,,
G5-author-perspective-005,5,Author's Perspective,RI.5.6,2,TRUE_FALSE,,An author’s perspective can be found in the words the author chooses.,True | False,True,"Word choice, such as “best” or “should,” reveals how an author feels.",Notice strong or emotional words.,,
G5-author-perspective-006,5,Author's Perspective,RI.5.8,6,MULTIPLE_CHOICE,Every School Needs a Garden,Which sentence would an author with the OPPOSITE perspective most likely write?,"A) Gardens help students eat better. | B) School time is limited, so it should be spent on core subjects indoors. | C) Even a sunny corner can become a place to learn. | D) Families enjoy volunteering in school gardens.",B,"This sentence argues against gardens, so it shows an opposing perspective.",An opposing perspective disagrees with the author’s claim.,,
G5-text-features-001,5,Text Features,RI.5.7,2,MULTIPLE_CHOICE,Sea Turtles of the Red Sea,Which heading would help you find out how hatchlings reach the sea?,A) Glossary | B) Where Turtles Nest | C) From Egg to Ocean | D) Did You Know?,C,“From Egg to Ocean” describes the eggs hatching and the hatchlings leaving the nest.,Headings tell you what each section is about.,,
G5-text-features-002,5,Text Features,RI.5.7,2,MULTIPLE_CHOICE,Sea Turtles of the Red Sea,Where can you find the meaning of “hatchling”?,A) In the sidebar | B) In the heading “Dangers on the Beach” | C) In the caption | D) In the glossary,D,The glossary at the end gives the meaning of “hatchling.”,A glossary defines important words from the text.,,
G5-text-features-003,5,Text Features,RI.5.7,3,MULTIPLE_CHOICE,Sea Turtles of the Red Sea,What does the caption add to the article?,A) It explains what the photograph shows. | B) It lists the dangers turtles face. | C) It defines a difficult word. | D) It tells how many eggs turtles lay.,A,A caption is a short description next to a picture.,Captions connect pictures to the text.,,
G5-text-features-004,5,Text Features,RI.5.7,3,TRUE_FALSE,Sea Turtles of the Red Sea,The “Did You Know?” sidebar gives information that is NOT in the main sections.,True | False,True,The fact about sand temperature appears only in the sidebar.,Sidebars add interesting extra facts.,,
G5-text-features-005,5,Text Features,RI.5.7,4,MULTIPLE_CHOICE,Sea Turtles of the Red Sea,How does the caption connect to the section “Dangers on the Beach”?,"A) It shows a mother turtle laying eggs. | B) It shows a hatchling moving toward the bright horizon, which explains how hatchlings find the sea. | C) It shows the glossary word. | D) It shows a beach covered in buildings.",B,"The section explains that hatchlings move toward the brightest horizon, which the photograph shows.",Text features work together with the main text.,,
G5-text-features-006,5,Text Features,RI.5.7,5,MATCHING,Sea Turtles of the Red Sea,Match each text feature with its purpose.,Heading = Tells what a section is about | Caption = Explains a photograph | Sidebar = Adds an extra interesting fact | Glossary = Defines important words,pairs as listed,Each feature helps readers find or understand information in a different way.,Ask: What job does this feature do for the reader?,,
G5-compare-contrast-001,5,Text Structure: Compare and Contrast,RI.5.5,3,MULTIPLE_CHOICE,Every School Needs a Garden,How is “Every School Needs a Garden” organized?,"A) A problem with one solution | B) Sections with headings about one animal | C) A claim, followed by reasons with evidence and a response to the other side | D) Events in the order they happened",C,"The article states a claim, gives first, second and third reasons, answers a counterclaim, and concludes.",Argumentative texts use a claim-and-reasons structure.,,
G5-compare-contrast-002,5,Text Structure: Compare and Contrast,RI.5.5,4,MULTIPLE_CHOICE,Two Articles: A School Garden and Red Sea Turtles,How is the structure of “Sea Turtles of the Red Sea” different from “Every School Needs a Garden”?,A) Both use reasons to persuade. | B) Both tell a story with characters. | C) The garden article uses headings; the turtle article does not. | D) The turtle article uses headings to describe facts; the garden article uses reasons to persuade.,D,The turtle text is organized by topic headings; the garden text by claim and reasons.,Compare how each author organizes information.,,
G5-compare-contrast-003,5,Text Structure: Compare and Contrast,RI.5.5,2,TRUE_FALSE,Sea Turtles of the Red Sea,The section “From Egg to Ocean” is mostly organized in time order.,True | False,True,"It moves from laying eggs, to two months in the sand, to hatchlings digging out.",Different sections of one text can use different structures.,,
G5-compare-contrast-004,5,Text Structure: Compare and Contrast,RI.5.5,5,MULTIPLE_CHOICE,Sea Turtles of the Red Sea,Which structure does the section “Dangers on the Beach” use?,A) Cause and effect | B) Chronological order | C) Problem and solution | D) Compare and contrast,A,Bright lights (cause) confuse hatchlings so they crawl the wrong way (effect).,Signal words such as “can confuse” and “may” show causes and effects.,,
G5-compare-contrast-005,5,Text Structure: Compare and Contrast,RI.5.5,5,MULTI_SELECT,Two Articles: A School Garden and Red Sea Turtles,Which TWO statements about both articles are true?,A) Both answer an opposing argument. | B) Both use a sidebar. | C) Both give information about a real-world topic. | D) Both use paragraphs to group related ideas.,"C, D","Both are nonfiction texts organized into paragraphs, but only one has text features and only one argues.",Find what the texts share before listing differences.,,
G5-compare-contrast-006,5,Text Structure: Compare and Contrast,RI.5.5,6,MULTIPLE_CHOICE,Sea Turtles of the Red Sea,Why did the author of the turtle article choose headings instead of a claim and reasons?,A) Because the author wanted to persuade readers to buy turtles | B) Because the purpose is to inform readers about different parts of the topic | C) Because headings make articles longer | D) Because turtles cannot be argued about,B,"Headings let readers find information about nesting, hatching and dangers quickly.",An author’s purpose shapes the structure of a text.,,
G5-imagery-001,5,Imagery and Sensory Language,RL.5.4,2,MULTIPLE_CHOICE,Harbor at Dawn,"Which sense does “the bread oven breathes, warm and red” appeal to most?",A) Taste only | B) Hearing only | C) Touch (feeling warmth) and sight | D) Smell only,C,"“Warm” appeals to touch, and “red” appeals to sight.",Imagery uses details that appeal to the five senses.,,
G5-imagery-002,5,Imagery and Sensory Language,RL.5.4,3,MULTIPLE_CHOICE,Harbor at Dawn,Which line from “Harbor at Dawn” appeals to the sense of smell?,A) “the last stars folding up the night” | B) “Gulls stitch the sky with silver thread” | C) “Ropes creak like old men’s knees” | D) “salt and diesel ride the breeze”,D,You can smell salt and diesel fuel carried on the wind.,Ask which sense each image uses.,,
G5-imagery-003,5,Imagery and Sensory Language,RL.5.4,4,MULTIPLE_CHOICE,Harbor at Dawn,What does “Gulls stitch the sky with silver thread” help you picture?,"A) Birds flying back and forth, flashing silver in the light | B) Birds sewing clothes | C) Gulls sleeping on a boat | D) A storm with lightning",A,"Like a needle going in and out, the gulls dart across the sky, catching silver light.",Imagery often uses figurative language to create a picture.,,
G5-imagery-004,5,Imagery and Sensory Language,RL.5.4,3,TRUE_FALSE,Harbor at Dawn,“Ropes creak like old men’s knees” appeals to the sense of hearing.,True | False,True,"A creak is a sound, and the comparison helps you hear it.","Sound words such as creak, buzz and hiss create hearing images.",,
G5-imagery-005,5,Imagery and Sensory Language,RL.5.4,5,MATCHING,Harbor at Dawn,Match each image from the poem with the sense it appeals to most.,"salt and diesel ride the breeze = Smell | Ropes creak = Hearing | pearl-gray light = Sight | the bread oven breathes, warm = Touch",pairs as listed,Each image uses a different sense to bring the harbor to life.,"Read each image and ask: Do I see, hear, smell, taste or feel this?",,
G5-imagery-006,5,Imagery and Sensory Language,RL.5.4,6,MULTIPLE_CHOICE,Harbor at Dawn,What overall mood does the imagery in “Harbor at Dawn” create?,"A) A sad farewell at sunset | B) A calm, sleepy morning slowly waking up | C) A frightening, dangerous night | D) A loud, busy afternoon",B,"Words like “yawns,” “sleep” and “pearl-gray light” suggest a quiet morning waking up.",The images together create the mood of a poem.,,
G5-visualize-001,5,Visualize,RL.5.7,2,MULTIPLE_CHOICE,The Volcano That Would Not Erupt,Which stage direction helps you picture Layla’s nervousness?,A) [MS. DAWOOD walks in with a clipboard.] | B) [A clay volcano sits on a table.] | C) [LAYLA paces back and forth.] | D) [Red foam bubbles up.],C,Pacing back and forth is a picture of someone who is nervous.,Stage directions help readers visualize characters’ actions.,,
G5-visualize-002,5,Visualize,RL.5.7,3,MULTIPLE_CHOICE,The Volcano That Would Not Erupt,What should you picture when you read “Red foam bubbles up and spills down the sides”?,A) Smoke filling the classroom | B) The volcano breaking into pieces | C) Water dripping from the ceiling | D) Foam rising from the volcano and running down it,D,The verbs “bubbles up” and “spills down” show the foam moving.,Strong verbs help you create a moving picture in your mind.,,
G5-visualize-003,5,Visualize,RL.5.7,2,TRUE_FALSE,The Last Repair,"In “The Last Repair,” the description “a silver curl no bigger than a fingernail” helps you picture the spring’s size.",True | False,True,Comparing it to a fingernail shows how tiny it is.,Comparisons to familiar objects help you visualize size.,,
G5-visualize-004,5,Visualize,RL.5.7,4,MULTIPLE_CHOICE,The Last Repair,Which detail helps you visualize Khalid’s panic?,"A) He swept his hands across the bench, knocking a box of screws to the floor. | B) He had opened the watch and cleaned every gear. | C) He closed the case and wound the crown. | D) He picked up the magnifying glass.",A,"Sweeping hands and screws scattering show rushed, panicked movement.",Look for actions that show feelings.,,
G5-visualize-005,5,Visualize,RL.5.7,5,MULTIPLE_CHOICE,The Volcano That Would Not Erupt,"Reading the play aloud, how should the actor playing Layla say “The baking soda… is still in my backpack”?","A) In a whisper of fear | B) Slowly and with embarrassment, pausing at the dots | C) Quickly and excitedly | D) Loudly and angrily",B,"The ellipsis (…) and the direction “slowly lowering her hands” suggest a slow, embarrassed realization.",Visualizing a scene includes imagining how lines are spoken.,,
G5-visualize-006,5,Visualize,RL.5.7,6,MULTIPLE_CHOICE,The Volcano That Would Not Erupt,How does visualizing the two scenes help you understand the play?,A) You can see that Yusuf leaves the room. | B) You can see that the volcano never works. | C) You can see Layla change from panicked pacing to proudly standing beside the volcano. | D) You can see that Ms. Dawood is the main character.,C,Picturing the actions in each scene shows Layla’s growth from Scene 1 to Scene 2.,Picture how characters look and move at different points in the story.,,
G5-summarize-001,5,Summarize,RL.5.2,3,MULTIPLE_CHOICE,The Two Wells,Which is the BEST summary of “The Two Wells”?,"A) The village had palm trees and a well. | B) Salma’s hands blistered after seven days. | C) Hamdan was rich and had a gate. | D) When a merchant charges for the only well, Salma finds a new well, and the merchant learns to share.",D,"A summary includes the problem, the key events and the resolution.","Include the main character, the problem and the outcome.",,
G5-summarize-002,5,Summarize,RI.5.2,3,MULTIPLE_CHOICE,Sea Turtles of the Red Sea,Which sentence BEST summarizes “Sea Turtles of the Red Sea”?,"A) Red Sea turtles nest on beaches, their hatchlings head to the sea, and bright lights can confuse them. | B) Warmer nests produce more females. | C) A hatchling is a young animal just out of its egg. | D) Turtles have back flippers.",A,"The summary covers each main section: nesting, hatching and dangers.",Use the headings to identify the main ideas to summarize.,,
G5-summarize-003,5,Summarize,RL.5.2,2,TRUE_FALSE,The Last Repair,A summary of “The Last Repair” should include what kind of fabric Khalid’s apron is made of.,True | False,False,The fabric is not important and is not even mentioned; the apron matters only because the spring is found there.,Summaries leave out small details.,,
G5-summarize-004,5,Summarize,RI.5.2,4,MULTIPLE_CHOICE,Every School Needs a Garden,Which detail should be LEFT OUT of a summary of “Every School Needs a Garden”?,A) Gardens make lessons real. | B) A tomato you have watered for weeks is more interesting. | C) Gardens can start small to save money. | D) Gardens help students eat better.,B,"The tomato line is a vivid example, not one of the main reasons.",Keep the claim and main reasons; drop examples and descriptions.,,
G5-summarize-005,5,Summarize,RL.5.2,5,SENTENCE_ORDER,The Last Repair,Put these sentences in order to summarize “The Last Repair.”,Khalid must fix a captain’s watch before sunset. → He loses a tiny spring and panics. → He remembers his uncle’s lesson about patience. → He finds the spring and finishes just in time.,order as listed,"These four sentences give the beginning, problem, turning point and resolution.",A story summary follows the plot from beginning to end.,,
G5-summarize-006,5,Summarize,RI.5.2,6,MULTIPLE_CHOICE,Every School Needs a Garden,A student summarized the garden article as “Gardens are great and everyone loves them.” What is the main problem with this summary?,A) It uses the author’s exact words. | B) It includes too many facts. | C) It adds an opinion and leaves out the author’s actual reasons. | D) It is too long.,C,"A summary should state the author’s claim and main reasons, not a general opinion.",Summaries are objective and include the main ideas.,,
G5-reread-001,5,Reread to Clarify,RI.5.1,2,MULTIPLE_CHOICE,Sea Turtles of the Red Sea,You are unsure why hatchlings crawl the wrong way. Which section should you reread?,A) Glossary | B) The title | C) Where Turtles Nest | D) Dangers on the Beach,D,This section explains that bright lights confuse hatchlings.,Use headings to choose which part to reread.,,
G5-reread-002,5,Reread to Clarify,RI.5.1,2,TRUE_FALSE,,Rereading can help you notice how one paragraph connects to another.,True | False,True,A second reading often reveals connections you missed the first time.,Reread slowly and look for links between ideas.,,
G5-reread-003,5,Reread to Clarify,RI.5.1,3,MULTIPLE_CHOICE,Every School Needs a Garden,"After rereading “Every School Needs a Garden,” a student understands why the author mentions “donated seeds.” What did rereading help the student see?",A) The detail answers the claim that gardens cost too much. | B) The author wants students to sell seeds. | C) Seeds grow faster when donated. | D) Gardens need no seeds at all.,A,The donated seeds appear in the paragraph that responds to the cost argument.,Reread to understand why the author includes a detail.,,
G5-reread-004,5,Reread to Clarify,RI.5.1,4,MULTIPLE_CHOICE,Sea Turtles of the Red Sea,Which question would rereading the first section of the turtle article help you answer?,A) How long do eggs stay in the sand? | B) Which kinds of turtles swim in the Red Sea? | C) What does “hatchling” mean? | D) Why do bright lights confuse hatchlings?,B,The first section names green turtles and hawksbill turtles.,Know which section answers which question.,,
G5-reread-005,5,Reread to Clarify,RI.5.1,5,MULTIPLE_CHOICE,Sea Turtles of the Red Sea,A reader thinks the turtle article says lights help hatchlings. What should the reader do?,A) Trust their memory and move on. | B) Look only at the caption. | C) Reread the section about dangers to check the information. | D) Read a different article.,C,Rereading would show that lights confuse hatchlings; they do not help.,Reread to check facts when you are not sure.,,
G5-reread-006,5,Reread to Clarify,RI.5.1,6,MULTI_SELECT,Sea Turtles of the Red Sea,Which TWO details would a careful reread of “From Egg to Ocean” reveal?,A) The eggs stay in the sand for about two months. | B) Hatchlings usually dig out at night. | C) Hatchlings follow their mother to the water. | D) The mother turtle stays to protect the nest.,"A, B",Both correct details are stated in the section; the others contradict it.,Rereading helps you separate what the text says from what you assume.,,
G5-ask-answer-questions-001,5,Ask and Answer Questions,RI.5.1,2,MULTIPLE_CHOICE,Sea Turtles of the Red Sea,Which question is answered in the sidebar of the turtle article?,A) How many eggs does a turtle lay? | B) What is a caption? | C) Where do turtles nest? | D) What affects whether hatchlings become males or females?,D,The sidebar says the temperature of the sand affects this.,Match questions to the part of the text that answers them.,,
G5-ask-answer-questions-002,5,Ask and Answer Questions,RI.5.1,3,MULTIPLE_CHOICE,Every School Needs a Garden,Which question can be answered by quoting the garden article directly?,A) What does the author suggest for schools with little money? | B) What does the author’s school garden look like? | C) How many schools have gardens? | D) Which vegetables grow fastest?,A,The text says gardens can start “with a few containers and donated seeds.”,Ask questions that the text can answer with evidence.,,
G5-ask-answer-questions-003,5,Ask and Answer Questions,RI.5.1,3,TRUE_FALSE,Sea Turtles of the Red Sea,The turtle article explains exactly how many hatchlings survive to adulthood.,True | False,False,The article does not give survival numbers; you would need another source.,Notice when a text does NOT answer your question.,,
G5-ask-answer-questions-004,5,Ask and Answer Questions,RI.5.1,4,MULTIPLE_CHOICE,Sea Turtles of the Red Sea,"A reader asks, “Why do hatchlings move toward the horizon?” Which sentence answers this?","A) Warmer nests produce more females. | B) Hatchlings find the sea by moving toward the brightest horizon, which is normally the moonlit water. | C) She covers the nest and returns to the sea. | D) Green turtles and hawksbill turtles swim in the warm waters of the Red Sea.",B,The sentence explains that the bright horizon leads them to the sea.,Use the question’s key words to find the answer.,,
G5-ask-answer-questions-005,5,Ask and Answer Questions,RI.5.1,5,MULTIPLE_CHOICE,Every School Needs a Garden,Which question shows the DEEPEST thinking about the garden article?,A) What is the title? | B) How many reasons are there? | C) Would the author’s reasons work for a school in a very dry climate? | D) Who argues that gardens cost too much?,C,This question applies the author’s ideas to a new situation.,Strong readers ask questions that go beyond recall.,,
G5-ask-answer-questions-006,5,Ask and Answer Questions,RI.5.1,6,MULTIPLE_CHOICE,Sea Turtles of the Red Sea,Which inference is BEST supported by the turtle article?,A) Hawksbill turtles do not lay eggs. | B) Turtles prefer cold beaches. | C) Hatchlings are never in danger. | D) Keeping beaches dark at night could help more hatchlings reach the sea.,D,"If bright lights confuse hatchlings, darker beaches would help them find the moonlit water.",Combine details from the text to answer a question it does not state directly.,,
G5-sentences-001,5,Sentences and Sentence Types,L.5.1,1,MULTIPLE_CHOICE,,Which group of words is a complete sentence?,A) The new library opens on Sunday. | B) The new library on Sunday. | C) Because the library opens. | D) Opens on Sunday.,A,It has a subject (The new library) and a predicate (opens on Sunday) and expresses a complete thought.,"A sentence needs a subject, a verb and a complete thought.",,
G5-sentences-002,5,Sentences and Sentence Types,L.5.1,2,DROPDOWN,,Choose the end mark: “Have you ever seen a shooting star____”,"A) ; | B) , | C) ? | D) .",C,"“Have you ever…” asks a question, so it ends with a question mark.",Statements end with periods; questions end with question marks.,,
G5-sentences-003,5,Sentences and Sentence Types,L.5.1,3,MULTIPLE_CHOICE,,Which interrogative word best begins this question? “____ did the museum close early today?”,A) Who | B) Why | C) Whose | D) Which,B,"The question asks for a reason, so “Why” fits.","Interrogatives: who (person), what (thing), when (time), where (place), why (reason), how (manner).",,
G5-sentences-004,5,Sentences and Sentence Types,L.5.1,4,MULTIPLE_CHOICE,,Which sentence uses an appositive correctly?,"A) Our librarian Ms. Rahma, ordered, new atlases. | B) Ms. Rahma our librarian, ordered new atlases. | C) Ms. Rahma, our librarian, ordered new atlases. | D) Ms. Rahma, our librarian ordered new atlases.",C,An appositive that renames a noun in the middle of a sentence is set off by commas on both sides.,Appositives explain a nearby noun and are usually set off with commas.,,
G5-sentences-005,5,Sentences and Sentence Types,L.5.1,5,DROPDOWN,,"Choose the correct form: “Of all the players, Majed had the ____ score.”",A) bestest | B) most best | C) better | D) best,D,"“Best” is the superlative of “good,” used when comparing more than two.",good → better → best; bad → worse → worst.,,
G5-sentences-006,5,Sentences and Sentence Types,L.5.1,6,ERROR_CORRECTION,,Tap the part of the sentence that has an error.,This year’s weather |  was |  more worse |  than last year’s.,segment 3 →  worse,"“Worse” is already the comparative form of “bad,” so “more” must be removed.",Never add more or most to an irregular comparative form.,,
G5-subjects-predicates-001,5,Subjects and Predicates,L.5.1,2,MULTIPLE_CHOICE,,What is the complete predicate? “The friendly dog waited patiently for her owner.”,A) The friendly dog | B) dog | C) her owner | D) waited patiently for her owner,D,The complete predicate includes the verb and all the words that tell about it.,Complete predicate = everything that tells what the subject did or is.,,
G5-subjects-predicates-002,5,Subjects and Predicates,L.5.1,3,MULTIPLE_CHOICE,,What is the simple subject? “Several excited volunteers from the museum cleaned the beach.”,A) volunteers | B) museum | C) excited | D) beach,A,Remove describing words and phrases; the main noun is “volunteers.”,The simple subject is never inside a prepositional phrase.,,
G5-subjects-predicates-003,5,Subjects and Predicates,L.5.1,3,TRUE_FALSE,,"In “Under the old bridge lived a family of ducks,” the subject comes after the verb.",True | False,True,The verb is “lived”; the subject “a family of ducks” comes after it.,"In inverted sentences, ask “Who or what lived?” to find the subject.",,
G5-subjects-predicates-004,5,Subjects and Predicates,L.5.1,4,MULTIPLE_CHOICE,,Which sentence has BOTH a compound subject and a compound predicate?,"A) Reem wrote the script, and Dana directed the play. | B) Reem and Dana wrote the script and directed the play. | C) Reem and Dana wrote the script. | D) Reem wrote the script and directed the play.",B,"Two subjects (Reem, Dana) share two predicates (wrote…, directed…).","Find the subjects first, then the verbs.",,
G5-subjects-predicates-005,5,Subjects and Predicates,L.5.1,5,MULTIPLE_CHOICE,,What is the simple predicate? “The students have been practicing their lines all week.”,A) all week | B) their lines | C) have been practicing | D) practicing,C,The simple predicate is the whole verb phrase: have been practicing.,Include helping verbs in the simple predicate.,,
G5-subjects-predicates-006,5,Subjects and Predicates,L.5.1,6,FILL_BLANK,,"Add a simple subject that makes sense: “At dawn, the hungry ____ chirped loudly in the nest.”",(typed),birds / chicks / sparrows / baby birds / nestlings / bird / chick / robins / pigeons / finches,"Something in a nest that chirps, such as “birds,” is a logical subject.",The subject is who or what does the action.,,
G5-fragments-run-ons-001,5,Fragments and Run-On Sentences,L.5.1,2,MULTIPLE_CHOICE,,Which is a run-on sentence?,"A) I went to the store, but it was closed. | B) When I went to the store. | C) I went to the store. | D) I went to the store it was closed.",D,Two complete sentences are joined with no conjunction or punctuation.,A run-on joins sentences without the proper conjunction and punctuation.,,
G5-fragments-run-ons-002,5,Fragments and Run-On Sentences,L.5.1,3,MULTIPLE_CHOICE,,Which is a sentence fragment?,"A) After the long, rainy weekend. | B) We stayed inside all weekend. | C) It rained, so we played games. | D) The weekend was long and rainy.",A,It has no subject and verb that complete a thought.,"A fragment leaves the reader asking, “What happened?”",,
G5-fragments-run-ons-003,5,Fragments and Run-On Sentences,L.5.1,4,MULTIPLE_CHOICE,,Which is the best way to correct this run-on? “The museum was crowded we waited an hour.”,"A) The museum was crowded, we waited an hour. | B) The museum was crowded, so we waited an hour. | C) The museum was crowded we, waited an hour. | D) The museum crowded we waited.",B,A comma plus the conjunction “so” correctly joins the two independent clauses.,"Fix run-ons with a period, or a comma plus and/but/or/so.",,
G5-fragments-run-ons-004,5,Fragments and Run-On Sentences,L.5.1,3,TRUE_FALSE,,“Running down the hallway with a heavy backpack” is a complete sentence.,True | False,False,It has no subject and no complete verb; it is a fragment.,Ask: Who is running? A complete sentence would tell you.,,
G5-fragments-run-ons-005,5,Fragments and Run-On Sentences,L.5.1,5,ERROR_CORRECTION,,Tap the part of the sentence that has an error.,"Our team practiced hard | , we |  won the |  championship.","segment 2 → , and we",A comma alone cannot join two complete sentences; add a conjunction such as “and.”,"Two independent clauses need a comma AND a conjunction, or a period.",,
G5-fragments-run-ons-006,5,Fragments and Run-On Sentences,L.5.1,6,MULTIPLE_CHOICE,,Which revision fixes BOTH problems? “Because the bus was late. We missed the start of the play we were upset.”,"A) The bus was late we missed the start. Of the play we were upset. | B) Because the bus was late. We missed the start of the play, we were upset. | C) Because the bus was late, we missed the start of the play. We were upset. | D) Because the bus was late, we missed the start of the play we were upset.",C,Attaching the fragment to the next clause and splitting the run-on fixes both errors.,Fix fragments by joining them to a sentence; fix run-ons by separating or properly joining clauses.,,
G5-plural-nouns-001,5,"Singular, Plural and Irregular Plural Nouns",L.5.2,1,DROPDOWN,,Choose the correct plural: “We packed our ____ for the trip.”,A) lunches | B) lunchies | C) lunchs | D) lunch’s,A,"Add -es to nouns ending in s, sh, ch or x: lunch → lunches.","Words ending in s, sh, ch or x add -es.",,
G5-plural-nouns-002,5,"Singular, Plural and Irregular Plural Nouns",L.5.2,2,DROPDOWN,,Choose the correct plural: “The library has three ____ of that book.”,A) copys | B) copies | C) copy’s | D) copyes,B,"Copy ends in a consonant + y, so change y to i and add -es: copies.",Vowel + y → add s (keys). Consonant + y → ies (copies).,,
G5-plural-nouns-003,5,"Singular, Plural and Irregular Plural Nouns",L.5.2,3,DROPDOWN,,Choose the correct plural: “Autumn ____ covered the path.”,A) leafs | B) leafes | C) leaves | D) leave,C,Some nouns ending in f change the f to v and add -es: leaf → leaves.,"Watch for f/fe words: leaf/leaves, knife/knives, half/halves.",,
G5-plural-nouns-004,5,"Singular, Plural and Irregular Plural Nouns",L.5.1,4,MULTIPLE_CHOICE,,Which sentence uses an irregular plural correctly?,A) My tooths are clean. | B) Three deers drank from the stream. | C) The childs played in the yard. | D) Three deer drank from the stream.,D,“Deer” is the same in singular and plural.,"Learn irregular plurals: deer, sheep, fish; tooth/teeth; child/children.",,
G5-plural-nouns-005,5,"Singular, Plural and Irregular Plural Nouns",L.5.2,5,MATCHING,,Match each singular noun with its plural.,piano = pianos | potato = potatoes | monkey = monkeys | woman = women,pairs as listed,"Some -o words add s, others add es; vowel + y adds s; woman is irregular.",Check the letter before the final y or o.,,
G5-plural-nouns-006,5,"Singular, Plural and Irregular Plural Nouns",L.5.1,6,MULTIPLE_CHOICE,,Which sentence uses a collective noun with the correct verb?,A) The orchestra plays every Thursday evening. | B) The orchestra play every Thursday evening. | C) The orchestras plays every Thursday evening. | D) The orchestra are playing every Thursday evening.,A,"“Orchestra” names one group acting together, so it takes the singular verb “plays.”","Collective nouns (team, class, family) usually take singular verbs.",,
G5-possessive-nouns-001,5,Possessive Nouns,L.5.2,2,DROPDOWN,,Choose the correct possessive: “____ bicycle has a flat tire.”,A) Lucas | B) Lucases | C) Luca’s | D) Lucas’s,D,"In your Wonders book, a name ending in s takes an apostrophe and s: Lucas’s.","Names and singular nouns ending in s: add ’s (Lucas’s, the class’s).",,
G5-possessive-nouns-002,5,Possessive Nouns,L.5.2,3,DROPDOWN,,Choose the correct possessive: “The ____ final project won first prize.”,A) class’s | B) classes’ | C) class | D) classes,A,One class owns the project; a singular noun ending in s adds ’s.,Decide whether there is one owner or more than one.,,
G5-possessive-nouns-003,5,Possessive Nouns,L.5.2,3,DROPDOWN,,Choose the correct possessive: “The ____ uniforms were washed after the match.”,A) athletes | B) athletes’ | C) athlete’s | D) athletes’s,B,A plural noun ending in s adds only an apostrophe: athletes’.,Plural ending in s → add only ’.,,
G5-possessive-nouns-004,5,Possessive Nouns,L.5.2,4,MULTIPLE_CHOICE,,Which phrase is written correctly?,A) the peoples hometown | B) the people’s hometown | C) the peoples’ hometown | D) the people’s’ hometown,B,Plural nouns that do not end in s add ’s: people’s.,"Irregular plurals (people, women, children, oxen) add ’s.",,
G5-possessive-nouns-005,5,Possessive Nouns,L.5.2,5,ERROR_CORRECTION,,Tap the part of the sentence that has an error.,The two |  authors |  books |  offer clues.,segment 3 →  authors’ books,"The books belong to two authors, so the plural possessive is “authors’.”","If a plural noun shows ownership, it needs an apostrophe.",,
G5-possessive-nouns-006,5,Possessive Nouns,L.5.2,6,MULTIPLE_CHOICE,,Which sentence correctly uses both a plural noun and a possessive noun?,A) The atlases index lists all the island’s. | B) The atlas index list’s all the islands. | C) The atlas’s index lists all the islands. | D) The atla’s index lists all the islands.,C,“Atlas’s” is a singular possessive; “islands” is a plain plural.,Do not confuse plurals with possessives.,,
G5-apostrophes-contractions-001,5,Apostrophes and Contractions,L.5.2,1,DROPDOWN,,Choose the contraction for “are not”: “The shops ____ open on Fridays.”,A) isn’t | B) are’nt | C) aren’t | D) arent,C,are + not → aren’t; the apostrophe replaces the o.,The apostrophe goes where letters are left out.,,
G5-apostrophes-contractions-002,5,Apostrophes and Contractions,L.5.2,2,DROPDOWN,,Choose the correct word: “____ going to love this museum!”,A) Youre | B) Your | C) Yours | D) You’re,D,You are → you’re. Test it: “You are going to love this museum.”,Your = belongs to you; you’re = you are.,,
G5-apostrophes-contractions-003,5,Apostrophes and Contractions,L.5.2,3,MULTIPLE_CHOICE,,Which word is a modal helping verb in “You should wear a helmet”?,A) You | B) wear | C) helmet | D) should,D,"Modals such as can, could, may, might, must, should and would express possibility or obligation.",A modal comes before the main verb and changes its meaning.,,
G5-apostrophes-contractions-004,5,Apostrophes and Contractions,L.5.2,4,MULTIPLE_CHOICE,,Which modal shows that something is REQUIRED? “Visitors ____ show a ticket at the gate.”,A) must | B) might | C) may | D) could,A,“Must” expresses obligation.,must = required; may/might = possible; can/could = able.,,
G5-apostrophes-contractions-005,5,Apostrophes and Contractions,L.5.2,5,DROPDOWN,,Choose the correct pronoun: “The twins built the model by ____.”,A) themselves | B) themself | C) their’s | D) theirselves,A,Plural reflexive pronouns end in -selves: themselves.,"-self for one, -selves for more than one.",,
G5-apostrophes-contractions-006,5,Apostrophes and Contractions,L.5.2,6,ERROR_CORRECTION,,Tap the part of the sentence that has an error.,The company |  lost |  it’s |  biggest customer.,segment 3 →  its,"The customer belongs to the company, so the possessive “its” (no apostrophe) is needed.","Possessive pronouns (its, yours, theirs) never use apostrophes.",,
G5-adjectives-001,5,"Adjectives, Articles and Order of Adjectives",L.5.1,1,MULTIPLE_CHOICE,,Which word is an adjective? “The tiny kitten slept on the rug.”,A) slept | B) tiny | C) kitten | D) on,B,“Tiny” describes the kitten (what kind).,"Adjectives tell what kind, how many or how much.",,
G5-adjectives-002,5,"Adjectives, Articles and Order of Adjectives",L.5.1,2,MULTIPLE_CHOICE,,Which sentence capitalizes the proper adjective correctly?,A) We tasted delicious Lebanese Bread. | B) We tasted delicious lebanese bread. | C) We tasted delicious Lebanese bread. | D) We tasted Delicious Lebanese bread.,C,"“Lebanese” comes from the proper noun Lebanon, so it is capitalized.",Proper adjectives come from proper nouns.,,
G5-adjectives-003,5,"Adjectives, Articles and Order of Adjectives",L.5.1,2,DROPDOWN,,Choose the article: “She ate ____ orange after lunch.”,A) a | B) an | C) the | D) this,B,"“Orange” begins with a vowel sound, so use “an.”",a + consonant sound; an + vowel sound.,,
G5-adjectives-004,5,"Adjectives, Articles and Order of Adjectives",L.5.1,3,DROPDOWN,,Choose the demonstrative adjective: “____ books right here on my desk are new.”,A) That | B) Those | C) These | D) This,C,Plural and near → “these.”,this/these = near; that/those = far.,,
G5-adjectives-005,5,"Adjectives, Articles and Order of Adjectives",L.5.1,4,MULTIPLE_CHOICE,,Which phrase lists the adjectives in the correct order?,A) old two beautiful chairs | B) beautiful two old chairs | C) two old beautiful chairs | D) two beautiful old chairs,D,"The order is number, opinion, size, age, color: two (number) beautiful (opinion) old (age).",Number → opinion → size → age → color.,,
G5-adjectives-006,5,"Adjectives, Articles and Order of Adjectives",L.5.1,6,MULTIPLE_CHOICE,,Which sentence uses commas with adjectives correctly?,"A) Jorge played a quiet, gentle song on the oud. | B) Jorge played a quiet gentle, song on the oud. | C) Jorge played a, quiet gentle song on the oud. | D) Jorge played three, quiet songs on the oud.",A,Two adjectives that equally describe the noun are separated by a comma.,"Test: if you can put “and” between the adjectives, use a comma.",,
G5-irregular-verbs-001,5,Irregular Verbs,L.5.1,1,DROPDOWN,,"Choose the past tense: “Yesterday, Amal ____ the ball.”",A) catches | B) catched | C) catching | D) caught,D,catch → caught.,Irregular verbs do not add -ed in the past tense.,,
G5-irregular-verbs-002,5,Irregular Verbs,L.5.1,2,DROPDOWN,,"Choose the past tense: “Last week, we ____ a new route to school.”",A) chose | B) choosed | C) choose | D) chosen,A,choose → chose (past) → have chosen (past participle).,Learn the three forms of irregular verbs.,,
G5-irregular-verbs-003,5,Irregular Verbs,L.5.1,3,MATCHING,,Match each verb with its past tense.,bring = brought | begin = began | keep = kept | drink = drank,pairs as listed,Each of these verbs forms its past tense irregularly.,Say “Yesterday I…” to test the past tense.,,
G5-irregular-verbs-004,5,Irregular Verbs,L.5.1,4,DROPDOWN,,"Choose the correct form: “By noon, the guests had ____ all the dates.”",A) eated | B) eaten | C) eat | D) ate,B,had + past participle: had eaten.,Past tense stands alone (ate); the past participle follows have/has/had (eaten).,,
G5-irregular-verbs-005,5,Irregular Verbs,L.5.1,5,ERROR_CORRECTION,,Tap the part of the sentence that has an error.,The leaves |  falled |  from the trees |  in the strong wind.,segment 2 →  fell,“Fall” is irregular: the past tense is “fell.”,"If a past tense sounds strange with -ed, check whether the verb is irregular.",,
G5-irregular-verbs-006,5,Irregular Verbs,L.5.1,6,MULTIPLE_CHOICE,,Which sentence uses irregular verbs correctly?,A) She knew the answer because she had red the chapter twice. | B) She knew the answer because she had read the chapter twice. | C) She knowed the answer because she had readed the chapter twice. | D) She known the answer because she had read the chapter twice.,B,knew (past of know) and had read (past participle of read) are both correct.,"Some irregular verbs, like read, keep the same spelling but change pronunciation.",,
G5-negatives-001,5,Negatives and Double Negatives,L.5.1,2,MULTIPLE_CHOICE,,Which sentence uses negatives correctly?,A) I didn’t do nothing wrong. | B) I not did nothing wrong. | C) I didn’t do anything wrong. | D) I didn’t never do anything wrong.,C,Use only one negative per clause: “didn’t” + the positive word “anything.”,Do not use two negatives in the same clause.,,
G5-negatives-002,5,Negatives and Double Negatives,L.5.1,2,DROPDOWN,,Choose the correct word: “Nobody ____ where the key is.”,A) doesn’t know | B) don’t know | C) knows | D) never knows,C,"“Nobody knows” has one negative, which is correct.","Negative words include no, not, nobody, nothing, never, no one and nowhere.",,
G5-negatives-003,5,Negatives and Double Negatives,L.5.1,3,TRUE_FALSE,,“We don’t want to go nowhere today” is correct.,True | False,False,It is a double negative. Correct: “We don’t want to go anywhere today.”,Replace one negative with its positive form.,,
G5-negatives-004,5,Negatives and Double Negatives,L.5.1,4,DROPDOWN,,Choose the correct word: “There isn’t ____ milk left in the fridge.”,A) no | B) nothing | C) none | D) any,D,"“Isn’t” is already negative, so use the positive word “any.”","After a negative verb, use any, anything, anyone, ever or anywhere.",,
G5-negatives-005,5,Negatives and Double Negatives,L.5.1,5,ERROR_CORRECTION,,Tap the part of the sentence that has an error.,The new student |  hasn’t |  met nobody |  in our class yet.,segment 3 →  met anybody,"“Hasn’t” is negative, so the second word must be positive: “anybody.”",Check each clause for more than one negative word.,,
G5-negatives-006,5,Negatives and Double Negatives,L.5.1,6,MULTIPLE_CHOICE,,Which pair of revisions BOTH correct “She never says nothing in class”?,A) “She always says nothing” or “She never says nothing” | B) “She doesn’t never say anything” or “She never says nothing” | C) “She never doesn’t say anything in class” or “She says nothing never” | D) “She never says anything in class” or “She says nothing in class”,D,Remove one negative (says nothing) or change one to a positive (never says anything).,"A double negative can be fixed two ways: remove one negative, or make it positive.",,
G5-capitalization-001,5,Capitalization,L.5.2.a,1,MULTIPLE_CHOICE,,Which sentence is capitalized correctly?,A) We visited Riyadh in March. | B) We visited riyadh in March. | C) We visited Riyadh in march. | D) we visited Riyadh in March.,A,"Cities, months and the first word of a sentence are capitalized.","Capitalize names of places, days, months and holidays.",,
G5-capitalization-002,5,Capitalization,L.5.2.a,2,MULTIPLE_CHOICE,,Which group of words is capitalized correctly?,"A) the Red Sea, the Battle of Badr, saudi national day | B) the Red Sea, the Battle of Badr, Saudi National Day | C) the red sea, the Battle of Badr, Saudi National Day | D) the Red Sea, the battle of badr, Saudi National Day",B,"Geographical names, historical events and holidays are all proper nouns.",Capitalize each important word in a multi-word proper noun.,,
G5-capitalization-003,5,Capitalization,L.5.2.a,3,MULTIPLE_CHOICE,,Which abbreviation is written correctly?,A) Dr A K Hamdi | B) dr. A.K. Hamdi | C) Dr. A.K. Hamdi | D) Dr. a.k. Hamdi,C,Titles and initials are capitalized and end with a period.,"Initial = first letter of a name, capitalized with a period.",,
G5-capitalization-004,5,Capitalization,L.5.2.a,3,TRUE_FALSE,,Acronyms such as NASA and the UN are usually written in all capital letters without periods.,True | False,True,This matches the rule for acronyms in your grammar book.,Acronyms are formed from the first letters of words in a name.,,
G5-capitalization-005,5,Capitalization,L.5.2.a,4,MULTIPLE_CHOICE,,Which closing for a letter is capitalized correctly?,"A) Best Wishes, | B) BEST WISHES, | C) best wishes, | D) Best wishes,",D,"In a closing, capitalize only the first word.",Greeting: capitalize the first word and names. Closing: first word only.,,
G5-capitalization-006,5,Capitalization,L.5.2.a,6,ERROR_CORRECTION,,Tap the part of the sentence that has an error.,"Last thurs., |  Mrs. Jackson |  read an article |  about the American Heart Association.","segment 1 → Last Thurs.,",Abbreviations of days are capitalized: Thurs.,Abbreviations of proper nouns keep their capital letters.,,
G5-quotations-dialogue-001,5,Quotation Marks and Dialogue,L.5.2.b,2,MULTIPLE_CHOICE,,Which sentence is punctuated correctly?,"A) “I finished my project,” said Nouf. | B) “I finished my project” said Nouf. | C) “I finished my project”, said Nouf. | D) I finished my project, said Nouf.",A,"Quotation marks go around the speaker’s words, with the comma inside.",Commas and periods go inside closing quotation marks.,,
G5-quotations-dialogue-002,5,Quotation Marks and Dialogue,L.5.2.b,3,MULTIPLE_CHOICE,,Which sentence is punctuated correctly?,"A) Coach said “Practice starts at four.” | B) Coach said, “Practice starts at four.” | C) Coach said, “practice starts at four.” | D) Coach said, “Practice starts at four”.",B,A comma separates the speaker tag from the quotation; the period goes inside.,Speaker tag + comma + “Quotation.”,,
G5-quotations-dialogue-003,5,Quotation Marks and Dialogue,L.5.2.b,2,TRUE_FALSE,,There should be a space between an opening quotation mark and the first word of the quotation.,True | False,False,There is no space after an opening quotation mark or before a closing one.,Quotation marks sit right next to the words they enclose.,,
G5-quotations-dialogue-004,5,Quotation Marks and Dialogue,L.5.2.b,4,MULTIPLE_CHOICE,,Where do the commas belong? “If we hurry” said Omar “we can catch the bus.”,A) Only after “Omar” | B) No commas are needed | C) After “hurry” (inside the quotation mark) and after “Omar” | D) After “we” and after “said”,C,"Correct: “If we hurry,” said Omar, “we can catch the bus.”","When a speaker tag interrupts a sentence, use commas on both sides of it.",,
G5-quotations-dialogue-005,5,Quotation Marks and Dialogue,L.5.2.b,5,ERROR_CORRECTION,,Tap the part of the sentence that has an error.,"“Mom, I had so much fun at the party” |  Charlie said | .","segment 1 → “Mom, I had so much fun at the party,”",The comma belongs inside the closing quotation mark.,Commas and periods always go inside closing quotation marks.,,
G5-quotations-dialogue-006,5,Quotation Marks and Dialogue,L.5.2.b,6,SENTENCE_ORDER,,Put the pieces in order to make a correctly punctuated sentence.,"“When the bell rings,” → said the teacher, → “please line up quietly.”",order as listed,"The quotation is interrupted by the speaker tag, with commas on both sides.","An interrupted quotation: “Part one,” speaker tag, “part two.”",,
G5-puns-001,5,Puns and Wordplay,L.5.5,2,MULTIPLE_CHOICE,,What makes this a pun? “The baker quit because he couldn’t make enough dough.”,"A) It repeats the same sound at the start. | B) It compares a baker to money using “like.” | C) It rhymes “baker” and “dough.” | D) “Dough” means both bread mixture and, informally, money.",D,A pun plays on a word with two meanings; “dough” can mean bread mixture or money.,A pun is a joke that uses a word’s double meaning.,,
G5-puns-002,5,Puns and Wordplay,L.5.5,3,MULTIPLE_CHOICE,,Which sentence is a pun?,"A) I used to be a banker, but I lost interest. | B) Banks open at nine o’clock. | C) I worked at the bank for ten years. | D) My bank is next to the bakery.",A,“Interest” means both money a bank pays and curiosity.,Look for one word that makes sense in two ways.,,
G5-puns-003,5,Puns and Wordplay,L.5.5,3,TRUE_FALSE,,“The math book looked sad because it had too many problems” is a pun.,True | False,True,“Problems” means both math exercises and troubles.,Ask whether one word works with two different meanings.,,
G5-puns-004,5,Puns and Wordplay,L.5.5,4,MULTIPLE_CHOICE,,Which word creates the pun? “Time flies like an arrow; fruit flies like a banana.”,A) arrow | B) flies | C) time | D) banana,B,“Flies” is a verb (moves quickly) in the first part and a noun (insects) in the second.,Puns can switch a word between two parts of speech.,,
G5-puns-005,5,Puns and Wordplay,L.5.5,5,MATCHING,,Match each pun with the word that has the double meaning.,The tailor won because he was always on pins and needles. = pins and needles | The bicycle couldn’t stand up because it was two-tired. = two-tired | The scarecrow got an award for being outstanding in his field. = outstanding in his field,pairs as listed,Each pun depends on a word or phrase that sounds like or means two things.,Find the phrase that makes the reader smile.,,
G5-puns-006,5,Puns and Wordplay,L.5.5,6,MULTIPLE_CHOICE,,Why might an author use a pun in a historical story?,A) To give exact dates and facts | B) To replace dialogue | C) To show a character’s cleverness or add humor | D) To make the story sound more serious,C,Puns reveal a playful or witty character and give readers a moment of humor.,Think about the effect of wordplay on the reader.,,
G5-reference-materials-001,5,"Dictionary, Glossary and Thesaurus",L.5.4.c,2,MULTIPLE_CHOICE,,You want to know whether “record” in your sentence is a noun or a verb. Which part of the dictionary entry should you check?,"A) The number of syllables | B) The guide words at the top of the page | C) The first letter of the entry word | D) The part-of-speech label, such as (n.) or (v.)",D,"Dictionary entries label each meaning with its part of speech, such as noun or verb.","Look for small labels like n., v., adj. after the entry word.",,
G5-reference-materials-002,5,"Dictionary, Glossary and Thesaurus",L.5.4.c,3,MULTIPLE_CHOICE,,"A digital thesaurus lists “glance, peek, scan, gaze” for “look.” Which word means to look for a long time?",A) gaze | B) peek | C) glance | D) scan,A,"To gaze is to look steadily for a long time, often with wonder.",Synonyms have shades of meaning; check the dictionary to choose precisely.,,
G5-reference-materials-003,5,"Dictionary, Glossary and Thesaurus",L.5.4.c,4,MULTIPLE_CHOICE,,The dictionary shows “con·duct (noun) KON-dukt; (verb) kuhn-DUKT.” How should you say “conduct” in “The students will conduct an experiment”?,"A) KON-dukt, because it is a noun | B) kuhn-DUKT, because it is a verb | C) Either way, because the meaning is the same | D) KON-DUKT, stressing both syllables",B,"“Will conduct” is a verb, so the stress is on the second syllable.",Some words change stress depending on their part of speech.,,
G5-reference-materials-004,5,"Dictionary, Glossary and Thesaurus",L.5.4.c,2,TRUE_FALSE,,A glossary is found at the back of a book and defines words used in that book.,True | False,True,"Unlike a dictionary, a glossary only covers words from that book.",Glossary = mini-dictionary for one book.,,
G5-reference-materials-005,5,"Dictionary, Glossary and Thesaurus",L.5.4.c,5,MULTIPLE_CHOICE,,Which source should you use to check whether “principal” or “principle” fits your sentence?,"A) An almanac | B) A table of contents | C) A dictionary, to compare the meanings | D) An atlas",C,A dictionary gives each word’s meaning so you can choose correctly.,Use a dictionary for meaning and spelling; a thesaurus for synonyms.,,
G5-reference-materials-006,5,"Dictionary, Glossary and Thesaurus",L.5.4.c,6,WORD_ORDER,,Put these words in dictionary order.,harbinger → harbor → hardship → harmony → harvest,order as listed,"Compare letter by letter: harb-i, harb-o, hard, harm, harv.","When words begin the same way, keep comparing until a letter differs.",,
G5-suffixes-001,5,Suffixes,L.5.4.b,2,MULTIPLE_CHOICE,,What does the suffix -less mean in “spotless”?,A) full of | B) one who | C) again | D) without,D,"Spotless means without spots, completely clean.",-less = without; -ful = full of.,,
G5-suffixes-002,5,Suffixes,L.5.4.b,3,MULTIPLE_CHOICE,,What does “washable” mean?,A) able to be washed | B) already washed | C) one who washes things | D) full of water,A,The suffix -able means able to be: washable = able to be washed.,Add the meaning of the suffix to the base word.,,
G5-suffixes-003,5,Suffixes,L.5.4.b,3,DROPDOWN,,Choose the word that means “the state of being kind”: “Her ____ made everyone feel welcome.”,A) kindness | B) kindly | C) kinder | D) unkind,A,The suffix -ness turns an adjective into a noun meaning “the state of being.”,-ness = state or quality of.,,
G5-suffixes-004,5,Suffixes,L.5.4.b,4,MATCHING,,Match each suffix with its meaning.,-ful = full of | -less = without | -ment = the act or result of | -er = one who,pairs as listed,Knowing suffix meanings helps you figure out new words.,Think of a word you know with each suffix.,,
G5-suffixes-005,5,Suffixes,L.5.4.b,5,MULTIPLE_CHOICE,,Which word means “in a careful way”?,A) careless | B) carefully | C) careful | D) caring,B,care + -ful (full of) + -ly (in a … way) = in a careful way.,Some words have two suffixes; build the meaning step by step.,,
G5-suffixes-006,5,Suffixes,L.5.4.b,6,MULTIPLE_CHOICE,,"In “The government announced a new agreement,” how do the suffixes help you understand “government” and “agreement”?",A) -ment turns the nouns into verbs. | B) -ment means “without.” | C) -ment turns the verbs “govern” and “agree” into nouns. | D) -ment makes the words plural.,C,Govern → government; agree → agreement. Both become nouns naming a thing or result.,Suffixes can change a word’s part of speech.,,
G5-subject-verb-agreement-001,5,Subject-Verb Agreement,L.5.1,1,DROPDOWN,,Choose the verb: “The scientist ____ through the microscope.”,A) look | B) looks | C) looking | D) are looking,B,"“Scientist” is singular, so the verb adds -s: looks.",Singular subject → verb + s. Plural subject → no -s.,,
G5-subject-verb-agreement-002,5,Subject-Verb Agreement,L.5.1,2,DROPDOWN,,Choose the verb: “Audrey and her sister ____ catch in the field.”,A) has played | B) plays | C) play | D) is playing,C,"Two people joined by “and” make a plural subject, so the verb has no -s.",Subject + and + subject = plural.,,
G5-subject-verb-agreement-003,5,Subject-Verb Agreement,L.5.1,3,DROPDOWN,,Choose the verb: “The box of old toys ____ dust in the attic.”,A) are collecting | B) have collected | C) collect | D) collects,D,The prepositional phrase “of old toys” does not change the subject; “box” is singular.,Cross out prepositional phrases to find the real subject.,,
G5-subject-verb-agreement-004,5,Subject-Verb Agreement,L.5.1,4,MULTIPLE_CHOICE,,Which sentence has correct subject-verb agreement?,A) A flock of birds fly over the river every evening. | B) A flocks of birds flies over the river every evening. | C) A flock of birds flying over the river every evening. | D) A flock of birds flies over the river every evening.,D,"“Flock” is a collective noun referring to the group as a whole, so it takes a singular verb.","Collective nouns (flock, team, class) usually take singular verbs.",,
G5-subject-verb-agreement-005,5,Subject-Verb Agreement,L.5.1,5,ERROR_CORRECTION,,Tap the part of the sentence that has an error.,"My sisters practice basketball, |  and my little brother |  watch |  from the bench.",segment 3 →  watches,"In a compound sentence, each subject agrees with its own verb: “brother” is singular, so “watches.”",Check the verb in each clause of a compound sentence separately.,,
G5-subject-verb-agreement-006,5,Subject-Verb Agreement,L.5.1,6,MULTIPLE_CHOICE,,Which sentence is correct?,A) Each of the students has a locker. | B) Each of the students having a locker. | C) Each of the student have a locker. | D) Each of the students have a locker.,A,"The subject is “Each,” which is singular, so the verb is “has.”","Words like each, every and either are singular subjects.",,
G6-drama-elements-001,6,Elements of Drama,RL.6.5,2,MULTIPLE_CHOICE,The Interview,What is the role of the NARRATOR in “The Interview”?,A) To interview Mr. Aziz | B) To introduce the setting and situation before the action begins | C) To play a character in the interview | D) To give stage directions to actors,B,The narrator explains when and where the play takes place and why Sara is there.,A narrator in a play speaks to the audience to provide background.,,
G6-drama-elements-002,6,Elements of Drama,RL.6.5,3,MULTIPLE_CHOICE,The Interview,"What is an aside, as used by Sara in Scene 1?",A) A change of scene | B) A long speech to another character | C) A comment spoken to the audience that other characters do not hear | D) A stage direction about where to stand,C,Sara’s aside reveals her frustration to the audience without Mr. Aziz hearing it.,Asides let the audience know a character’s private thoughts.,,
G6-drama-elements-003,6,Elements of Drama,RL.6.5,2,TRUE_FALSE,The Interview,"In “The Interview,” Scene 2 takes place two hours after Scene 1.",True | False,True,The stage directions for Scene 2 say “Two hours later.”,Scene headings and stage directions show changes in time and place.,,
G6-drama-elements-004,6,Elements of Drama,RL.6.5,4,MULTIPLE_CHOICE,The Interview,"How does the stage direction [stopping, then smiling for the first time] contribute to the plot?",A) It explains why the gym flooded. | B) It shows that Mr. Aziz is finished working for the day. | C) It introduces a new character. | D) It marks the turning point when Mr. Aziz begins to open up.,D,"After this moment his short answers change into a long story, which shifts the interview.",Stage directions can mark important changes in a character or in the plot.,,
G6-drama-elements-005,6,Elements of Drama,RL.6.5,5,MULTIPLE_CHOICE,The Interview,Why did the playwright divide the play into two short scenes instead of one?,A) To skip the long interview and show its result: Sara’s full notebook and changed attitude | B) To show a different character’s point of view | C) To give the narrator more lines | D) To introduce a second setting far from the school,A,Jumping two hours ahead lets the audience see how much the interview changed things.,A scene break can compress time and highlight a change.,,
G6-drama-elements-006,6,Elements of Drama,RL.6.5,6,MATCHING,The Interview,Match each element of “The Interview” with how it contributes to the play.,"The narrator’s opening = Sets the time, place and purpose | Sara’s aside = Reveals her private frustration to the audience | The radio = Triggers Mr. Aziz’s memories | The doorknob gift = Expresses the play’s message about care",pairs as listed,Each element plays a specific role in the structure and meaning of the drama.,Ask what each part of a play does for the audience.,,
G6-inference-001,6,Make Inferences,RL.6.1,2,MULTIPLE_CHOICE,The Interview,What can you infer about Mr. Aziz at the start of Scene 1?,A) He wants to stop working immediately. | B) He does not think his own work is interesting. | C) He is angry with Sara. | D) He has forgotten his years at the school.,B,"He says, “There is not much to tell,” which suggests he undervalues his own story.",An inference combines text evidence with what you already know.,,
G6-inference-002,6,Make Inferences,RL.6.1,3,MULTIPLE_CHOICE,The Interview,Why does Sara ask about the radio?,A) She thinks the radio is broken and wants to fix it. | B) She wants to listen to the news. | C) She is looking for a way to get Mr. Aziz talking. | D) She wants to buy the radio.,C,"Her aside shows she needs longer answers, so she tries a new question about an object in the room.",Use a character’s goal to infer the reason for their actions.,,
G6-inference-003,6,Make Inferences,RL.6.1,4,MULTIPLE_CHOICE,The Interview,What does Mr. Aziz’s final line suggest about how he sees his job?,A) He wants Sara to become a custodian. | B) He thinks doorknobs are worth a lot of money. | C) He regrets working at the school. | D) He believes caring for things over time gives them lasting value.,D,“Some things last if you look after them” reflects pride in thirty years of care.,Characters’ final lines often reveal their deeper values.,,
G6-inference-004,6,Make Inferences,RI.6.1,4,MULTIPLE_CHOICE,Letter to the Editor: Save the Old Souq,Which inference about the letter writer is BEST supported by the text?,A) She feels a personal connection to the souq through her family. | B) She dislikes visitors to the city. | C) She has never visited the souq. | D) She works for the city council.,A,She mentions her grandfather’s spice stall and her first school bag bought there.,Cite specific details that support your inference.,,
G6-inference-005,6,Make Inferences,RI.6.1,3,TRUE_FALSE,Letter to the Editor: Save the Old Souq,The letter suggests that Huda believes old buildings and tourism can work together.,True | False,True,She proposes repairs and signs in several languages to “protect our heritage and welcome visitors at the same time.”,Inferences must be supported by evidence in the text.,,
G6-inference-006,6,Make Inferences,RL.6.1,6,MULTI_SELECT,The Interview,Which TWO details support the inference that Mr. Aziz has hidden depths?,A) Sara’s notebook is full after two hours. | B) He shrugs at the first question. | C) He tells a detailed story about carrying two hundred chairs during a flood. | D) He polishes a brass doorknob.,"A, C",The vivid flood story and the full notebook show how much he had to share.,Look for evidence that contrasts with first impressions.,,
G6-author-purpose-001,6,Author's Purpose,RI.6.6,2,MULTIPLE_CHOICE,Letter to the Editor: Save the Old Souq,What is Huda’s main purpose in writing her letter?,A) To entertain readers with a funny story | B) To persuade the council to save the old souq | C) To explain how shopping centers are built | D) To describe how spices are grown,B,"She writes, “I urge the council to change its plan.”",Persuasive writing tries to convince readers to think or act in a certain way.,,
G6-author-purpose-002,6,Author's Purpose,RI.6.6,3,MULTIPLE_CHOICE,Letter to the Editor: Save the Old Souq,Why does Huda include the story of her grandfather’s stall?,A) To complain about her grandfather | B) To give directions to the souq | C) To show that the souq is part of real families’ history | D) To prove that spices are expensive,C,Personal history makes her argument about heritage feel real and emotional.,Ask how each detail serves the author’s purpose.,,
G6-author-purpose-003,6,Author's Purpose,RI.6.6,4,MULTIPLE_CHOICE,Letter to the Editor: Save the Old Souq,How does Huda respond to the council’s argument about visitors?,"A) She agrees that a mall would bring more visitors. | B) She ignores the council’s argument. | C) She says visitors are not important. | D) She argues that visitors come for what is unique, which the souq offers and a mall does not.",D,She turns the council’s own goal into a reason to keep the souq.,Strong persuasive writers answer opposing arguments.,,
G6-author-purpose-004,6,Author's Purpose,RI.6.6,3,TRUE_FALSE,Letter to the Editor: Save the Old Souq,The closing image “disappear behind a glass wall” is meant to create an emotional reaction.,True | False,True,The image of history vanishing behind glass appeals to readers’ feelings.,Word choice can convey an author’s point of view.,,
G6-author-purpose-005,6,Author's Purpose,RI.6.6,5,MULTIPLE_CHOICE,Letter to the Editor: Save the Old Souq,Which phrase BEST shows Huda’s point of view about the shopping center?,A) “They can visit a shopping center in any city in the world” | B) “The city council plans to replace our old covered souq” | C) “I am a sixth grader” | D) “Respectfully”,A,"The phrase suggests a mall is ordinary and replaceable, unlike the souq.",Look for phrases that reveal what the author values.,,
G6-author-purpose-006,6,Author's Purpose,RI.6.6,6,MULTIPLE_CHOICE,Letter to the Editor: Save the Old Souq,How does Huda make her letter persuasive WITHOUT being rude to the council?,A) She threatens the council with consequences. | B) She offers practical alternatives and closes respectfully. | C) She uses insults to show strong feeling. | D) She refuses to mention the council’s view.,B,"Suggesting repairs, lighting and signs shows a constructive attitude, and “Respectfully” keeps a polite tone.",An author’s purpose shapes tone as well as content.,,
G6-compare-texts-001,6,Compare and Contrast Texts,RL.6.9,2,MULTIPLE_CHOICE,Starting Over: A Story and a Poem,What theme do “The New Field” and “Transplant” share?,A) Football is more important than gardening. | B) Trees and people cannot change. | C) Adjusting to a new place takes time but can lead to growth. | D) Moving is always a terrible experience.,C,Yasmin learns the new field; the lemon tree grows new buds after a hard period.,Compare how different genres approach the same theme.,,
G6-compare-texts-002,6,Compare and Contrast Texts,RL.6.9,3,MULTIPLE_CHOICE,Starting Over: A Story and a Poem,How is the lemon tree’s experience similar to Yasmin’s?,"A) Both are moved by a coach. | B) Both live by the sea. | C) Both refuse to change. | D) Both struggle at first after being moved, then adapt.",D,Yasmin sits on the bench and misses home; the tree drops its leaves. Both later thrive.,Look for parallel stages in each text.,,
G6-compare-texts-003,6,Compare and Contrast Texts,RL.6.9,4,MULTIPLE_CHOICE,Starting Over: A Story and a Poem,How does the poem’s form change the way the theme is presented compared with the story?,A) The poem uses a single image and rhyme to suggest the theme; the story shows it through events and dialogue. | B) The story uses rhyme and stanzas. | C) The poem gives more details about football practice. | D) Both use the same characters.,A,The poem compresses the idea into images; the story develops it through a character’s actions over time.,Genre affects how an author develops a theme.,,
G6-compare-texts-004,6,Compare and Contrast Texts,RL.6.9,3,TRUE_FALSE,Starting Over: A Story and a Poem,"In both texts, a turning point shows the main subject beginning to thrive.",True | False,True,Yasmin scores her first goal; the tree breaks out in new buds.,Compare the structure as well as the theme.,,
G6-compare-texts-005,6,Compare and Contrast Texts,RL.6.9,5,MATCHING,Starting Over: A Story and a Poem,Match each detail from the story with a similar detail from the poem.,Yasmin leaves her team by the sea = The tree is lifted from its courtyard | Yasmin sits on the bench missing home = The tree drops its yellow light | Yasmin scores her first goal = New buds break out,pairs as listed,"The texts follow parallel stages: leaving, struggling, thriving.",Pair details that play the same role in each text.,,
G6-compare-texts-006,6,Compare and Contrast Texts,RL.6.9,6,MULTIPLE_CHOICE,Starting Over: A Story and a Poem,Which statement BEST explains a DIFFERENCE between the texts?,"A) The poem explains how to care for lemon trees. | B) The story credits effort and practice for the change, while the poem presents growth as something that comes with time. | C) The story is sad, but the poem is happy throughout. | D) Only the poem has a hopeful ending.",B,Yasmin practices every morning; the tree simply recovers “one morning.”,Compare not only what happens but why it happens in each text.,,
G6-imagery-001,6,Imagery and Sensory Language,RL.6.4,2,MULTIPLE_CHOICE,Desert Night,Which line from “Desert Night” appeals mainly to the sense of taste?,"A) “Somewhere a camel groans” | B) “A cool wind combs the ridges” | C) “and taste the smoke, the spice, the vast and silent dark” | D) “the sky unrolls its black carpet”",C,The speaker tastes smoke and spice from the coffee.,"Sensory language appeals to sight, sound, smell, taste and touch.",,
G6-imagery-002,6,Imagery and Sensory Language,RL.6.4,3,MULTIPLE_CHOICE,Desert Night,What does the simile “like a coin into a pocket” suggest about the sunset?,A) The sun is made of metal. | B) Someone has stolen the sun. | C) The sunset is very slow. | D) The sun disappears quickly and neatly below the dunes.,D,"A coin slips out of sight smoothly and fast, like the sun sinking.",A simile compares two things using like or as.,,
G6-imagery-003,6,Imagery and Sensory Language,RL.6.4,2,TRUE_FALSE,Desert Night,“The coffee pot hisses on the coals” appeals to the sense of hearing.,True | False,True,“Hisses” is a sound word.,Sound words create auditory imagery.,,
G6-imagery-004,6,Imagery and Sensory Language,RL.6.4,4,MULTIPLE_CHOICE,Desert Night,"What does the metaphor “the sky unrolls its black carpet, scattered with salt” describe?","A) The night sky spreading out, full of white stars | B) A sandstorm covering the sky | C) Salt being spilled on a rug | D) Black clouds before rain",A,"The black carpet is the dark sky, and the scattered salt is the stars.",A metaphor describes one thing as if it were another.,,
G6-imagery-005,6,Imagery and Sensory Language,RL.6.4,5,MATCHING,Desert Night,Match each image from “Desert Night” with the sense it appeals to most.,"the sand gives back the day’s heat = Touch | a camel groans, low as a cello string = Hearing | bitter and gold with cardamom = Taste | the sky unrolls its black carpet = Sight",pairs as listed,The poet uses every sense to place the reader in the desert.,Identify the sense each detail relies on.,,
G6-imagery-006,6,Imagery and Sensory Language,RL.6.4,6,MULTIPLE_CHOICE,Desert Night,How does the imagery in the last two lines shift the poem’s focus?,"A) From night to morning | B) From the wide desert landscape to the speaker’s close, personal experience | C) From calm to frightening | D) From the speaker to the camel",B,“I hold the small cup with both hands” brings the reader close to the speaker’s senses.,Notice when a poem moves from wide images to close-up ones.,,
G6-subjects-predicates-001,6,Subjects and Predicates,L.6.1,2,MULTIPLE_CHOICE,,"What is the subject of the command “Close the window, please”?",A) There is no subject. | B) window | C) you (understood) | D) please,C,"In an imperative sentence, the subject “you” is understood.",Commands have an understood subject.,,
G6-subjects-predicates-002,6,Subjects and Predicates,L.6.1,3,MULTIPLE_CHOICE,,What is the simple subject? “Neither of the answers on the board was correct.”,A) answers | B) correct | C) board | D) Neither,D,Remove “of the answers on the board”; the subject is “Neither.”,The subject is never inside a prepositional phrase.,,
G6-subjects-predicates-003,6,Subjects and Predicates,L.6.1,4,MULTIPLE_CHOICE,,Find the subject: “Here are the results of the survey.”,A) results | B) survey | C) Here | D) are,A,Rearranged: “The results of the survey are here.” The subject is “results.”,"In sentences beginning with here or there, the subject follows the verb.",,
G6-subjects-predicates-004,6,Subjects and Predicates,L.6.1,3,TRUE_FALSE,,"In “The team and its coach celebrated and posed for photos,” the sentence has a compound subject and a compound predicate.",True | False,True,"Subjects: team, coach. Predicates: celebrated, posed.","Find all subjects, then all verbs.",,
G6-subjects-predicates-005,6,Subjects and Predicates,L.6.1,5,MULTIPLE_CHOICE,,"What is the complete predicate? “During the storm, the old fishing boat drifted slowly toward the rocks.”","A) the old fishing boat | B) drifted slowly toward the rocks | C) During the storm, the old fishing boat | D) toward the rocks",B,The complete predicate is the verb and everything that tells about it.,Introductory phrases are not part of the subject.,,
G6-subjects-predicates-006,6,Subjects and Predicates,L.6.1,6,FILL_BLANK,,"Write the simple predicate (main verb phrase): “By next June, the new library will have opened its doors.” ____",(typed),will have opened,The simple predicate includes all helping verbs: will have opened.,Include every helping verb in the simple predicate.,,
G6-compound-sentences-001,6,Compound Sentences and Conjunctions,L.6.2,2,MULTIPLE_CHOICE,,Which compound sentence is punctuated correctly?,"A) The museum closed early but, the café stayed open. | B) The museum closed early, the café stayed open. | C) The museum closed early, but the café stayed open. | D) The museum, closed early but the café stayed open.",C,Use a comma before a coordinating conjunction joining two independent clauses.,"FANBOYS: for, and, nor, but, or, yet, so.",,
G6-compound-sentences-002,6,Compound Sentences and Conjunctions,L.6.2,3,MULTIPLE_CHOICE,,Which sentence correctly uses a semicolon?,A) The rain stopped the; players returned. | B) The rain; stopped the players returned. | C) The rain stopped; and the players returned. | D) The rain stopped; the players returned to the field.,D,A semicolon can join two closely related independent clauses without a conjunction.,Each side of a semicolon should be a complete sentence.,,
G6-compound-sentences-003,6,Compound Sentences and Conjunctions,L.6.1,3,DROPDOWN,,"Choose the conjunction: “He was exhausted, ____ he finished the race.”",A) yet | B) or | C) so | D) for,A,“Yet” shows a surprising contrast.,yet/but = contrast; so = result; for = reason; or = choice.,,
G6-compound-sentences-004,6,Compound Sentences and Conjunctions,L.6.1,4,DROPDOWN,,"Choose the conjunction: “Neither the coach was ready, ____ were the players.”",A) and | B) nor | C) or | D) but,B,“Neither … nor” is a correlative pair.,"Pairs: either/or, neither/nor, both/and, not only/but also.",,
G6-compound-sentences-005,6,Compound Sentences and Conjunctions,L.6.2,5,ERROR_CORRECTION,,Tap the part of the sentence that has an error.,"The library was quiet | , students |  read silently |  at every table.",segment 2 → ; students,Two independent clauses joined only by a comma create a comma splice; use a semicolon (or add a conjunction).,A comma alone cannot join two complete sentences.,,
G6-compound-sentences-006,6,Compound Sentences and Conjunctions,L.6.1,6,MULTIPLE_CHOICE,,Which revision best combines the ideas to show cause and effect? “The bridge was closed. Traffic moved slowly all morning.”,"A) The bridge was closed, so traffic moved slowly all morning. | B) The bridge was closed, but traffic moved slowly all morning. | C) The bridge was closed, traffic moved slowly all morning. | D) The bridge was closed, or traffic moved slowly all morning.",A,“So” shows that the closed bridge caused the slow traffic.,Choose the conjunction that matches the logical relationship.,,
G6-adverbs-001,6,Adverbs and Relative Adverbs,L.6.1,2,MULTIPLE_CHOICE,,Which word is an adverb? “The choir sang beautifully at the ceremony.”,A) choir | B) beautifully | C) ceremony | D) sang,B,“Beautifully” tells how the choir sang.,"Adverbs tell how, when, where or to what extent.",,
G6-adverbs-002,6,Adverbs and Relative Adverbs,L.6.1,3,MULTIPLE_CHOICE,,What question does the adverb answer? “We will leave tomorrow.”,A) To what extent? | B) Where? | C) When? | D) How?,C,“Tomorrow” tells when we will leave.,"Adverbs of time: today, soon, later, tomorrow.",,
G6-adverbs-003,6,Adverbs and Relative Adverbs,L.6.1,3,DROPDOWN,,Choose the relative adverb: “I still remember the day ____ we moved to a new city.”,A) where | B) why | C) when | D) which,C,“When” introduces a clause that tells about a time: the day.,"Relative adverbs: where (place), when (time), why (reason).",,
G6-adverbs-004,6,Adverbs and Relative Adverbs,L.6.1,4,DROPDOWN,,"Choose the correct form: “Of all the runners, Nasser finished ____.”",A) more quickly | B) quickliest | C) most quick | D) most quickly,D,Use “most” + adverb to compare three or more.,-ly adverbs: more/most + adverb.,,
G6-adverbs-005,6,Adverbs and Relative Adverbs,L.6.1,5,ERROR_CORRECTION,,Tap the part of the sentence that has an error.,She did |  good |  on the test |  this morning.,segment 2 →  well,“Well” is the adverb that describes how she did; “good” is an adjective.,Use well (adverb) to describe actions; good (adjective) to describe nouns.,,
G6-adverbs-006,6,Adverbs and Relative Adverbs,L.6.1,6,MULTIPLE_CHOICE,,Which word does the adverb “extremely” modify? “The extremely tired hikers rested by the stream.”,A) stream | B) hikers | C) rested | D) tired,D,"“Extremely” modifies the adjective “tired,” telling to what extent.","Adverbs can modify verbs, adjectives or other adverbs.",,
G6-pronoun-homophones-001,6,"Pronouns, Contractions and Homophones",L.6.1,2,DROPDOWN,,Choose the correct word: “____ turn is it to present?”,A) Whose | B) Who | C) Who’s | D) Whos,A,“Whose” shows ownership: whose turn.,Who’s = who is/who has; whose = belonging to whom.,,
G6-pronoun-homophones-002,6,"Pronouns, Contractions and Homophones",L.6.1,3,DROPDOWN,,Choose the correct word: “The students said ____ ready to present their project.”,A) theyre | B) they’re | C) their | D) there,B,"“They are ready to present” makes sense, so the contraction “they’re” is correct.",Expand the contraction to check if it fits.,,
G6-pronoun-homophones-003,6,"Pronouns, Contractions and Homophones",L.6.1,3,MULTIPLE_CHOICE,,Which sentence uses its and it’s correctly?,A) It’s clear that the team lost its focus. | B) It’s clear that the team lost it’s focus. | C) Its clear that the team lost its focus. | D) Its clear that the team lost it’s focus.,A,It’s = it is; its = belonging to it.,Possessive pronouns never use apostrophes.,,
G6-pronoun-homophones-004,6,"Pronouns, Contractions and Homophones",L.6.1,4,MATCHING,,Match each word with its meaning.,your = belonging to you | you’re = you are | who’s = who is | whose = belonging to whom,pairs as listed,Contractions contain apostrophes; possessive pronouns do not.,Replace the word with its expanded form to test it.,,
G6-pronoun-homophones-005,6,"Pronouns, Contractions and Homophones",L.6.1,5,ERROR_CORRECTION,,Tap the part of the sentence that has an error.,"If your |  finished, |  put your books |  on the shelf.",segment 1 → If you’re,“You’re” (you are) is needed: “If you are finished.” The second “your” is correct.,Check each your/you’re in the sentence separately.,,
G6-pronoun-homophones-006,6,"Pronouns, Contractions and Homophones",L.6.1,6,MULTIPLE_CHOICE,,Which sentence is completely correct?,"A) There are two reasons why their late: there bus broke down, and its replacement was delayed. | B) There are two reasons why they’re late: their bus broke down, and its replacement was delayed. | C) There are two reasons why they’re late: there bus broke down, and it’s replacement was delayed. | D) Their are two reasons why there late: they’re bus broke down, and it’s replacement was delayed.",B,"There (existence), they’re (they are), their (possession), its (possession) are all used correctly.",Test every homophone in a long sentence one at a time.,,
G6-prefixes-001,6,Prefixes,L.6.4.b,2,MULTIPLE_CHOICE,,What does the prefix mis- mean in “misunderstand”?,A) not | B) before | C) wrongly | D) again,C,To misunderstand is to understand wrongly.,mis- = wrongly or badly.,,
G6-prefixes-002,6,Prefixes,L.6.4.b,3,MULTIPLE_CHOICE,,"Using the prefix inter- (between), what does “international” mean?",A) inside one nation | B) without a nation | C) before nations existed | D) between or among nations,D,inter- + national = between nations.,inter- = between; intra- = within.,,
G6-prefixes-003,6,Prefixes,L.6.4.b,4,MATCHING,,Match each prefix with its meaning.,sub- = under | trans- = across | anti- = against | auto- = self,pairs as listed,These Greek and Latin prefixes appear in many academic words.,"Think of an example: submarine, transport, antibiotic, autograph.",,
G6-prefixes-004,6,Prefixes,L.6.4.b,4,DROPDOWN,,Choose the word that means “heat before”: “Please ____ the oven before you put the bread inside.”,A) unheat | B) overheat | C) preheat | D) reheat,C,pre- means before: preheat = heat before.,Combine the prefix meaning with the base word.,,
G6-prefixes-005,6,Prefixes,L.6.4.b,5,MULTIPLE_CHOICE,,"If “bi-” means two and “tri-” means three, what is a “tripod”?",A) a stand with three legs | B) a vehicle with three wheels | C) a stand with two legs | D) a book in three parts,A,tri- (three) + pod (foot) = three-footed stand.,Use both the prefix and the root to find the meaning.,,
G6-prefixes-006,6,Prefixes,L.6.4.b,6,MULTIPLE_CHOICE,,"In “The scientist’s findings were later proven to be a misinterpretation,” what does the prefix help you understand?",A) The findings were explained before the study. | B) The findings had been explained incorrectly. | C) The findings were explained again. | D) The findings were explained across many countries.,B,mis- (wrongly) + interpretation = a wrong explanation.,Prefixes change meaning even in long academic words.,,
G4-adjectives-002,4,"Adjectives, Articles and Order of Adjectives",L.4.1,1,MULTIPLE_CHOICE,,Which word is an adjective? “A shiny bike leaned against the wall.”,A) bike | B) wall | C) shiny | D) leaned,C,“Shiny” describes the bike.,"Adjectives describe nouns: what kind, how many, which one.",,
G4-adjectives-003,4,"Adjectives, Articles and Order of Adjectives",L.4.1,2,DROPDOWN,,Choose the adjective that tells HOW MANY: “We saw ____ camels near the road.”,A) tall | B) slowly | C) brown | D) seven,D,“Seven” tells how many camels.,Number words are adjectives that tell how many.,,
G4-adjectives-004,4,"Adjectives, Articles and Order of Adjectives",L.4.1,3,MULTIPLE_CHOICE,,Which sentence uses “a” and “an” correctly?,A) I ate a apple and an banana. | B) I ate an apple and an banana. | C) I ate a apple and a banana. | D) I ate an apple and a banana.,D,“An” comes before vowel sounds; “a” comes before consonant sounds.,Say the next word aloud to hear its first sound.,,
G4-adjectives-005,4,"Adjectives, Articles and Order of Adjectives",L.4.1,4,DROPDOWN,,Choose the adjective: “That was the ____ storm we have had all year.”,A) worst | B) most bad | C) baddest | D) worse,A,"Comparing more than two, the superlative of “bad” is “worst.”",good–better–best; bad–worse–worst.,,
G4-adjectives-006,4,"Adjectives, Articles and Order of Adjectives",L.4.1,6,MULTIPLE_CHOICE,,Which sentence uses an adjective correctly after the verb “smells”?,A) The fresh bread smells wonderful. | B) The fresh bread smells wonderfully. | C) The freshly bread smells wonderful. | D) The fresh bread smell wonderful.,A,"“Smells” links the bread to a describing word, so the adjective “wonderful” is correct.","After linking verbs (is, seems, smells, tastes), use adjectives.",,
G4-adverbs-002,4,Adverbs and Relative Adverbs,L.4.1,1,MULTIPLE_CHOICE,,Which word tells HOW the turtle moved? “The turtle moved slowly across the sand.”,A) sand | B) slowly | C) turtle | D) moved,B,“Slowly” is an adverb that tells how.,Many adverbs end in -ly.,,
G4-adverbs-003,4,Adverbs and Relative Adverbs,L.4.1,2,DROPDOWN,,Choose the adverb that tells WHEN: “We will visit the museum ____.”,A) quietly | B) tomorrow | C) upstairs | D) museum,B,“Tomorrow” tells when.,"Adverbs answer how, when or where.",,
G4-adverbs-004,4,Adverbs and Relative Adverbs,L.4.1,3,MULTIPLE_CHOICE,,Which word is an adverb that tells WHERE? “The children played outside after lunch.”,A) lunch | B) played | C) outside | D) children,C,“Outside” tells where they played.,"Where-adverbs: here, there, outside, inside, upstairs.",,
G4-adverbs-005,4,Adverbs and Relative Adverbs,L.4.1,5,DROPDOWN,,Choose the relative adverb: “Nobody knows the reason ____ the bell rang early.”,A) who | B) where | C) why | D) when,C,“Why” goes with “the reason.”,"Relative adverbs: where (place), when (time), why (reason).",,
G4-adverbs-006,4,Adverbs and Relative Adverbs,L.4.1,6,ERROR_CORRECTION,,Tap the part of the sentence that has an error.,Faisal |  ran |  very quick |  to catch the bus.,segment 3 →  very quickly,“Quickly” is the adverb that tells how he ran; “quick” is an adjective.,Use an adverb to describe a verb.,,
G4-comparatives-002,4,Comparing with Adjectives and Adverbs,L.4.1,1,DROPDOWN,,Choose the word: “A whale is ____ than a dolphin.”,A) biggest | B) more big | C) big | D) bigger,D,Comparing two animals uses -er: bigger.,Two things: -er. Three or more: -est.,,
G4-comparatives-003,4,Comparing with Adjectives and Adverbs,L.4.1,2,DROPDOWN,,"Choose the word: “Of the three puppies, Coco is the ____.”",A) smallest | B) small | C) smaller | D) most small,A,Comparing three puppies uses -est.,“Of the three” signals a superlative.,,
G4-comparatives-004,4,Comparing with Adjectives and Adverbs,L.4.1,3,MULTIPLE_CHOICE,,Which sentence compares two things correctly?,A) This puzzle is more difficulter than that one. | B) This puzzle is most difficult than that one. | C) This puzzle is difficulter than that one. | D) This puzzle is more difficult than that one.,D,Long adjectives use “more” to compare two things.,Long words: more/most. Short words: -er/-est.,,
G4-comparatives-005,4,Comparing with Adjectives and Adverbs,L.4.1,5,ERROR_CORRECTION,,Tap the part of the sentence that has an error.,Today is |  the most hottest |  day |  of the summer.,segment 2 →  the hottest,"Use -est OR most, never both: “the hottest.”",Never double up comparing words.,,
G4-comparatives-006,4,Comparing with Adjectives and Adverbs,L.4.1,6,MULTIPLE_CHOICE,,Which sentence uses comparing words correctly?,"A) Huda’s drawing is good, Rami’s is better, and Sami’s is the best. | B) Huda’s drawing is good, Rami’s is more better, and Sami’s is the best. | C) Huda’s drawing is good, Rami’s is gooder, and Sami’s is the goodest. | D) Huda’s drawing is good, Rami’s is better, and Sami’s is the bestest.",A,good → better → best.,Irregular comparatives must be memorized.,,
G4-fragments-run-ons-003,4,Fragments and Run-On Sentences,L.4.1,1,TRUE_FALSE,,“Ran to the gate” is a complete sentence.,True | False,False,It has no subject: who ran? It is a fragment.,A sentence needs a subject and a verb.,,
G4-fragments-run-ons-004,4,Fragments and Run-On Sentences,L.4.1,2,MULTIPLE_CHOICE,,Which group of words is a fragment?,A) It started to rain. | B) The girl with the red umbrella. | C) The girl opened her red umbrella. | D) She stayed dry.,B,"There is a subject but no verb, so it is not a complete thought.",Ask: What did the girl do?,,
G4-fragments-run-ons-005,4,Fragments and Run-On Sentences,L.4.1,4,MULTIPLE_CHOICE,,Which is a correct way to fix this run-on? “The power went out we lit candles.”,"A) The power went out and, we lit candles. | B) The power went out, we lit candles. | C) The power went out. We lit candles. | D) The power went out we, lit candles.",C,Splitting the run-on into two sentences fixes it.,"Fix run-ons with a period, or a comma and a conjunction.",,
G4-fragments-run-ons-006,4,Fragments and Run-On Sentences,L.4.1,6,MULTIPLE_CHOICE,,Which revision fixes the fragment? “When the bell rang. We lined up.”,"A) The bell. When we lined up. | B) When the bell rang we. Lined up. | C) When the bell rang. we lined up. | D) When the bell rang, we lined up.",D,Join the dependent clause to the main clause with a comma.,A clause starting with “When” needs a main clause.,,
G4-irregular-verbs-002,4,Irregular Verbs,L.4.1,1,DROPDOWN,,Choose the past tense: “Yesterday I ____ to the market.”,A) goed | B) went | C) goes | D) going,B,go → went.,Irregular verbs change their spelling in the past.,,
G4-irregular-verbs-003,4,Irregular Verbs,L.4.1,2,DROPDOWN,,Choose the past tense: “Last night Mama ____ a story.”,A) tolled | B) telled | C) told | D) tells,C,tell → told.,Say “Yesterday she…” to test.,,
G4-irregular-verbs-004,4,Irregular Verbs,L.4.1,3,MATCHING,,Match each verb with its past tense.,swim = swam | write = wrote | sing = sang | fly = flew,pairs as listed,These verbs change their vowel in the past tense.,Many irregular verbs change a vowel.,,
G4-irregular-verbs-005,4,Irregular Verbs,L.4.1,4,DROPDOWN,,Choose the correct form: “Have you ever ____ a camel?”,A) rode | B) ride | C) rided | D) ridden,D,have + past participle: have ridden.,ride → rode → (have) ridden.,,
G4-irregular-verbs-006,4,Irregular Verbs,L.4.1,6,MULTIPLE_CHOICE,,Which sentence uses irregular verbs correctly?,"A) The bell rang, and the students began to write. | B) The bell rang, and the students begun to write. | C) The bell ringed, and the students began to write. | D) The bell rung, and the students began to write.",A,rang and began are correct past-tense forms.,Past tense stands alone; past participles need has/have/had.,,
G4-negatives-002,4,Negatives and Double Negatives,L.4.1,1,MULTIPLE_CHOICE,,Which word is a negative?,A) often | B) never | C) always | D) sometimes,B,“Never” means “not ever.”,"Negatives: no, not, never, nobody, nothing, nowhere.",,
G4-negatives-003,4,Negatives and Double Negatives,L.4.1,2,DROPDOWN,,Choose the correct word: “I don’t have ____ homework tonight.”,A) any | B) none | C) nothing | D) no,A,Use only one negative: “don’t” + “any.”,One negative per sentence.,,
G4-negatives-004,4,Negatives and Double Negatives,L.4.1,3,TRUE_FALSE,,“Nobody never cleans the board” is correct.,True | False,False,It has two negatives. Correct: “Nobody ever cleans the board.”,Change one negative to a positive word.,,
G4-negatives-005,4,Negatives and Double Negatives,L.4.1,4,DROPDOWN,,Choose the correct word: “There wasn’t ____ in the box.”,A) none | B) anything | C) nothing | D) nobody,B,"“Wasn’t” is negative, so use the positive “anything.”","After n’t, use any-words.",,
G4-negatives-006,4,Negatives and Double Negatives,L.4.1,6,ERROR_CORRECTION,,Tap the part of the sentence that has an error.,We couldn’t find |  our cat |  nowhere |  in the house.,segment 3 →  anywhere,"“Couldn’t” is already negative, so “nowhere” must become “anywhere.”",Look for n’t plus another negative.,,
G4-nouns-002,4,"Nouns: Common, Proper, Concrete, Abstract, Collective",L.4.1,2,MULTIPLE_CHOICE,,Which word names a SPECIFIC river and is a proper noun?,A) water | B) river | C) Nile | D) boat,C,"“Nile” names one particular river, so it is capitalized.","Proper nouns name specific people, places and things.",,
G4-nouns-003,4,"Nouns: Common, Proper, Concrete, Abstract, Collective",L.4.1,3,MULTI_SELECT,,Which TWO words are nouns? “The farmer fed the hungry goats.”,A) goats | B) fed | C) farmer | D) hungry,"A, C","A noun names a person, place, thing or idea.",Test: can you put “the” before it?,,
G4-nouns-004,4,"Nouns: Common, Proper, Concrete, Abstract, Collective",L.4.1,4,MULTIPLE_CHOICE,,Which word is an abstract noun (an idea or feeling)?,A) teacher | B) helmet | C) garden | D) courage,D,Courage is a quality you cannot see or touch.,Abstract nouns name ideas and feelings.,,
G4-nouns-005,4,"Nouns: Common, Proper, Concrete, Abstract, Collective",L.4.1,5,MULTIPLE_CHOICE,,Which word is a collective noun?,A) flock | B) feather | C) bird | D) nest,A,A collective noun names a group: a flock of birds.,"Collective nouns: team, class, family, flock, herd.",,
G4-nouns-006,4,"Nouns: Common, Proper, Concrete, Abstract, Collective",L.4.1,6,MULTIPLE_CHOICE,,"In “Her kindness surprised the whole class,” which words are nouns?","A) Her, kindness | B) kindness, class | C) kindness, surprised | D) whole, class",B,“Kindness” is an abstract noun; “class” is a collective noun.,"Nouns can be people, places, things or ideas.",,
G4-plural-nouns-003,4,"Singular, Plural and Irregular Plural Nouns",L.4.1,1,DROPDOWN,,Choose the plural: “I have two ____.”,A) pencil’s | B) pencil | C) pencils | D) pencilss,C,Most nouns add -s to make plurals.,Add -s to most nouns.,,
G4-plural-nouns-004,4,"Singular, Plural and Irregular Plural Nouns",L.4.2,3,DROPDOWN,,Choose the plural: “The ____ played in the yard.”,A) puppy’s | B) puppyes | C) puppys | D) puppies,D,puppy → puppies.,Consonant + y → -ies.,,
G4-plural-nouns-005,4,"Singular, Plural and Irregular Plural Nouns",L.4.1,5,MULTIPLE_CHOICE,,Which sentence uses plural nouns correctly?,A) The women gave the childrens some knives and forks. | B) The women gave the children some knifes and forks. | C) The women gave the children some knives and forks. | D) The womans gave the childs some knifes and forks.,C,"women, children, knives are irregular plurals.",Learn irregular plurals by heart.,,
G4-plural-nouns-006,4,"Singular, Plural and Irregular Plural Nouns",L.4.2,6,MATCHING,,Match each singular noun with its plural.,mouse = mice | tooth = teeth | wolf = wolves | sheep = sheep,pairs as listed,These plurals do not just add -s.,Some plurals change vowels or stay the same.,,
G4-prepositions-002,4,Prepositions and Prepositional Phrases,L.4.1,1,MULTIPLE_CHOICE,,Which word is a preposition? “The ball rolled under the car.”,A) rolled | B) ball | C) car | D) under,D,“Under” shows where the ball rolled.,Prepositions show position or direction.,,
G4-prepositions-003,4,Prepositions and Prepositional Phrases,L.4.1,2,DROPDOWN,,Choose the preposition: “Put the books ____ the shelf.”,A) on | B) blue | C) slowly | D) books,A,“On” shows where to put the books.,"Common prepositions: on, in, under, over, between, behind.",,
G4-prepositions-004,4,Prepositions and Prepositional Phrases,L.4.1,4,MULTIPLE_CHOICE,,What is the object of the preposition? “We walked along the narrow path.”,A) path | B) narrow | C) walked | D) along,A,The object is the noun after the preposition: path.,Preposition + (describing words) + noun = phrase.,,
G4-prepositions-005,4,Prepositions and Prepositional Phrases,L.4.1,5,MULTI_SELECT,,"Which TWO are prepositional phrases? “After school, the cat slept beside the window.”",A) slept beside | B) After school | C) beside the window | D) the cat slept,"B, C",Each phrase starts with a preposition and ends with a noun.,"Find the preposition, then its noun.",,
G4-prepositions-006,4,Prepositions and Prepositional Phrases,L.4.1,6,ERROR_CORRECTION,,Tap the part of the sentence that has an error.,The keys |  were hidden |  between of |  the cushions.,segment 3 →  between,“Between” is the preposition; “of” is not needed.,Use one preposition before the object.,,
G4-pronoun-homophones-004,4,"Pronouns, Contractions and Homophones",L.4.1.g,1,DROPDOWN,,Choose the correct word: “Is this ____ backpack?”,A) yore | B) your | C) youre | D) you’re,B,“Your” shows ownership.,your = belongs to you; you’re = you are.,,
G4-pronoun-homophones-005,4,"Pronouns, Contractions and Homophones",L.4.1.g,5,ERROR_CORRECTION,,Tap the part of the sentence that has an error.,They put |  there coats |  on the hooks |  by the door.,segment 2 →  their coats,"The coats belong to them, so use “their.”",their = belonging to them.,,
G4-pronoun-homophones-006,4,"Pronouns, Contractions and Homophones",L.4.1.g,6,MULTIPLE_CHOICE,,Which sentence is correct?,A) They’re bringing there kites over their. | B) They’re bringing their kites over there. | C) There bringing their kites over they’re. | D) Their bringing there kites over they’re.,B,They’re = they are; their = belonging to them; there = a place.,Test each word separately.,,
G4-pronouns-003,4,Pronouns and Antecedents,L.4.1,1,MULTIPLE_CHOICE,,Which pronoun can replace “Sara” in “Sara likes art”?,A) It | B) They | C) She | D) He,C,"Sara is one girl, so “she.”",Pronouns take the place of nouns.,,
G4-pronouns-004,4,Pronouns and Antecedents,L.4.1,2,DROPDOWN,,Choose the pronoun: “Mom gave the gift to ____.”,A) I | B) mine | C) me | D) myself,C,"After “to,” use the object pronoun “me.”",I is a subject; me is an object.,,
G4-pronouns-005,4,Pronouns and Antecedents,L.4.1,4,DROPDOWN,,Choose the relative pronoun: “The book ____ I borrowed was exciting.”,A) who | B) whose | C) where | D) that,D,“That” refers to things like the book.,who = people; which/that = things.,,
G4-pronouns-006,4,Pronouns and Antecedents,L.4.1,6,ERROR_CORRECTION,,Tap the part of the sentence that has an error.,Ali and me |  finished |  the puzzle |  together.,segment 1 → Ali and I,"As part of the subject, use “I.” Test: “I finished,” not “me finished.”",Remove the other person to test.,,
G4-sentences-002,4,Sentences and Sentence Types,L.4.1,2,MULTIPLE_CHOICE,,Which sentence is a command?,A) Is the door closed? | B) What a heavy door! | C) The door is closed. | D) Please close the door.,D,A command tells someone to do something.,Commands often begin with a verb.,,
G4-sentences-003,4,Sentences and Sentence Types,L.4.1,3,DROPDOWN,,Choose the end mark: “What a beautiful sunset____”,"A) ! | B) . | C) , | D) ?",A,Exclamations show strong feeling.,! = strong feeling.,,
G4-sentences-004,4,Sentences and Sentence Types,L.4.1,4,MATCHING,,Match each sentence with its type.,The museum opens at nine. = Statement | When does the museum open? = Question | Buy the tickets now. = Command | What an amazing museum! = Exclamation,pairs as listed,Each type has a purpose and an end mark.,Look at the end mark and the purpose.,,
G4-sentences-005,4,Sentences and Sentence Types,L.4.1,5,MULTIPLE_CHOICE,,Which sentence is a statement that ends correctly?,A) The train leaves at noon. | B) Does the train leave at noon. | C) the train leaves at noon. | D) The train leaves at noon?,A,A statement tells something and ends with a period.,"Capital letter at the start, period at the end.",,
G4-sentences-006,4,Sentences and Sentence Types,L.4.1,6,MULTIPLE_CHOICE,,Change the statement into a question: “Laila can speak three languages.”,"A) Can Laila speaks three languages? | B) Can Laila speak three languages? | C) Laila can speak, three languages? | D) Laila can speak three languages?",B,Move the helping verb “can” to the front to form a question.,Questions often start with a helping verb.,,
G4-subject-verb-agreement-003,4,Subject-Verb Agreement,L.4.1,1,DROPDOWN,,Choose the verb: “The dog ____ at the mail carrier.”,A) barking | B) barks | C) bark | D) are barking,B,One dog → barks.,Singular subject → verb with -s.,,
G4-subject-verb-agreement-004,4,Subject-Verb Agreement,L.4.1,2,DROPDOWN,,Choose the verb: “My brothers ____ football every Friday.”,A) is playing | B) has played | C) play | D) plays,C,Plural subject → no -s: play.,Plural subject → verb without -s.,,
G4-subject-verb-agreement-005,4,Subject-Verb Agreement,L.4.1,4,DROPDOWN,,Choose the verb: “The plates on the shelf ____ clean.”,A) has been | B) was | C) is | D) are,D,"“On the shelf” does not change the subject; “plates” is plural, so “are.”",Cover the prepositional phrase to find the real subject.,,
G4-subject-verb-agreement-006,4,Subject-Verb Agreement,L.4.1,5,MULTIPLE_CHOICE,,Which sentence has correct agreement?,A) Either my aunt or my uncle drive us to school. | B) Either my aunt or my uncle have driven us. | C) Either my aunt or my uncle drives us to school. | D) Either my aunt or my uncle are driving us to school.,C,"With “either … or,” the verb agrees with the nearer subject: uncle drives.",or/nor: match the closest subject.,,
G4-verb-tenses-003,4,"Verb Tenses (Simple, Progressive, Perfect)",L.4.1,1,DROPDOWN,,Choose the FUTURE tense: “Tomorrow we ____ the zoo.”,A) will visit | B) visit | C) visiting | D) visited,A,“Will” + verb shows the future.,Future = will + verb.,,
G4-verb-tenses-004,4,"Verb Tenses (Simple, Progressive, Perfect)",L.4.1,2,MULTIPLE_CHOICE,,Which sentence is in the PAST tense?,A) We paint the fence today. | B) We are painting the fence now. | C) We will paint the fence tomorrow. | D) We painted the fence yesterday.,D,“Painted” and “yesterday” show the past.,Time words help show tense.,,
G4-verb-tenses-005,4,"Verb Tenses (Simple, Progressive, Perfect)",L.4.1,5,DROPDOWN,,Choose the verb (present progressive): “Look! The bus ____ right now.”,A) was leaving | B) is leaving | C) will leave | D) left,B,“Right now” shows an action happening now: is leaving.,Present progressive = am/is/are + -ing.,,
G4-verb-tenses-006,4,"Verb Tenses (Simple, Progressive, Perfect)",L.4.1,6,ERROR_CORRECTION,,Tap the part of the sentence that has an error.,Yesterday |  we walk |  to the park |  and fed the ducks.,segment 2 →  we walked,"“Yesterday” and “fed” show the past, so “walk” must be “walked.”",Keep verb tenses consistent.,,
G4-verbs-002,4,"Action, Main, Helping and Linking Verbs",L.4.1,1,MULTIPLE_CHOICE,,Which word is an action verb? “The baby giggled at the clown.”,A) giggled | B) at | C) baby | D) clown,A,“Giggled” shows an action.,Action verbs show what someone does.,,
G4-verbs-003,4,"Action, Main, Helping and Linking Verbs",L.4.1,2,MULTIPLE_CHOICE,,Which word is a linking verb? “The soup is hot.”,A) soup | B) is | C) hot | D) The,B,“Is” links the soup to the word that describes it.,"Linking verbs: am, is, are, was, were, seem, become.",,
G4-verbs-004,4,"Action, Main, Helping and Linking Verbs",L.4.1,3,DROPDOWN,,Choose the helping verb: “The students ____ finished their projects.”,A) is | B) having | C) have | D) has,C,“Have finished” is a verb phrase with a helping verb.,"Helping verbs: have, has, had, is, are, will, can.",,
G4-verbs-005,4,"Action, Main, Helping and Linking Verbs",L.4.1,5,MULTIPLE_CHOICE,,Which modal verb shows possibility? “It ____ rain this afternoon.”,A) will | B) shall | C) might | D) must,C,“Might” shows something possible but not certain.,might/may = possible; must = required.,,
G4-verbs-006,4,"Action, Main, Helping and Linking Verbs",L.4.1,6,MULTI_SELECT,,"Which TWO words are verbs? “Huda seemed tired, so she rested.”",A) seemed | B) so | C) tired | D) rested,"A, D",“Seemed” is a linking verb; “rested” is an action verb.,Find every word that shows action or links.,,
G4-capitalization-003,4,Capitalization,L.4.2.a,3,MULTIPLE_CHOICE,,Which sentence is capitalized correctly?,"A) on Friday, we visited the Red Sea Museum. | B) On friday, we visited the Red Sea Museum. | C) On Friday, we visited the red sea museum. | D) On Friday, we visited the Red Sea Museum.",D,"Capitalize days, names of places and the first word.",Proper nouns get capitals.,,
G4-capitalization-004,4,Capitalization,L.4.2.a,4,MULTIPLE_CHOICE,,Which title is capitalized correctly?,A) The Boy Who Planted Trees | B) The Boy who Planted trees | C) the Boy Who Planted Trees | D) The boy who planted trees,A,Capitalize the first word and the important words in a title.,Short words like “a” and “of” stay lowercase unless first.,,
G4-capitalization-005,4,Capitalization,L.4.2.a,5,MULTIPLE_CHOICE,,Which sentence capitalizes a family title correctly?,A) Yesterday my Grandma told us a story. | B) Yesterday Grandma told us a story. | C) yesterday Grandma told us a story. | D) Yesterday grandma told us a story.,B,Family titles used as names are capitalized; after “my” they are not.,Test: can you replace it with a name?,,
G4-capitalization-006,4,Capitalization,L.4.2.a,6,ERROR_CORRECTION,,Tap the part of the sentence that has an error.,My cousin |  moved to |  dammam |  in August.,segment 3 →  Dammam,City names are proper nouns and need capital letters.,Capitalize the names of cities and countries.,,
G4-commas-002,4,Punctuation and Commas,L.4.2,2,MULTIPLE_CHOICE,,Which sentence uses commas in a list correctly?,"A) We bought dates, figs, and, grapes. | B) We bought, dates, figs, and grapes. | C) We bought dates, figs, and grapes. | D) We bought dates figs and grapes.",C,Commas separate three or more items in a series.,Use commas between items in a list.,,
G4-commas-003,4,Punctuation and Commas,L.4.2,4,MULTIPLE_CHOICE,,Which sentence uses a comma after an introductory word correctly?,"A) Yes I would like some tea | B) Yes I, would like some tea. | C) Yes I would like, some tea. | D) Yes, I would like some tea.",D,"Use a comma after an introductory word such as yes, no or well.",Pause words at the start get a comma.,,
G4-commas-004,4,Punctuation and Commas,L.4.2,5,MULTIPLE_CHOICE,,Which sentence uses a comma in direct address correctly?,"A) Fatima, please hand me the ruler. | B) Fatima please, hand me the ruler. | C) Fatima, please hand, me the ruler. | D) Fatima please hand me the ruler.",A,Use a comma to set off the name of the person being spoken to.,Name + comma when you speak to someone.,,
G4-commas-005,4,Punctuation and Commas,L.4.2,6,ERROR_CORRECTION,,Tap the part of the sentence that has an error.,On March 3 |  2026 |  the new library |  opened its doors.,"segment 1 → On March 3,",A comma goes between the day and the year in a date.,"Dates: month day, year.",,
G4-commas-006,4,Punctuation and Commas,L.4.2,7,MULTIPLE_CHOICE,,Which sentence uses ALL commas correctly?,"A) Well Rania, we need flour, eggs, and milk before Tuesday March 12. | B) Well, Rania, we need flour, eggs, and milk before Tuesday, March 12. | C) Well, Rania, we need, flour, eggs, and milk before Tuesday, March 12. | D) Well, Rania we need flour eggs, and milk before Tuesday, March 12.",B,"Commas follow the introductory word, set off the name, separate list items and separate the day from the date.",Check each comma rule one at a time.,,
G4-quotations-dialogue-002,4,Quotation Marks and Dialogue,L.4.2.b,2,MULTIPLE_CHOICE,,Which words should be inside quotation marks? Majed said I love reading.,A) Majed said I love reading | B) Majed said | C) I love reading | D) said I,C,Quotation marks go around the exact words someone says.,Put only the spoken words inside.,,
G4-quotations-dialogue-003,4,Quotation Marks and Dialogue,L.4.2.b,3,MULTIPLE_CHOICE,,Which sentence is punctuated correctly?,"A) “Let’s go to the beach” said Hessa. | B) Let’s go to the beach, said Hessa. | C) “Let’s go to the beach”, said Hessa. | D) “Let’s go to the beach,” said Hessa.",D,The comma goes inside the closing quotation marks.,"Comma, then closing quotation mark.",,
G4-quotations-dialogue-004,4,Quotation Marks and Dialogue,L.4.2.b,5,MULTIPLE_CHOICE,,Which question is punctuated correctly?,"A) “Where is my notebook?” asked Saad. | B) Where is my notebook? asked Saad. | C) “Where is my notebook,” asked Saad. | D) “Where is my notebook”? asked Saad.",A,A question mark that belongs to the quotation goes inside the quotation marks.,The end mark stays with the spoken words.,,
G4-quotations-dialogue-005,4,Quotation Marks and Dialogue,L.4.2.b,6,ERROR_CORRECTION,,Tap the part of the sentence that has an error.,"Mr. Saleh said,  | “please line up quietly.”",segment 2 → “Please line up quietly.”,The first word of a quotation that is a complete sentence is capitalized.,Start quotations with a capital letter.,,
G4-quotations-dialogue-006,4,Quotation Marks and Dialogue,L.4.2.b,7,SENTENCE_ORDER,,Put the pieces in order to make a correctly punctuated sentence.,"“After lunch,” → said Coach, → “we will practice passing.”",order as listed,The speaker tag interrupts the quotation and is set off by commas.,"Interrupted quotation: “part one,” tag, “part two.”",,
G4-author-claim-005,4,Author's Claim and Evidence,RI.4.8,3,MULTIPLE_CHOICE,Our School Needs a Garden,Which sentence from “Our School Needs a Garden” states the author’s claim?,A) “The empty lot is wasted space right now.” | B) “Our school should turn the empty lot behind the library into a vegetable garden.” | C) “Learning by doing helps facts stick.” | D) “Each class could care for its own bed.”,B,The first sentence tells exactly what the author wants the school to do.,The claim is often in the first sentence.,,
G4-author-claim-006,4,Author's Claim and Evidence,RI.4.8,6,MULTIPLE_CHOICE,Our School Needs a Garden,Which piece of evidence would make the garden argument STRONGER?,A) A sentence saying gardens are pretty | B) A list of all the classes in the school | C) A survey showing students ate more vegetables after a nearby school started a garden | D) A picture of the author’s favorite flower,C,Real data that matches one of the author’s reasons strengthens the claim.,Facts and data are stronger than opinions.,,
G4-author-perspective-002,4,Author's Perspective,RI.4.6,2,MULTIPLE_CHOICE,Our School Needs a Garden,How does the author of “Our School Needs a Garden” feel about the empty lot?,A) It is too small for anything. | B) It should stay empty. | C) It is the best part of the school. | D) It is being wasted.,D,The author calls it “wasted space right now.”,Look for words that show feelings.,,
G4-author-perspective-003,4,Author's Perspective,RI.4.6,3,MULTIPLE_CHOICE,The Dripping Taps,Which word in “The Dripping Taps” shows how the author first viewed the problem?,A) worrying | B) full | C) lower | D) bright,A,"The students “noticed something worrying,” which shows concern.",Authors reveal their view through word choice.,,
G4-author-perspective-004,4,Author's Perspective,RI.4.8,4,TRUE_FALSE,Nature's Engineers,The author of “Nature’s Engineers” thinks beavers only cause problems.,True | False,False,The author admits dams can flood roads but says many scientists think benefits are greater.,Check whether the author presents more than one side.,,
G4-author-perspective-005,4,Author's Perspective,RI.4.8,5,MULTIPLE_CHOICE,Nature's Engineers,How does the author of “Nature’s Engineers” show a balanced point of view?,"A) By describing only how beavers build lodges | B) By mentioning that dams can flood roads, then explaining why scientists still value beavers | C) By telling a story about one beaver | D) By saying beavers are dangerous to people",B,The last paragraph admits problems and weighs them against benefits.,Balanced writing presents more than one side.,,
G4-author-perspective-006,4,Author's Perspective,RI.4.6,7,MULTIPLE_CHOICE,The Dripping Taps,How does the author of “The Dripping Taps” show the students’ success instead of just giving an opinion?,A) By saying the students were the best class in the school | B) By telling the reader to save water at home | C) By reporting results that were checked: the taps stopped dripping and the water bill was lower. | D) By describing the colors of the signs,C,"The author points to evidence collected “a month later,” which shows a reporting point of view.",Notice whether an author proves a point with facts or with opinions.,,
G4-author-purpose-002,4,Author's Purpose,RI.4.6,2,MULTIPLE_CHOICE,Baking Bread in a Clay Oven,What is the author’s main purpose in “Baking Bread in a Clay Oven”?,A) To persuade readers to buy bread | B) To tell a funny story about a baker | C) To compare clay ovens with metal ones | D) To explain how bread is baked in a clay oven,D,The article walks through the steps of baking.,"Ask: Is the author informing, persuading or entertaining?",,
G4-author-purpose-003,4,Author's Purpose,RI.4.6,3,MULTIPLE_CHOICE,Our School Needs a Garden,Why did the author write “Our School Needs a Garden”?,A) To persuade the school to build a garden | B) To entertain with a garden adventure | C) To describe a garden that already exists | D) To teach readers how to grow tomatoes,A,The author gives reasons why the school “should” build a garden.,“Should” often signals persuasion.,,
G4-author-purpose-004,4,Author's Purpose,RI.4.6,4,MULTIPLE_CHOICE,How Honeybees Share Directions,Why does the author of “How Honeybees Share Directions” explain how scientists studied bees?,A) To explain how honey is sold | B) To show readers how we know about the bee dances | C) To describe the colors of glass | D) To convince readers to become scientists,B,The last paragraph explains the source of the information.,Authors include details for a reason.,,
G4-author-purpose-005,4,Author's Purpose,RI.4.6,5,MULTIPLE_CHOICE,Nature's Engineers,Why does the author of “Nature’s Engineers” use headings?,A) To show the beaver’s point of view | B) To tell the reader what to believe | C) To organize information so readers can find each part easily | D) To make the article longer,C,Headings like “Building a Dam” divide the article into topics.,Text features support the author’s purpose.,,
G4-author-purpose-006,4,Author's Purpose,RI.4.6,7,MULTIPLE_CHOICE,The Dripping Taps,"The author of “The Dripping Taps” ends with: “a small problem, noticed and measured, can lead to a big change.” What purpose does this ending serve?",A) To list the steps the students took | B) To describe the plumber’s job | C) To introduce a new problem | D) To share a lesson readers can use in their own lives,D,The final sentence turns the event into a general lesson.,Endings often show the author’s deeper purpose.,,
G4-cause-effect-003,4,Text Structure: Cause and Effect,RI.4.3,2,MULTIPLE_CHOICE,The Dripping Taps,"In “The Dripping Taps,” what CAUSED the cup to fill?",A) Water dripped from the tap. | B) Rain fell into the cup. | C) The students drank the water. | D) The plumber poured water in.,A,The dripping tap slowly filled the cup.,A cause is why something happens.,,
G4-cause-effect-004,4,Text Structure: Cause and Effect,RI.4.3,4,MULTIPLE_CHOICE,The Dripping Taps,What was one EFFECT of the class’s signs?,A) The principal wrote a letter. | B) More students turned off the water while soaping. | C) The cup was placed under the tap. | D) The taps started dripping again.,B,Teachers noticed more students turning off the water.,An effect is what happens because of a cause.,,
G4-cause-effect-005,4,Text Structure: Cause and Effect,RI.4.3,6,MATCHING,Nature's Engineers,Match each cause with its effect.,"The beaver dam slows the stream = A deep, calm pond forms | The lodge entrances are underwater = Predators cannot easily reach the family | A pond is the only water for miles = Deer and birds travel to drink there",pairs as listed,Each effect in the article is caused by something beavers build.,"Look for signal words: because, so, as a result.",,
G4-cause-effect-006,4,Text Structure: Cause and Effect,RI.4.3,7,MULTIPLE_CHOICE,Baking Bread in a Clay Oven,"In “Baking Bread in a Clay Oven,” why must the oven walls be very hot before the dough is added?",A) Hot walls keep insects away from the bread. | B) Hot walls make the clay oven stronger. | C) The bread bakes on the hot wall in only a few minutes. | D) Hot walls help the dough rise under the cloth.,C,"The bread is pressed onto the wall and puffs up after a few minutes, which needs a very hot surface.",Connect a step to its result.,,
G4-central-idea-002,4,Central Idea and Relevant Details,RI.4.2,2,MULTIPLE_CHOICE,Keeping Bees in the Mountains,What is the main idea of “Keeping Bees in the Mountains”?,A) Smoke calms bees. | B) Sidr trees grow in mountains. | C) Honey is sold at markets. | D) Mountain families carefully keep bees and collect honey.,D,Every paragraph tells about how the families keep bees and make honey.,The main idea covers the whole text.,,
G4-central-idea-003,4,Central Idea and Relevant Details,RI.4.2,4,MULTIPLE_CHOICE,How Honeybees Share Directions,Which detail BEST supports the main idea of “How Honeybees Share Directions”?,A) The direction of the waggle tells bees which way to fly. | B) Bees need food. | C) Hives can have glass walls. | D) Bees live in colonies.,A,This detail directly explains how bees share directions.,Supporting details explain the main idea.,,
G4-central-idea-004,4,Central Idea and Relevant Details,RI.4.2,5,MULTIPLE_CHOICE,The Dripping Taps,What is the central idea of “The Dripping Taps”?,A) Principals read letters. | B) Students noticed water being wasted and took steps that saved water. | C) Signs should be bright. | D) Plumbers fix taps.,B,"The text follows the problem, the actions and the result.",Ask: What is the whole article mostly about?,,
G4-central-idea-005,4,Central Idea and Relevant Details,RI.4.2,6,MULTI_SELECT,Nature's Engineers,Which TWO details support the main idea of “Nature’s Engineers”?,"A) Beavers pile sticks, rocks and mud to build dams. | B) Wolves are predators. | C) Beaver ponds give frogs, ducks and fish a home. | D) Some roads flood.","A, C",The main idea is that beavers change the land and help other living things.,Supporting details connect to the main idea.,,
G4-central-idea-006,4,Central Idea and Relevant Details,RI.4.2,7,MULTIPLE_CHOICE,Baking Bread in a Clay Oven,Which sentence would BEST end a summary of the central idea of “Baking Bread in a Clay Oven”?,"A) Clay ovens are found only in villages. | B) Bakers wake up early. | C) Each careful step turns simple ingredients into warm, golden bread. | D) The basket is the most important tool.",C,It captures the whole process from ingredients to finished bread.,A central idea ties all the steps together.,,
G4-character-004,4,Character Traits & Development,RL.4.3,3,MULTIPLE_CHOICE,The Stick Bridge,Which word BEST describes Omar in “The Stick Bridge”?,A) mean | B) careless | C) lazy | D) helpful,D,Omar points out the crack and suggests triangles.,Use actions to describe a character.,,
G4-character-005,4,Character Traits & Development,RL.4.3,6,MULTIPLE_CHOICE,The Pearl Diver’s Daughter,How does Noura change from the flashback to the present in “The Pearl Diver’s Daughter”?,A) She stops fearing the sea but starts fearing time without her father. | B) She stops loving her father. | C) She decides to go pearling. | D) She becomes afraid of the stars.,A,At five the waves frightened her; at ten she fears “the empty months without him.”,Compare a character at two times.,,
G4-character-006,4,Character Traits & Development,RL.4.3,7,MULTIPLE_CHOICE,The Kite Repair,What does the grandmother’s way of helping in “The Kite Repair” show about her?,A) She prefers new kites to old ones. | B) She teaches by working alongside Omar instead of simply fixing it for him. | C) She thinks Omar is too young to help. | D) She does not care about the festival.,B,"She brings tape and tissue paper, shares a memory, and they patch the kite “together.”",A character’s methods reveal their values.,,
G4-compare-contrast-002,4,Text Structure: Compare and Contrast,RI.4.5,2,MULTIPLE_CHOICE,,Which signal words show compare and contrast?,"A) because, so, as a result | B) first, next, finally | C) both, however, unlike | D) the problem, the solution",C,Compare-contrast texts use words that show likenesses and differences.,Learn the signal words for each structure.,,
G4-compare-contrast-003,4,Text Structure: Compare and Contrast,RI.4.5,3,MULTIPLE_CHOICE,How Honeybees Share Directions,"In “How Honeybees Share Directions,” how are the waggle dance and the round dance DIFFERENT?",A) Both dances are for food that is very far away. | B) Only the round dance happens inside the hive. | C) The waggle dance is done by scientists. | D) The waggle dance is for far food; the round dance is for nearby food.,D,The article contrasts when each dance is used.,Contrast = how things are different.,,
G4-compare-contrast-004,4,Text Structure: Compare and Contrast,RI.4.5,4,TRUE_FALSE,Nature's Engineers,The last paragraph of “Nature’s Engineers” contrasts the problems beavers cause with their benefits.,True | False,True,"It says dams can flood roads, but scientists argue the benefits are greater.",“However” often signals a contrast.,,
G4-compare-contrast-005,4,Text Structure: Compare and Contrast,RI.4.5,6,MATCHING,,Match each description of a text with the structure it would use.,"Steps for baking bread, from mixing to serving = Sequence | Students find wasted water and fix it = Problem and solution | Details about how bees dance = Description | How two kinds of dances are alike and different = Compare and contrast",pairs as listed,Each structure fits a different kind of information.,Ask how the information would best be organized.,,
G4-compare-contrast-006,4,Text Structure: Compare and Contrast,RI.4.5,7,MULTIPLE_CHOICE,Nature's Engineers,Why might an author use a compare-and-contrast structure to write about beaver dams?,A) To show the benefits of dams alongside the problems they cause | B) To tell a story about one beaver family | C) To list the steps for building a dam in order | D) To describe only what a lodge looks like,A,Comparing benefits and problems helps readers weigh both sides.,Structure should match the author’s purpose.,,
G4-drama-elements-003,4,Elements of Drama,RL.4.5,1,MULTIPLE_CHOICE,The Missing Map,"In a play, what is the list of characters called?",A) the caption | B) the cast | C) the stanza | D) the chapter,B,Plays begin with a cast list (CHARACTERS).,"Drama words: cast, scene, dialogue, stage directions.",,
G4-drama-elements-004,4,Elements of Drama,RL.4.5,4,MULTIPLE_CHOICE,The Missing Map,What does the stage direction “(KARIM paces back and forth)” show?,A) Karim is looking for the ranger. | B) Karim is lost in the dark. | C) Karim is nervous and restless. | D) Karim is calm and relaxed.,C,Pacing back and forth often shows worry.,Stage directions show feelings through actions.,,
G4-drama-elements-005,4,Elements of Drama,RL.4.5,5,MULTIPLE_CHOICE,The Missing Map,How is “The Missing Map” different from a story about the same events?,A) It has no characters. | B) It rhymes like a poem. | C) It has no problem. | D) It is told through dialogue and stage directions instead of a narrator.,D,Plays show events through what characters say and do on stage.,Drama: dialogue + stage directions.,,
G4-drama-elements-006,4,Elements of Drama,RL.4.5,6,MULTIPLE_CHOICE,The Missing Map,Why does Ms. Hassan enter near the END of the play?,A) To show that Layla solved the problem before any adult arrived | B) To find the map for them | C) To start a new problem | D) To tell them they took the wrong trail,A,Her late entrance lets her praise Layla’s “calm head.”,Think about why a character enters at a certain moment.,,
G4-imagery-002,4,Imagery and Sensory Language,RL.4.4,2,MULTIPLE_CHOICE,Night Rain,Which words from “Night Rain” help you HEAR the rain?,A) “a shining stream” | B) “tapping on my roof” | C) “my blanket to my chin” | D) “blurry moons”,B,Tapping is a sound.,Imagery can appeal to hearing.,,
G4-imagery-003,4,Imagery and Sensory Language,RL.4.4,3,MULTIPLE_CHOICE,Night Rain,"In “Night Rain,” what are the “blurry moons”?",A) Puddles on the ground | B) Real moons in the sky | C) The street lamps seen through the rain | D) Raindrops on the window,C,“The lamps are blurry moons” compares the lamps to moons.,Read the whole line to see what is being compared.,,
G4-imagery-004,4,Imagery and Sensory Language,RL.4.4,4,TRUE_FALSE,Baking Bread in a Clay Oven,“The bread puffs up and turns golden brown” helps the reader picture the bread baking.,True | False,True,You can see the bread rising and changing color.,Imagery helps you see changes.,,
G4-imagery-005,4,Imagery and Sensory Language,RL.4.4,5,MULTIPLE_CHOICE,Night Rain,Which sense does “I pull my blanket to my chin” appeal to?,A) hearing | B) taste | C) smell | D) touch,D,You can feel the blanket being pulled up.,Ask which sense the words use.,,
G4-imagery-006,4,Imagery and Sensory Language,RL.4.4,7,MULTIPLE_CHOICE,Night Rain,How does the imagery in the last stanza of “Night Rain” change the feeling of the poem?,A) It makes the rain feel gentle and comforting as the speaker falls asleep. | B) It makes the rain feel loud and frightening. | C) It shows that the rain has stopped. | D) It describes a sunny morning.,A,"Images like “singing me to sleep” and “soft and silver feet” create a cozy, peaceful feeling.",Notice how images in the final stanza shape the mood.,,
G4-inference-002,4,Make Inferences,RL.4.1,2,MULTIPLE_CHOICE,The Kite Repair,Why does Omar kick a stone in “The Kite Repair”?,A) He is happy about the festival. | B) He is upset that his kite is ruined. | C) He wants to play football. | D) He is cleaning the garden.,B,Kicking a stone right after saying “It’s ruined” shows frustration.,Actions show feelings.,,
G4-inference-003,4,Make Inferences,RL.4.1,3,MULTIPLE_CHOICE,The Missing Map,What can you infer about Layla in “The Missing Map”?,A) She is afraid of the forest. | B) She knows the trail by heart. | C) She stays calm and thinks carefully under pressure. | D) She doesn’t care about getting lost.,C,"She sits on a rock, studies the sign, and uses the sun and the lake.",Combine clues to understand a character.,,
G4-inference-004,4,Make Inferences,RL.4.1,4,TRUE_FALSE,The Pearl Diver’s Daughter,"In “The Pearl Diver’s Daughter,” the white shell will help Noura feel close to her father.",True | False,True,He says she will “hear the sea that is carrying me home.”,Use what characters say to make inferences.,,
G4-inference-005,4,Make Inferences,RI.4.1,5,MULTIPLE_CHOICE,The Dripping Taps,"Based on “The Dripping Taps,” what can you infer about Mrs. Hassan?",A) She was angry with the class. | B) She fixed the taps herself. | C) She ignored the problem. | D) She took the students’ letter seriously.,D,"After the letter, “the school asked a plumber to fix the leaking taps.”",Inferences use text evidence.,,
G4-inference-006,4,Make Inferences,RL.4.1,7,MULTIPLE_CHOICE,The Kite Repair,"In “The Kite Repair,” why does Omar know “the patch was the strongest part of all”?","A) Because fixing it taught him how the kite works, just as his grandmother said | B) Because the patch fell off | C) Because the patch was made of metal | D) Because his grandmother told him the color was best",A,"The kite flew steadily in strong wind, proving his grandmother’s idea about fixing things.",Connect the ending to earlier dialogue.,,
G4-plot-events-003,4,Plot: Sequence of Events,RL.4.3,2,MULTIPLE_CHOICE,The Missing Map,What happens FIRST in “The Missing Map”?,A) Layla studies the sign. | B) Layla finds that the map is gone. | C) Karim stops pacing. | D) Ms. Hassan enters.,B,The play opens with Layla turning her backpack upside down.,Track events from beginning to end.,,
G4-plot-events-004,4,Plot: Sequence of Events,RL.4.3,5,MULTIPLE_CHOICE,The Kite Repair,What is the turning point in “The Kite Repair”?,A) The festival is in two days. | B) Omar kicks a stone. | C) Omar and his grandmother patch the kite and lengthen its tail. | D) The wind pushes the kite into the tree.,C,Fixing the kite changes the direction of the story.,The turning point changes things for the better or worse.,,
G4-plot-events-005,4,Plot: Sequence of Events,RL.4.5,6,SENTENCE_ORDER,The Pearl Diver’s Daughter,Put these events from “The Pearl Diver’s Daughter” in the order they are TOLD.,Noura walks down to the shore. → Her father asks about her first trip to the shore. → Noura remembers being five. → Her father gives her a white shell. → The dhow sails away.,order as listed,The flashback is told in the middle of the story.,Order of telling can differ from order of happening.,,
G4-plot-events-006,4,Plot: Sequence of Events,RL.4.3,7,MULTIPLE_CHOICE,The Stick Bridge,Why does the author have the bridge break on Tuesday night instead of during the contest?,"A) So the teacher can build a new bridge | B) So the contest can be canceled | C) So Maya can quit the contest | D) So Maya and Omar have time to fix it, which leads to a successful ending.",D,A break before the contest creates a problem that can still be solved in time.,Authors place events in an order that builds the plot.,,
G4-poetry-elements-003,4,"Poetry: Structure, Rhyme, Meter and Form",RL.4.5,1,MULTIPLE_CHOICE,Rain on the Roof,How many lines are in each stanza of “Rain on the Roof”?,A) four | B) six | C) two | D) eight,A,The poem has two stanzas of four lines each.,A stanza is a group of lines; count one group.,,
G4-poetry-elements-004,4,"Poetry: Structure, Rhyme, Meter and Form",RL.4.5,4,MULTIPLE_CHOICE,Rain on the Roof,Which lines in “Rain on the Roof” rhyme?,A) glass / slip | B) begins / pins | C) roof / rain | D) clouds / road,B,“Begins” and “pins” end with the same sound.,Rhyming words often end lines.,,
G4-poetry-elements-005,4,"Poetry: Structure, Rhyme, Meter and Form",RL.4.5,5,MULTIPLE_CHOICE,Night Rain,What is the rhyme pattern of the first stanza of “Night Rain”?,A) Lines 1 and 2 rhyme. | B) No lines rhyme. | C) Lines 2 and 4 rhyme (slow/below). | D) Every line rhymes.,C,“Slow” (line 2) and “below” (line 4) rhyme.,Mark the last word of each line to find the pattern.,,
G4-poetry-elements-006,4,"Poetry: Structure, Rhyme, Meter and Form",RL.4.5,6,MULTIPLE_CHOICE,Night Rain,How is “Night Rain” organized?,"A) as a numbered list of steps | B) in paragraphs with dialogue | C) as a play with a cast list | D) in short lines grouped into stanzas, with some rhyming line endings",D,"Poems are organized in lines and stanzas, often with rhyme.",Notice the shape of a text on the page.,,
G4-point-of-view-002,4,Point of View and Perspective,RL.4.6,2,MULTIPLE_CHOICE,,Which sentence is written in FIRST person?,A) I climbed the tall tree. | B) He climbed the tall tree. | C) They climbed the tall tree. | D) She climbed the tall tree.,A,"First person uses I, me, my, we.",First person: I/we. Third person: he/she/they.,,
G4-point-of-view-003,4,Point of View and Perspective,RL.4.6,4,MULTIPLE_CHOICE,Night Rain,From what point of view is “Night Rain” told?,A) Third person: a narrator describes others. | B) First person: the speaker uses “I” and “my.” | C) From the rain’s point of view. | D) Second person: “you” is used.,B,“I pull my blanket to my chin” shows first person.,Look for pronouns.,,
G4-point-of-view-004,4,Point of View and Perspective,RL.4.6,5,TRUE_FALSE,The Pearl Diver’s Daughter,“The Pearl Diver’s Daughter” is told in third person.,True | False,True,The narrator uses “she” and “her” for Noura.,"Third person uses he, she and they.",,
G4-point-of-view-005,4,Point of View and Perspective,RL.4.6,6,MULTIPLE_CHOICE,The Kite Repair,"If “The Kite Repair” were told by the grandmother in first person, what would readers learn?",A) Why the wind blew | B) Omar’s secret thoughts | C) Her own memories and thoughts about fixing kites | D) Nothing different,C,A first-person narrator shares their own thoughts and memories.,Narrator choice changes what we know.,,
G4-point-of-view-006,4,Point of View and Perspective,RL.4.6,7,MULTIPLE_CHOICE,The Missing Map,How would “The Missing Map” feel different if it were told by Karim as a first-person story?,A) It would become a poem. | B) The map would be found in the backpack. | C) Layla would no longer be in the story. | D) Readers would hear how worried Karim felt while Layla was thinking.,D,Karim paces nervously; as narrator he could tell his feelings directly.,Imagine the story through another character’s eyes.,,
G4-text-evidence-003,4,Cite Text Evidence,RL.4.1,2,MULTIPLE_CHOICE,The Stick Bridge,Which sentence from “The Stick Bridge” shows that the bridge succeeded?,"A) “The bridge did not even wobble.” | B) “Maya’s face felt hot.” | C) “At twelve seconds, there was a sharp snap.” | D) “By Tuesday night the bridge looked perfect.”",A,Not wobbling under the dictionary shows success.,Choose evidence that directly proves the point.,,
G4-text-evidence-004,4,Cite Text Evidence,RI.4.1,3,MULTIPLE_CHOICE,Nature's Engineers,Which detail is evidence that beaver ponds help other animals?,"A) “Their dams can flood roads.” | B) “Frogs lay eggs in the still water, ducks find food.” | C) “Beavers patch any leaks quickly.” | D) “A beaver family begins by piling sticks.”",B,This detail names animals that benefit from ponds.,Evidence must match the idea you are supporting.,,
G4-text-evidence-005,4,Cite Text Evidence,RL.4.1,6,MULTI_SELECT,The Kite Repair,Which TWO quotations support the idea that Omar’s grandmother is patient?,"A) “Omar frowned.” | B) “Together they patched the rip.” | C) “It’s ruined,” Omar said. | D) “She did not say anything at first.”","B, D","She waits quietly, then works alongside him.",Find quotations about the right character.,,
G4-text-evidence-006,4,Cite Text Evidence,RI.4.1,7,MULTIPLE_CHOICE,Keeping Bees in the Mountains,"A student says, “The beekeepers care about their bees.” Which quotation is the STRONGEST evidence?",A) “Bees turn the nectar into honey.” | B) “Honey from these mountains is famous for its rich taste.” | C) “They always leave enough honey in the hive for the bees to eat.” | D) “Some families have kept honeybees for generations.”,C,Leaving honey for the bees shows concern for their survival.,The best evidence clearly proves the claim.,,
G4-text-features-002,4,Text Features,RI.4.7,3,MULTIPLE_CHOICE,Nature's Engineers,Which text feature in “Nature’s Engineers” tells what each section is about?,A) captions | B) a map | C) a glossary | D) headings,D,Headings such as “Building a Dam” name each section.,Headings work like signposts.,,
G4-text-features-003,4,Text Features,RI.4.7,4,MULTIPLE_CHOICE,,Where would you look to find the page about beaver lodges in a long book?,A) the index | B) the title page | C) the last sentence | D) the dedication,A,The index lists topics alphabetically with page numbers.,Index = at the back; table of contents = at the front.,,
G4-text-features-004,4,Text Features,RI.4.7,5,MULTIPLE_CHOICE,Nature's Engineers,A diagram of a beaver lodge would MOST help readers understand what?,A) the history of beavers | B) how the underwater entrances lead into the lodge | C) how many frogs live in the pond | D) why scientists like beavers,B,Diagrams show parts and how they fit together.,Choose the feature that fits the information.,,
G4-text-features-005,4,Text Features,RI.4.7,6,MATCHING,,Match each text feature with what it shows.,Timeline = events in time order | Map = where places are | Chart = numbers or facts in rows and columns | Bold word = an important vocabulary word,pairs as listed,Each feature presents a different kind of information.,Ask what each feature is best at showing.,,
G4-text-features-006,4,Text Features,RI.4.7,7,MULTIPLE_CHOICE,Nature's Engineers,Which heading would BEST fit the last paragraph of “Nature’s Engineers”?,A) Building a Dam | B) Life Under the Ice | C) Problems and Benefits | D) A Beaver’s Diet,C,The paragraph discusses flooding problems and the benefits scientists see.,A good heading names the paragraph’s main topic.,,
G4-theme-005,4,Theme,RL.4.2,2,MULTIPLE_CHOICE,The Stick Bridge,What lesson does Maya learn in “The Stick Bridge”?,A) Never enter contests. | B) Bridges are boring. | C) Little brothers are annoying. | D) Listen when someone points out a problem.,D,"She says, “Next time, I’ll listen when you find a crack.”",A theme is a lesson the character learns.,,
G4-theme-006,4,Theme,RL.4.2,4,MULTIPLE_CHOICE,The Dripping Taps,Which theme does “The Dripping Taps” suggest?,A) Taking care of shared resources helps everyone. | B) Water is too expensive to use. | C) Only adults can solve problems. | D) Taps are dangerous.,A,The students’ care for the school’s water saved water for everyone.,A theme is a message the text suggests.,,
G4-context-clues-006,4,Context Clues,L.4.4.a,2,MULTIPLE_CHOICE,,Read: “The desert was so arid that no plants grew for miles.” What does arid mean?,A) very crowded | B) very dry | C) very cold | D) very noisy,B,The clue “no plants grew” shows the land had no water.,Look for clues that explain the word.,,
G4-greek-latin-roots-003,4,Greek and Latin Roots,L.4.4.b,2,MULTIPLE_CHOICE,,The root “tele” means far. What is a telescope?,A) a tool for hearing music | B) a tool for measuring heat | C) a tool for seeing things that are far away | D) a tool for writing,C,tele (far) + scope (see) = see far.,Combine root meanings.,,
G4-greek-latin-roots-004,4,Greek and Latin Roots,L.4.4.b,3,MATCHING,,Match each root with its meaning.,bio = life | geo = earth | aqua = water | phon = sound,pairs as listed,These roots appear in many science words.,"Think of examples: biology, geography, aquarium, phone.",,
G4-greek-latin-roots-005,4,Greek and Latin Roots,L.4.4.b,4,MULTIPLE_CHOICE,,The Latin root “spect” means look or watch. Which word means “a person who watches an event”?,A) conductor | B) translator | C) sculptor | D) spectator,D,spect (watch) + -ator (one who) = one who watches.,"Find the root, then the suffix.",,
G4-greek-latin-roots-006,4,Greek and Latin Roots,L.4.4.b,7,MULTIPLE_CHOICE,,"Using roots, what does “geothermal energy” most likely mean?",A) heat energy that comes from inside the earth | B) sound energy from music | C) energy from water in the ocean | D) energy from living plants,A,geo (earth) + therm (heat) = heat from the earth.,Break long words into roots.,,
G4-idioms-adages-003,4,"Idioms, Adages and Proverbs",L.4.5.b,2,MULTIPLE_CHOICE,,What does “it’s raining cats and dogs” mean?,A) Pets are playing in the rain. | B) It is raining very hard. | C) It is a little cloudy. | D) Animals are falling from the sky.,B,This idiom describes very heavy rain.,Idioms mean something different from their words.,,
G4-idioms-adages-004,4,"Idioms, Adages and Proverbs",L.4.5.b,4,MULTIPLE_CHOICE,,Kareem was “all ears” when the coach announced the team. What does this mean?,A) He covered his ears. | B) He had large ears. | C) He listened very carefully. | D) He could not hear.,C,“All ears” means paying close attention.,Use the situation to understand an idiom.,,
G4-idioms-adages-005,4,"Idioms, Adages and Proverbs",L.4.5.b,6,MULTIPLE_CHOICE,,What does the adage “The early bird catches the worm” teach?,A) Never wake up early. | B) Birds should eat worms. | C) Worms are hard to find. | D) People who start early often succeed.,D,The saying encourages getting a head start.,Adages are short sayings with life lessons.,,
G4-idioms-adages-006,4,"Idioms, Adages and Proverbs",L.4.5.b,7,MATCHING,,Match each saying with its meaning.,Break the ice = start a friendly conversation | Hit the books = study hard | Actions speak louder than words = what you do matters more than what you say | Practice makes perfect = doing something often makes you better,pairs as listed,The first two are idioms; the last two are adages.,Think about when people use each saying.,,
G4-multiple-meaning-003,4,Multiple-Meaning Words,L.4.4.a,1,MULTIPLE_CHOICE,,"In “The bat flew out of the cave,” what does bat mean?",A) a flying animal | B) a stick for hitting a ball | C) to hit something | D) to blink your eyes,A,Something that flies out of a cave is an animal.,Use the rest of the sentence to pick the meaning.,,
G4-multiple-meaning-004,4,Multiple-Meaning Words,L.4.4.a,3,MULTIPLE_CHOICE,,Which sentence uses “light” to mean NOT HEAVY?,A) Please light the candle. | B) The empty box was light enough to carry. | C) Turn on the light. | D) The room was full of light.,B,An empty box that is easy to carry is not heavy.,Test each meaning in the sentence.,,
G4-multiple-meaning-005,4,Multiple-Meaning Words,L.4.4.a,5,MULTIPLE_CHOICE,,Read: “The coach told the team to stick together.” What does stick mean here?,A) to poke | B) to glue | C) stay | D) a piece of wood,C,“Stick together” means stay together as a group.,Notice whether the word is a noun or a verb.,,
G4-multiple-meaning-006,4,Multiple-Meaning Words,L.4.4.a,6,MULTI_SELECT,,In which TWO sentences does “ring” mean a sound?,A) I heard the phone ring. | B) She wore a gold ring. | C) The boxers stepped into the ring. | D) The bells ring at noon.,"A, D",Phones and bells make sounds.,Group sentences by the meaning used.,,
G4-prefixes-003,4,Prefixes,L.4.4.b,1,DROPDOWN,,Choose the word that means “not tidy”: “Clothes all over the floor made the room ____.”,A) tidy | B) retidy | C) tidier | D) untidy,D,"un- means not: untidy = not tidy, messy.",un- = not.,,
G4-prefixes-004,4,Prefixes,L.4.4.b,4,DROPDOWN,,Choose the word that means “not agree”: “The two friends ____ about the best game.”,A) disagree | B) reagree | C) preagree | D) overagree,A,dis- means not or opposite: disagree.,"dis- = not, opposite of.",,
G4-prefixes-005,4,Prefixes,L.4.4.b,5,MULTIPLE_CHOICE,,What does “overcooked” mean?,A) cooked again | B) cooked before | C) not cooked | D) cooked too much,D,over- means too much.,over- = too much.,,
G4-prefixes-006,4,Prefixes,L.4.4.b,6,MULTIPLE_CHOICE,,Which word means “not able to be seen”?,A) invisible | B) visible | C) revisible | D) previsible,A,in- means not: invisible = not able to be seen.,"Some prefixes mean “not”: un-, in-, im-, dis-, non-.",,
G4-suffixes-003,4,Suffixes,L.4.4.b,1,MULTIPLE_CHOICE,,What does “teacher” mean?,A) the act of teaching | B) one who teaches | C) full of teaching | D) teaching again,B,-er can mean “one who.”,-er/-or = one who.,,
G4-suffixes-004,4,Suffixes,L.4.4.b,2,MULTIPLE_CHOICE,,What does “joyful” mean?,A) one who brings joy | B) joy again | C) full of joy | D) without joy,C,-ful means full of.,-ful = full of.,,
G4-suffixes-005,4,Suffixes,L.4.4.b,5,DROPDOWN,,Choose the word that means “in a quiet way”: “The baby slept ____.”,A) quietness | B) quietly | C) quieter | D) quietful,B,-ly means “in a … way.”,-ly often makes an adverb.,,
G4-suffixes-006,4,Suffixes,L.4.4.b,6,MULTIPLE_CHOICE,,How does the suffix change the word in “The movement of the ship made me dizzy”?,A) -ment means “one who moves.” | B) -ment makes the word mean “not move.” | C) -ment makes the word plural. | D) -ment turns the verb “move” into a noun.,D,move (verb) + -ment = movement (noun).,Suffixes can change a word’s part of speech.,,
G4-synonyms-antonyms-004,4,Synonyms and Antonyms,L.4.5.c,3,MULTIPLE_CHOICE,,Which word is a synonym for “brave”?,A) courageous | B) lazy | C) sleepy | D) timid,A,Courageous and brave mean almost the same.,Synonyms have similar meanings.,,
G4-synonyms-antonyms-005,4,Synonyms and Antonyms,L.4.5.c,5,MULTIPLE_CHOICE,,Which word is an antonym for “ancient”?,A) old | B) modern | C) dusty | D) historic,B,Ancient means very old; modern means new.,Antonyms have opposite meanings.,,
G4-synonyms-antonyms-006,4,Synonyms and Antonyms,L.4.5.c,6,MATCHING,,Match each word with its ANTONYM.,ancient = modern | generous = selfish | timid = bold | rough = smooth,pairs as listed,Each pair has opposite meanings.,Think of the opposite meaning first.,,
G4-spelling-003,4,Spelling Patterns,L.4.2.d,1,MULTIPLE_CHOICE,,Which word is spelled correctly?,A) becuase | B) becaus | C) because | D) beacause,C,because: b-e-c-a-u-s-e.,Say each part slowly: be-cause.,,
G4-spelling-004,4,Spelling Patterns,L.4.2.d,2,FILL_BLANK,,Add -ed to the word stop: “The bus ____ at the corner.”,(typed),stopped,Double the final consonant before adding -ed: stopped.,Short vowel + one consonant: double it before -ed.,,
G4-spelling-005,4,Spelling Patterns,L.4.2.d,5,MULTIPLE_CHOICE,,Which sentence has every word spelled correctly?,A) We were surprised by the beatiful weather. | B) We were surprised by the beautiful wether. | C) We were suprised by the beautiful weather. | D) We were surprised by the beautiful weather.,D,"surprised, beautiful and weather are spelled correctly.",Check tricky words letter by letter.,,
G4-spelling-006,4,Spelling Patterns,RF.4.3.a,6,FILL_BLANK,,Add -ing to the word make: “I am ____ a card for my mother.”,(typed),making,Drop the silent e before adding -ing: making.,Silent e + -ing: drop the e.,,
G4-precise-language-003,4,"Precise Language, Style and Tone",L.4.3,2,MULTIPLE_CHOICE,,Which word is more precise than “said” in: “‘Help!’ he ____.”,A) shouted | B) did | C) talked | D) went,A,“Shouted” shows how he spoke.,Precise words give clearer pictures.,,
G4-precise-language-004,4,"Precise Language, Style and Tone",L.4.3,3,MULTIPLE_CHOICE,,Which sentence uses the most precise language?,A) The dog ate stuff. | B) The golden retriever chewed the red sneaker. | C) The animal did something to the thing. | D) The dog chewed the shoe.,B,Specific nouns and details create a clear picture.,Replace general words with specific ones.,,
G4-precise-language-005,4,"Precise Language, Style and Tone",W.4.2.d,6,MULTIPLE_CHOICE,,Which sentence is the most precise for a science report?,A) The water boiled pretty fast. | B) The water did a cool thing. | C) The water boiled at 100 degrees Celsius after eight minutes. | D) The water got really hot after a while.,C,Reports use exact numbers and terms.,Use measurements and specific vocabulary in reports.,,
G4-precise-language-006,4,"Precise Language, Style and Tone",L.4.3,7,MULTIPLE_CHOICE,,Which revision of “The big storm made a lot of damage” is MOST precise?,A) Something happened during the storm. | B) The storm was really big and bad. | C) The large storm made much damage. | D) The fierce sandstorm tore three palm trees from the ground.,D,"Specific words (fierce sandstorm, three palm trees, tore) show exactly what happened.","Precise language names exact things, numbers and actions.",,
G5-adverbs-002,5,Adverbs and Relative Adverbs,L.5.1,1,MULTIPLE_CHOICE,,Which word is an adverb? “The fox crept silently through the grass.”,A) silently | B) fox | C) grass | D) crept,A,“Silently” tells how the fox crept.,"Adverbs tell how, when, where or how often.",,
G5-adverbs-003,5,Adverbs and Relative Adverbs,L.5.1,2,DROPDOWN,,Choose the adverb that tells HOW OFTEN: “Our family ____ eats dinner together.”,A) delicious | B) hungry | C) always | D) kitchen,C,“Always” tells how often.,"Frequency adverbs: always, usually, often, sometimes, never.",,
G5-adverbs-004,5,Adverbs and Relative Adverbs,L.5.1,3,MULTIPLE_CHOICE,,Which word does the adverb “almost” describe in “The jar was almost empty”?,A) was | B) empty | C) The | D) jar,B,“Almost” tells to what extent the jar was empty.,Adverbs can describe adjectives.,,
G5-adverbs-005,5,Adverbs and Relative Adverbs,L.5.1,5,DROPDOWN,,"Choose the correct form: “Of everyone in the choir, Reem sings ____.”",A) clearliest | B) clearest | C) more clearly | D) most clearly,D,Comparing many people uses “most” + adverb.,Two → more; three or more → most.,,
G5-adverbs-006,5,Adverbs and Relative Adverbs,L.5.1,6,ERROR_CORRECTION,,Tap the part of the sentence that has an error.,The team played |  real well |  in the |  final match.,segment 2 →  really well,“Really” is the adverb that describes “well”; “real” is an adjective.,Use an adverb to describe another adverb.,,
G5-clauses-complex-003,5,Clauses and Complex Sentences,L.5.1,2,MULTIPLE_CHOICE,,Which group of words is a dependent clause?,A) We played outside. | B) the heavy rain | C) until the rain stops | D) The rain stopped.,C,"It has a subject and verb but begins with “until,” so it cannot stand alone.",Subordinating conjunctions make clauses dependent.,,
G5-clauses-complex-004,5,Clauses and Complex Sentences,L.5.1,3,MULTIPLE_CHOICE,,"What is the independent clause? “Although the test was long, Salma finished early.”",A) the test was long | B) Although the test was long | C) finished early | D) Salma finished early,D,“Salma finished early” can stand alone.,Remove the clause that starts with although/because/when.,,
G5-clauses-complex-005,5,Clauses and Complex Sentences,L.5.1,4,DROPDOWN,,Choose the subordinating conjunction: “Please wait here ____ I get the tickets.”,A) while | B) and | C) but | D) so,A,“While” makes a dependent clause about time.,"Subordinating: while, because, although, unless, until.",,
G5-clauses-complex-006,5,Clauses and Complex Sentences,L.5.1,7,MULTIPLE_CHOICE,,Which revision turns two choppy sentences into ONE complex sentence with the clearest meaning? “The museum was closed. We visited the park.”,"A) Because the museum was closed, we visited the park. | B) The museum was closed and we visited the park. | C) Although we visited the park, the museum was closed. | D) The museum was closed, we visited the park.",A,“Because” shows that the closed museum caused the change of plan.,Choose the conjunction that matches the relationship.,,
G5-combining-sentences-002,5,Combining Sentences,L.5.3,2,MULTIPLE_CHOICE,,Combine: “Hala likes chess. Hala likes painting.”,"A) Hala likes chess, likes painting. | B) Hala likes chess and painting. | C) Hala likes chess Hala likes painting. | D) Chess and painting likes Hala.",B,Join the two objects with “and” and remove repeated words.,Combine words that repeat.,,
G5-combining-sentences-003,5,Combining Sentences,L.5.3,3,MULTIPLE_CHOICE,,Combine using an appositive: “Dr. Noor is a dentist. Dr. Noor lives next door.”,"A) Dr. Noor lives next door a dentist. | B) Dr. Noor a dentist lives next door. | C) Dr. Noor, a dentist, lives next door. | D) A dentist lives next door Dr. Noor.",C,The appositive “a dentist” renames Dr. Noor and is set off by commas.,Place the appositive right after the noun.,,
G5-combining-sentences-004,5,Combining Sentences,L.5.3,5,MULTIPLE_CHOICE,,Which is the BEST combined sentence? “The cat jumped. The cat landed on the table. The table was wooden.”,"A) The cat jumped and the cat landed and the table was wooden. | B) Jumping, landing, wooden, the cat. | C) The cat jumped, it landed, the table was wooden. | D) The cat jumped onto the wooden table.",D,One clear sentence keeps all the information without repeating.,Cut repeated words and combine actions.,,
G5-combining-sentences-005,5,Combining Sentences,L.5.3,6,MULTIPLE_CHOICE,,Combine with a participial phrase: “Ali opened the box. He found a letter.”,"A) Opening the box, Ali found a letter. | B) Opening the box, a letter was found by Ali. | C) Ali opened the box, found a letter. | D) Ali opening the box found a letter.",A,"The -ing phrase describes Ali, the subject that follows it.",An introductory phrase must describe the subject right after the comma.,,
G5-combining-sentences-006,5,Combining Sentences,L.5.3,7,ERROR_CORRECTION,,Tap the part of the sentence that has an error.,"Walking to school, |  the rain soaked |  my backpack |  and my shoes.","segment 2 →  I got soaked by the rain, including","The phrase “Walking to school” must describe the person walking, not the rain (dangling modifier).",Check who is doing the action in an introductory phrase.,,
G5-comparatives-002,5,Comparing with Adjectives and Adverbs,L.5.1,1,DROPDOWN,,Choose: “A cheetah is ____ than a horse.”,A) more fast | B) faster | C) fastest | D) fast,B,Two animals → -er: faster.,Two things: -er; many: -est.,,
G5-comparatives-003,5,Comparing with Adjectives and Adverbs,L.5.1,2,DROPDOWN,,Choose: “Mount Everest is the ____ mountain in the world.”,A) most high | B) higher | C) highest | D) high,C,Comparing with all mountains → highest.,“In the world” signals a superlative.,,
G5-comparatives-004,5,Comparing with Adjectives and Adverbs,L.5.1,3,MULTIPLE_CHOICE,,Which sentence uses “less” or “fewer” correctly?,A) This bag has lesser apples. | B) This bag has fewer apples than that one. | C) This bag has fewer sugar than that one. | D) This bag has less apples than that one.,B,"Apples can be counted, so “fewer.”",fewer = countable; less = not countable.,,
G5-comparatives-005,5,Comparing with Adjectives and Adverbs,L.5.1,5,ERROR_CORRECTION,,Tap the part of the sentence that has an error.,My new bike |  is |  more lighter |  than my old one.,segment 3 →  lighter,"Use -er OR more, never both.",Do not double comparatives.,,
G5-comparatives-006,5,Comparing with Adjectives and Adverbs,L.5.1,6,MULTIPLE_CHOICE,,Which sentence is correct?,"A) Of the two essays, Hadi’s is the strongest. | B) Of the two essays, Hadi’s is the more stronger. | C) Of the two essays, Hadi’s is the stronger. | D) Of the two essays, Hadi’s is the most strong.",C,"When comparing exactly two, use the comparative form.","Two items → comparative, even with “the.”",,
G5-compound-sentences-004,5,Compound Sentences and Conjunctions,L.5.1,1,MULTIPLE_CHOICE,,"Which coordinating conjunction can mean “because”? “We hurried home, ____ a storm was coming.”",A) but | B) so | C) or | D) for,D,"“For” gives a reason, like “because.”",FANBOYS: for = reason; so = result.,,
G5-compound-sentences-005,5,Compound Sentences and Conjunctions,L.5.2,2,MULTIPLE_CHOICE,,Which compound sentence is punctuated correctly?,"A) The phone rang, so Majed answered it. | B) The phone rang so, Majed answered it. | C) The phone rang, Majed answered it. | D) The phone, rang so Majed answered it.",A,Comma + coordinating conjunction joins two independent clauses.,Comma before FANBOYS.,,
G5-compound-sentences-006,5,Compound Sentences and Conjunctions,L.5.1,6,MULTIPLE_CHOICE,,Which sentence correctly uses “not only … but also”?,A) Hessa not only won the race also broke the record. | B) Hessa not only won the race but also broke the record. | C) Hessa not only won the race but broke also the record. | D) Not only Hessa won the race but also broke the record.,B,“Not only won … but also broke” joins two parallel verb phrases.,Correlative pairs join matching parts.,,
G5-nouns-002,5,"Nouns: Common, Proper, Concrete, Abstract, Collective",L.5.1,2,MULTI_SELECT,,Which TWO words are common nouns? “The scientist studied the volcano near Naples.”,A) scientist | B) volcano | C) Naples | D) studied,"A, B","Common nouns name general people, places or things.",Proper nouns are capitalized; common nouns are not.,,
G5-nouns-003,5,"Nouns: Common, Proper, Concrete, Abstract, Collective",L.5.1,3,MULTIPLE_CHOICE,,Which word is a concrete noun?,A) honesty | B) curiosity | C) telescope | D) freedom,C,You can see and touch a telescope.,Concrete nouns can be sensed.,,
G5-nouns-004,5,"Nouns: Common, Proper, Concrete, Abstract, Collective",L.5.1,4,MULTIPLE_CHOICE,,"In “My parents walked the dog around the park,” how is “dog” used?",A) as the subject | B) as a verb | C) as the object of a preposition | D) as a direct object,D,The dog receives the action of “walked.”,A direct object answers “what?” or “whom?” after the verb.,,
G5-nouns-005,5,"Nouns: Common, Proper, Concrete, Abstract, Collective",L.5.1,5,MULTIPLE_CHOICE,,Which word is the object of a preposition? “The kite drifted over the hills.”,A) hills | B) drifted | C) kite | D) over,A,“Hills” comes after the preposition “over.”,Preposition + noun = object of the preposition.,,
G5-nouns-006,5,"Nouns: Common, Proper, Concrete, Abstract, Collective",L.5.1,6,MULTIPLE_CHOICE,,Which sentence uses a collective noun with a singular verb correctly?,A) The committee meet every Monday. | B) The committee meets every Monday. | C) The committees meets every Monday. | D) The committee are meeting every Monday.,B,"A committee acting together is one unit, so the verb is singular.",Collective nouns usually take singular verbs.,,
G5-prepositions-002,5,Prepositions and Prepositional Phrases,L.5.1,1,MULTIPLE_CHOICE,,Which word is a preposition? “The cat hid behind the sofa.”,A) hid | B) cat | C) behind | D) sofa,C,“Behind” shows where the cat hid.,"Prepositions show position, direction or time.",,
G5-prepositions-003,5,Prepositions and Prepositional Phrases,L.5.1,2,DROPDOWN,,Choose the preposition of time: “The shop closes ____ midnight.”,A) on | B) in | C) over | D) at,D,Use “at” with clock times.,at + time; on + day; in + month/year.,,
G5-prepositions-004,5,Prepositions and Prepositional Phrases,L.5.1,3,MULTIPLE_CHOICE,,What is the prepositional phrase? “Students from every grade joined the parade.”,A) every grade joined | B) Students from | C) joined the parade | D) from every grade,D,The phrase begins with “from” and ends with the noun “grade.”,Preposition → … → noun.,,
G5-prepositions-005,5,Prepositions and Prepositional Phrases,L.5.1,5,MULTI_SELECT,,"Which TWO prepositional phrases tell WHERE? “During the trip, we camped beside a lake under the stars.”",A) under the stars | B) we camped | C) beside a lake | D) During the trip,"A, C",“Beside” and “under” show location.,Ask what each phrase answers: when or where?,,
G5-prepositions-006,5,Prepositions and Prepositional Phrases,L.5.1,6,ERROR_CORRECTION,,Tap the part of the sentence that has an error.,The letter |  was addressed |  to my brother and I |  by mistake.,segment 3 →  to my brother and me,"After the preposition “to,” use the object pronoun “me.”","Objects of prepositions use me, him, her, us, them.",,
G5-pronoun-homophones-002,5,"Pronouns, Contractions and Homophones",L.5.1,1,DROPDOWN,,Choose: “The dog wagged ____ tail.”,A) its | B) its’ | C) it is | D) it’s,A,“Its” shows the tail belongs to the dog.,its = belonging to it.,,
G5-pronoun-homophones-003,5,"Pronouns, Contractions and Homophones",L.5.1,2,DROPDOWN,,Choose: “Please put your shoes over ____.”,A) they’re | B) there | C) their | D) thier,B,“There” names a place.,there contains “here”: it is about place.,,
G5-pronoun-homophones-004,5,"Pronouns, Contractions and Homophones",L.5.1,3,DROPDOWN,,Choose: “____ been to the new science museum?”,A) Who | B) Whos | C) Who’s | D) Whose,C,Who’s = who has.,who’s = who is / who has.,,
G5-pronoun-homophones-005,5,"Pronouns, Contractions and Homophones",L.5.1,4,MATCHING,,Match each word with its meaning.,its = belonging to it | it’s = it is | their = belonging to them | they’re = they are,pairs as listed,Contractions have apostrophes; possessive pronouns do not.,Expand each word to test it.,,
G5-pronoun-homophones-006,5,"Pronouns, Contractions and Homophones",L.5.1,5,MULTIPLE_CHOICE,,Which sentence is correct?,A) You’re welcome to borrow your cousin’s bike. | B) You’re welcome to borrow you’re cousin’s bike. | C) Your welcome to borrow your cousin’s bike. | D) Your welcome to borrow you’re cousin’s bike.,A,You’re = you are; your = belonging to you.,Check each one by expanding it.,,
G5-pronouns-002,5,Pronouns and Antecedents,L.5.1,1,MULTIPLE_CHOICE,,Which word is a pronoun? “They planted three trees.”,A) trees | B) They | C) planted | D) three,B,“They” replaces the names of people.,Pronouns replace nouns.,,
G5-pronouns-003,5,Pronouns and Antecedents,L.5.1,2,DROPDOWN,,Choose the possessive pronoun: “The blue umbrella is ____.”,A) she | B) herself | C) her’s | D) hers,D,“Hers” shows ownership.,"mine, yours, his, hers, ours, theirs.",,
G5-pronouns-004,5,Pronouns and Antecedents,L.5.1,3,DROPDOWN,,Choose the reflexive pronoun: “I taught ____ to juggle.”,A) myself | B) me | C) meself | D) mine,A,Reflexive pronouns refer back to the subject.,-self / -selves.,,
G5-pronouns-005,5,Pronouns and Antecedents,L.5.1,5,ERROR_CORRECTION,,Tap the part of the sentence that has an error.,Each of the boys |  brought |  their own |  lunch.,segment 3 →  his own,"“Each” is singular, so the pronoun should be singular: his.",Pronouns agree in number with their antecedents.,,
G5-pronouns-006,5,Pronouns and Antecedents,L.5.1,6,MULTIPLE_CHOICE,,Which sentence has a clear pronoun reference?,"A) Lina told Sara that she won. | B) They gave them a gift. | C) When Lina met Sara, Lina gave her a gift. | D) When Lina met Sara, she gave her a gift.",C,Naming Lina again removes the confusion.,Make sure each pronoun clearly points to one noun.,,
G5-verb-tenses-005,5,"Verb Tenses (Simple, Progressive, Perfect)",L.5.1,2,DROPDOWN,,"Choose the past progressive: “At eight o’clock, we ____ dinner.”",A) will eat | B) were eating | C) have eaten | D) eat,B,Past progressive = was/were + -ing.,Progressive tenses show ongoing action.,,
G5-verb-tenses-006,5,"Verb Tenses (Simple, Progressive, Perfect)",L.5.1,3,MULTIPLE_CHOICE,,Which sentence uses the future perfect tense?,"A) I have finished the book. | B) I am finishing the book. | C) I finished the book in June. | D) By June, I will have finished the book.",D,will have + past participle = future perfect.,Perfect tenses use has/have/had/will have.,,
G5-verbs-002,5,"Action, Main, Helping and Linking Verbs",L.5.1,2,DROPDOWN,,"Choose the LINKING verb: “After the long race, Omar ____ exhausted.”",A) jumped | B) ran | C) felt | D) quickly,C,"“Felt” links Omar to the word that describes him, “exhausted.”","Linking verbs: is, seem, feel, become, look, appear.",,
G5-verbs-003,5,"Action, Main, Helping and Linking Verbs",L.5.1,3,DROPDOWN,,Choose the helping verb: “The guests ____ arriving soon.”,A) was | B) is | C) has | D) will be,D,“Will be arriving” is a verb phrase showing the future.,Helping verb + main verb = verb phrase.,,
G5-verbs-004,5,"Action, Main, Helping and Linking Verbs",L.5.1,4,MULTIPLE_CHOICE,,Which sentence has a transitive verb (an action done TO something)?,A) Huda painted a mural. | B) Huda arrived early. | C) Huda laughed. | D) Huda seemed tired.,A,“Painted” acts on the object “a mural.”,Transitive verbs have a direct object.,,
G5-verbs-005,5,"Action, Main, Helping and Linking Verbs",L.5.1,5,DROPDOWN,,Choose the modal that shows ability: “I ____ swim across the pool now.”,A) can | B) should | C) must | D) may,A,“Can” shows ability.,can = able; must = required; should = advised.,,
G5-verbs-006,5,"Action, Main, Helping and Linking Verbs",L.5.1,6,MULTI_SELECT,,Which TWO sentences use a verb phrase with a helping verb?,A) We are reading a mystery. | B) We read a mystery. | C) The team has practiced every day. | D) The team practiced yesterday.,"A, C",has practiced and are reading each contain a helping verb.,Look for has/have/is/are/will before the main verb.,,
G5-commas-006,5,Punctuation and Commas,L.5.2,6,ERROR_CORRECTION,,Tap the part of the sentence that has an error.,"Yes |  Mr. Salem, |  the report |  is ready.","segment 1 → Yes,",A comma follows the introductory word “Yes.” (The comma after the name is already correct.),Introductory words and direct address both need commas.,,
G5-titles-abbreviations-002,5,"Titles, Abbreviations and Letter Format",L.5.2,1,MULTIPLE_CHOICE,,Which is the abbreviation for “Street”?,A) st | B) St. | C) Str | D) ST,B,Street → St.,"Address abbreviations: St., Ave., Rd.",,
G5-titles-abbreviations-003,5,"Titles, Abbreviations and Letter Format",L.5.2,2,MULTIPLE_CHOICE,,How should a song title be written?,A) underlined | B) in all capital letters | C) in quotation marks | D) with no marks,C,"Short works (songs, poems, articles) use quotation marks.",Short works → quotation marks.,,
G5-titles-abbreviations-004,5,"Titles, Abbreviations and Letter Format",L.5.2,3,MULTIPLE_CHOICE,,Which sentence writes a magazine title and an article title correctly?,A) I read Saving the Reefs in “Ocean World.” | B) I read Saving The Reefs in ocean world. | C) I read “saving the reefs” in Ocean World. | D) I read “Saving the Reefs” in Ocean World.,D,Article titles take quotation marks; magazine titles are italicized.,Part → quotes; whole → italics.,,
G5-titles-abbreviations-005,5,"Titles, Abbreviations and Letter Format",L.5.2,5,MULTIPLE_CHOICE,,Which date uses abbreviations correctly?,"A) Mon., Sept. 7 | B) MON., SEPT. 7 | C) mon., sept. 7 | D) Mon Sept 7",A,Abbreviated days and months keep a capital letter and take a period.,"Mon., Tues., Jan., Feb.",,
G5-titles-abbreviations-006,5,"Titles, Abbreviations and Letter Format",L.5.2,6,MULTIPLE_CHOICE,,Which sentence is correct?,"A) Dr Hamid’s book, “The Desert Garden,” won an award. | B) Dr. Hamid’s book, The Desert Garden, won an award. | C) Dr. Hamid’s book, the Desert Garden, won an award. | D) dr. Hamid’s book, The desert garden, won an award.",B,Title abbreviation with a period; book title italicized with capitals.,"Check abbreviation, marks and capitals.",,
G5-author-purpose-002,5,Author's Purpose,RI.5.6,2,MULTIPLE_CHOICE,Why the Moon Changes Shape,What is the main purpose of “Why the Moon Changes Shape”?,A) to tell a story about astronauts | B) to describe how calendars are printed | C) to explain why the Moon looks different during the month | D) to persuade readers to visit space,C,The article explains moon phases.,"Ask: inform, persuade or entertain?",,
G5-author-purpose-003,5,Author's Purpose,RI.5.6,3,MULTIPLE_CHOICE,Catching Water in the Desert,Why does the author of “Catching Water in the Desert” begin by describing rare rain?,A) to describe a holiday | B) to explain how clouds form | C) to complain about the weather | D) to show the problem that the solutions address,D,The opening sets up the problem of saving water.,Openings often introduce the problem or topic.,,
G5-author-purpose-004,5,Author's Purpose,RI.5.6,4,MULTIPLE_CHOICE,The Storm: Two Accounts,How is the purpose of the news report different from Rania’s journal in “The Storm: Two Accounts”?,A) The report informs with facts; the journal shares personal feelings. | B) The journal gives exact rainfall. | C) Both mainly share feelings. | D) The report is fiction.,A,The report lists wind speeds and outages; the journal says “I was scared.”,Compare purpose through the details each writer chooses.,,
G5-author-purpose-005,5,Author's Purpose,RI.5.6,5,MULTIPLE_CHOICE,Sea Turtles of the Red Sea,Why does the turtle article include a glossary?,A) to list every turtle species | B) to help readers understand a key word | C) to tell a story | D) to persuade readers to protect turtles,B,The glossary defines “hatchling.”,Text features support the author’s purpose.,,
G5-author-purpose-006,5,Author's Purpose,RI.5.6,7,MULTIPLE_CHOICE,Catching Water in the Desert,The author of “Catching Water in the Desert” ends with engineers combining ancient ideas and modern materials. What point of view does this ending suggest?,"A) Modern materials make ancient ideas useless. | B) Engineers should stop using cisterns. | C) Old solutions are still valuable and can be improved, not replaced. | D) Desert farming is impossible.",C,The final sentence shows respect for ancient methods and hope for improvement.,Endings often reveal the author’s attitude.,,
G5-cause-effect-003,5,Text Structure: Cause and Effect,RI.5.3,2,MULTIPLE_CHOICE,Catching Water in the Desert,"In “Catching Water in the Desert,” what causes rainwater to disappear quickly?","A) Cisterns leak. | B) Check dams block it. | C) People drink it immediately. | D) It rushes over hard, dry ground.",D,"The text says water “rushes over the hard, dry ground and disappears.”",Find what makes something happen.,,
G5-cause-effect-004,5,Text Structure: Cause and Effect,RI.5.3,3,MULTIPLE_CHOICE,Catching Water in the Desert,What is an effect of check dams?,A) Water soaks into the soil instead of running away. | B) Rain falls more often. | C) The ground becomes harder. | D) Cisterns become larger.,A,"The walls slow the water, “giving it time to soak into the soil.”",Signal words like “giving” can show effects.,,
G5-cause-effect-005,5,Text Structure: Cause and Effect,RI.5.3,5,MULTIPLE_CHOICE,The Storm: Two Accounts,"In “The Storm: Two Accounts,” what was an effect of the 120 millimeters of rain?",A) Winds of 90 kilometers per hour | B) Flooding on six streets | C) Power restored by noon | D) Lightning at 3 a.m.,B,Heavy rain in six hours flooded streets.,Connect each cause with its direct result.,,
G5-cause-effect-006,5,Text Structure: Cause and Effect,RI.5.3,7,MATCHING,Sea Turtles of the Red Sea,Match each cause from the turtle article with its effect.,Warmer sand in the nest = More hatchlings become females | Bright lights from buildings = Hatchlings crawl the wrong way | Eggs stay warm for about two months = Hatchlings dig their way out,pairs as listed,Each effect in the article follows from a condition on the beach.,Use “because” to test each pair.,,
G5-central-idea-004,5,Central Idea and Relevant Details,RI.5.2,2,MULTIPLE_CHOICE,Why the Moon Changes Shape,What is the central idea of “Why the Moon Changes Shape”?,A) Calendars were invented by farmers. | B) Full moons happen every week. | C) The Moon’s shape seems to change because we see different amounts of its lit half. | D) The Moon makes its own light.,C,Every paragraph explains our changing view of the lit half.,The central idea connects all paragraphs.,,
G5-central-idea-005,5,Central Idea and Relevant Details,RI.5.2,3,MULTIPLE_CHOICE,Sea Turtles of the Red Sea,Which detail BEST supports the central idea of the turtle article?,A) Hatchling is defined in the glossary. | B) The Red Sea is warm. | C) A caption describes a photo. | D) Females lay about one hundred eggs on sandy beaches.,D,The article is about how Red Sea turtles nest and the dangers hatchlings face.,Supporting details develop the main idea.,,
G5-central-idea-006,5,Central Idea and Relevant Details,RI.5.2,4,MULTIPLE_CHOICE,The Last Repair,Which sentence best states the central idea of “The Last Repair”?,"A) Under pressure, Khalid succeeds by remembering to slow down. | B) Captains need pocket watches. | C) Jeddah smells of sea salt and cardamom. | D) Uncle Faris has a fever.",A,The story turns on Khalid calming himself and finding the spring.,Ask what the whole story is mostly about.,,
G5-character-003,5,Character Traits & Development,RL.5.3,2,MULTIPLE_CHOICE,The Second Try,Which word BEST describes Dana in “The Second Try”?,A) jealous | B) supportive | C) bored | D) rude,B,She whispers encouragement and gives advice.,Use dialogue to describe a character.,,
G5-character-004,5,Character Traits & Development,RL.5.3,3,MULTIPLE_CHOICE,The Two Wells,How does Salma solve the problem in “The Two Wells”?,A) She buys water from Hamdan. | B) She leaves the village. | C) She observes carefully and leads the children to dig a new well. | D) She asks the king for help.,C,She notices the green grove and digs there.,Characters’ actions show their traits.,,
G5-character-005,5,Character Traits & Development,RL.5.3,4,MULTIPLE_CHOICE,The Volcano That Would Not Erupt,What does Yusuf’s question about the baking soda show about him?,A) He forgot the vinegar. | B) He wants to blame Layla. | C) He has given up. | D) He thinks logically when something goes wrong.,D,"Instead of panicking, he checks the steps.",Problem-solving shows character.,,
G5-character-006,5,Character Traits & Development,RL.5.3,7,MULTIPLE_CHOICE,The Last Repair,How does Khalid change between the moment the spring disappears and the end of “The Last Repair”?,"A) He moves from panic to calm, careful action. | B) He gives up and asks the captain for help. | C) He stays panicked until the end. | D) He moves from calm to anger.",A,"He knocks screws over in panic, then counts to ten and searches slowly.",Track how a character’s behavior changes.,,
G5-compare-texts-003,5,Compare and Contrast Texts,RI.5.9,2,MULTIPLE_CHOICE,The Storm: Two Accounts,What topic do both accounts in “The Storm: Two Accounts” describe?,A) a school play | B) the same storm on March 12 | C) a car accident | D) two different storms,B,Both are dated March 12 and describe the storm.,Find the shared topic first.,,
G5-compare-texts-004,5,Compare and Contrast Texts,RI.5.9,3,MULTIPLE_CHOICE,The Storm: Two Accounts,Which detail appears in BOTH accounts?,A) Rania hid in her sister’s bed. | B) Electricity returned by noon. | C) There was flooding in the streets. | D) Winds reached 90 kilometers per hour.,C,Rania says the street was a river; the report says six streets flooded.,Look for facts both writers mention.,,
G5-compare-texts-005,5,Compare and Contrast Texts,RI.5.9,6,MULTIPLE_CHOICE,Two Articles: A School Garden and Red Sea Turtles,"Using BOTH articles in the paired passage, which statement is true?",A) Both are stories. | B) Both argue for protecting turtles. | C) Both use headings. | D) One argues for gardens with reasons; the other explains facts about turtles with headings.,D,The texts differ in purpose and structure.,Compare purpose and structure across texts.,,
G5-compare-texts-006,5,Compare and Contrast Texts,RI.5.9,7,MULTIPLE_CHOICE,The Storm: Two Accounts,A student writes a report about the storm’s effect on families. Why is using BOTH accounts better than using one?,"A) The report gives exact facts, and the journal shows how it felt to live through it. | B) The report describes Rania’s fear. | C) Both say the same thing. | D) The journal has more numbers.",A,Combining facts and personal experience gives a fuller picture.,Different sources add different kinds of information.,,
G5-inference-002,5,Make Inferences,RL.5.1,2,MULTIPLE_CHOICE,The Second Try,Why does the narrator of “The Second Try” leave the note cards in the desk?,A) Because the teacher took them | B) To speak naturally instead of reading | C) Because they were wet | D) Because the cards were lost,B,"Dana advised, “Just talk like you’re telling me.”",Link actions to earlier advice.,,
G5-inference-003,5,Make Inferences,RL.5.1,3,MULTIPLE_CHOICE,The Two Wells,What can you infer about Hamdan at the start of “The Two Wells”?,A) He is generous. | B) He dislikes water. | C) He cares more about money than about his neighbors. | D) He is poor.,C,He charges a silver coin even as poor families go thirsty.,Actions reveal values.,,
G5-inference-004,5,Make Inferences,RL.5.1,5,TRUE_FALSE,The Last Repair,"In “The Last Repair,” the captain is pleased with Khalid’s work.",True | False,True,“The captain’s smile told him everything.”,Facial expressions support inferences.,,
G5-inference-005,5,Make Inferences,RI.5.1,6,MULTIPLE_CHOICE,The Storm: Two Accounts,Why did the news report most likely include “No injuries were reported”?,A) To show the storm was weak | B) To describe Rania’s family | C) To blame the city | D) To reassure readers that no one was hurt,D,Reports often include safety information readers want.,Think about what readers need to know.,,
G5-inference-006,5,Make Inferences,RL.5.1,7,MULTIPLE_CHOICE,City Morning,"In “City Morning,” why does the speaker say “That minute, friend, is mine”?",A) The speaker treasures a quiet moment before the busy day. | B) The speaker is late for work. | C) The speaker owns the city. | D) The speaker dislikes friends.,A,The last stanza contrasts the quiet golden sky with the loud day.,Read the final lines in context.,,
G5-poetry-elements-002,5,"Poetry: Structure, Rhyme, Meter and Form",RL.5.5,1,MULTIPLE_CHOICE,Harbor at Dawn,How many stanzas are in “Harbor at Dawn”?,A) one | B) two | C) eight | D) three,B,There are two groups of four lines.,Stanzas are separated by blank lines.,,
G5-poetry-elements-003,5,"Poetry: Structure, Rhyme, Meter and Form",RL.5.5,2,MULTIPLE_CHOICE,Harbor at Dawn,Which pair of words rhymes in “Harbor at Dawn”?,A) boats / wet | B) ropes / breeze | C) light / night | D) gulls / thread,C,“Light” and “night” end lines 1 and 2 and rhyme.,Check line endings.,,
G5-poetry-elements-004,5,"Poetry: Structure, Rhyme, Meter and Form",RL.5.5,3,MULTIPLE_CHOICE,Harbor at Dawn,What is the rhyme pattern of “Harbor at Dawn”?,A) only the last line | B) no rhyme at all | C) every other line | D) rhyming pairs (couplets),D,"light/night, thread/red, knees/breeze, wet/net.",Couplets: two rhyming lines in a row.,,
G5-poetry-elements-005,5,"Poetry: Structure, Rhyme, Meter and Form",RL.5.5,5,MULTIPLE_CHOICE,City Morning,"In “City Morning,” how does the sentence run from stanza 2 into stanza 3?",A) The question continues across the stanza break. | B) Stanza 3 repeats stanza 2. | C) The poem has no punctuation. | D) Each stanza is a separate sentence.,A,“don’t you miss / The quiet way…” carries the thought into stanza 3 (enjambment).,Lines and stanzas can continue a sentence.,,
G5-poetry-elements-006,5,"Poetry: Structure, Rhyme, Meter and Form",RL.5.5,6,MULTIPLE_CHOICE,Harbor at Dawn,How does the structure of “Harbor at Dawn” support its meaning?,"A) The stanzas are numbered steps in a process. | B) Two short rhyming stanzas move from the sky to the boats, like a scene slowly waking. | C) Each stanza tells a different character’s story. | D) It has no stanzas.",B,Stanza 1 shows sky and town; stanza 2 the harbor sounds and boats waking.,Ask how form and meaning work together.,,
G5-point-of-view-004,5,Point of View and Perspective,RL.5.6,2,MULTIPLE_CHOICE,The Two Wells,From what point of view is “The Two Wells” told?,A) Salma’s first person | B) second person | C) third person | D) first person,C,"The narrator uses she, he and they.",Pronouns reveal point of view.,,
G5-point-of-view-005,5,Point of View and Perspective,RL.5.6,4,MULTIPLE_CHOICE,The Storm: Two Accounts,How does Rania’s first-person journal affect what readers learn?,"A) Readers learn the officials’ plans. | B) Readers learn exact wind speeds. | C) Readers learn every family’s story. | D) Readers learn her personal feelings, like fear and amazement.",D,First person shares the narrator’s inner thoughts.,Narrator choice shapes information.,,
G5-point-of-view-006,5,Point of View and Perspective,RL.5.6,5,MULTIPLE_CHOICE,The Volcano That Would Not Erupt,"If “The Volcano That Would Not Erupt” were told by Ms. Dawood, what might change?","A) We would see the scene from the teacher’s view, perhaps without knowing about the missing baking soda. | B) The science fair would be canceled. | C) Layla would disappear. | D) The volcano would be made of metal.",A,A different narrator knows and notices different things.,Imagine the story through another character.,,
G5-problem-solution-003,5,Text Structure: Problem and Solution,RI.5.5,2,MULTIPLE_CHOICE,The Two Wells,What is the solution in “The Two Wells”?,A) Hamdan builds a wall. | B) The children dig a new well. | C) The village moves. | D) Families go thirsty.,B,The new well gives free water.,Solution = what fixes the problem.,,
G5-problem-solution-004,5,Text Structure: Problem and Solution,RI.5.5,5,TRUE_FALSE,Sea Turtles of the Red Sea,"In the turtle article, the author gives a full solution for the problem of bright lights.",True | False,False,The section explains the danger but does not describe a solution.,Not every problem in a text is solved.,,
G5-problem-solution-005,5,Text Structure: Problem and Solution,RI.5.5,6,MULTIPLE_CHOICE,Catching Water in the Desert,How do cisterns and check dams solve the SAME problem in different ways?,A) Both pump water from wells. | B) Cisterns are for animals only. | C) Cisterns store water in tanks; check dams help water soak into the ground. | D) Both make it rain more.,C,"Both save scarce rainwater, using storage or soil.",Compare how two solutions work.,,
G5-problem-solution-006,5,Text Structure: Problem and Solution,RI.5.5,7,MULTIPLE_CHOICE,Every School Needs a Garden,Why does the author of the garden letter offer starting small with containers?,A) To show gardens are useless | B) To make gardens larger | C) To save time on reading | D) To solve the problem that gardens may cost too much,D,This answers the cost objection with a practical solution.,Persuasive texts can include solutions to objections.,,
G5-sequence-003,5,Text Structure: Sequence and Chronology,RI.5.3,2,MULTIPLE_CHOICE,The Last Repair,"In “The Last Repair,” what happens right after the spring disappears?",A) Khalid knocks a box of screws to the floor. | B) He closes the case. | C) He finds the spring. | D) The captain leaves the watch.,A,His panic follows immediately.,Track time order.,,
G5-sequence-004,5,Text Structure: Sequence and Chronology,RI.5.3,5,SENTENCE_ORDER,Catching Water in the Desert,Put the steps of collecting rainwater in a cistern in order.,Rain falls on the rooftop. → Gutters guide the water into pipes. → Pipes lead the water to the cistern. → The covered tank keeps the water cool.,order as listed,The article describes the path from roof to tank.,Follow the path of the water.,,
G5-sequence-005,5,Text Structure: Sequence and Chronology,RI.5.3,6,SENTENCE_ORDER,The Storm: Two Accounts,Put the events in the news report in time order.,The storm strikes early Thursday morning. → Streets flood and power goes out. → City crews begin clearing drains at 7 a.m. → Electricity is restored by noon.,order as listed,The report moves from the storm to the recovery.,Use times as clues.,,
G5-sequence-006,5,Text Structure: Sequence and Chronology,RI.5.5,7,MULTIPLE_CHOICE,Why the Moon Changes Shape,"After a full moon, what happens next in the cycle described in the article?",A) The Moon stops reflecting light. | B) The pattern reverses until the next new moon. | C) A full moon happens again the next night. | D) The Moon becomes a crescent immediately.,B,"The article says, “Then the pattern reverses until the next new moon.”",Cycles return to their starting point.,,
G5-sound-devices-002,5,"Sound Devices (Assonance, Consonance, Alliteration)",RL.5.4,2,MULTIPLE_CHOICE,City Morning,Which line from “City Morning” uses onomatopoeia?,"A) “The city yawns and stretches wide,” | B) “Above the rooftop line?” | C) “The coffee kettles hiss;” | D) “That minute, friend, is mine.”",C,“Hiss” imitates a sound.,Onomatopoeia = sound words.,,
G5-sound-devices-003,5,"Sound Devices (Assonance, Consonance, Alliteration)",RL.5.4,3,MULTIPLE_CHOICE,Harbor at Dawn,Which words in “Harbor at Dawn” show alliteration?,"A) “fishing boats, still beaded wet” | B) “the last stars folding up the night” | C) “the bread oven breathes” | D) “salt and diesel… stitch the sky with silver”",D,"Many words repeat the s sound: stitch, sky, silver, salt.",Listen for repeated beginning sounds.,,
G5-sound-devices-004,5,"Sound Devices (Assonance, Consonance, Alliteration)",RL.5.4,4,MULTIPLE_CHOICE,Harbor at Dawn,Which sound device appears in “Ropes creak”?,A) onomatopoeia | B) repetition | C) alliteration | D) rhyme,A,“Creak” imitates the sound of ropes.,Sound words imitate real sounds.,,
G5-sound-devices-005,5,"Sound Devices (Assonance, Consonance, Alliteration)",L.5.5,6,MATCHING,City Morning,Match each example from “City Morning” with its sound device.,"hiss = Onomatopoeia | busy, bustling, buzzing = Alliteration | wide / side = Rhyme",pairs as listed,Each example uses sound in a different way.,Say each aloud.,,
G5-sound-devices-006,5,"Sound Devices (Assonance, Consonance, Alliteration)",RL.5.4,7,MULTIPLE_CHOICE,City Morning,"Why does the poet use the alliteration “busy, bustling, buzzing throng”?","A) To make the poem rhyme | B) The repeated b sounds create a noisy, rushing feeling like a crowd. | C) To describe silence | D) To slow the poem down",B,The fast repeated b sounds echo the energy of the crowd.,Sound devices support meaning.,,
G5-text-evidence-002,5,Cite Text Evidence,RL.5.1,2,MULTIPLE_CHOICE,The Second Try,Which sentence shows that the narrator of “The Second Try” was nervous at first?,A) “Dana leaned over.” | B) “Heads lifted.” | C) “My hands shook.” | D) “I was smiling.”,C,Shaking hands show nervousness.,Choose evidence that directly shows the idea.,,
G5-text-evidence-003,5,Cite Text Evidence,RI.5.1,3,MULTIPLE_CHOICE,Catching Water in the Desert,Which sentence supports the idea that cisterns are an old invention?,A) “Farmers build low walls of earth.” | B) “Rain falls only a few times each year.” | C) “Gutters on rooftops guide rainwater.” | D) “Archaeologists have found cisterns that are more than two thousand years old.”,D,Two-thousand-year-old cisterns prove they are ancient.,Match evidence to the claim.,,
G5-text-evidence-004,5,Cite Text Evidence,RL.5.1,4,MULTIPLE_CHOICE,The Two Wells,Which evidence shows that the villagers valued sharing?,"A) “they shared it freely, as they always had.” | B) “every bucket costs a silver coin.” | C) “Hamdan’s gate stayed locked.” | D) “Their hands blistered.”",A,The villagers choose to share the new well freely.,Quote words that prove the point.,,
G5-text-evidence-005,5,Cite Text Evidence,RI.5.1,6,MULTI_SELECT,The Storm: Two Accounts,Which TWO quotations support the idea that the storm was serious?,"A) “No injuries were reported.” | B) “winds of up to 90 kilometers per hour” | C) “power outages affecting about 4,000 homes” | D) “electricity was restored to most homes by noon.”","B, C",High winds and many outages show a serious storm.,Choose evidence that fits the claim.,,
G5-text-evidence-006,5,Cite Text Evidence,RL.5.1,7,MULTIPLE_CHOICE,The Volcano That Would Not Erupt,"A student claims, “Layla learned from her mistake.” Which quotation is the STRONGEST evidence?","A) “The judges come at ten o’clock.” | B) “You check every step, and you never panic.” | C) “Everything is ruined!” | D) “The baking soda… is still in my backpack.”",B,Her final line states what she learned.,The best evidence directly proves the claim.,,
G5-theme-003,5,Theme,RL.5.2,2,MULTIPLE_CHOICE,The Two Wells,What is a theme of “The Two Wells”?,A) Deserts are hot. | B) Children should not dig. | C) Sharing is worth more than profit. | D) Merchants are always kind.,C,Hamdan admits shared water is worth more than sold water.,Theme = message about life.,,
G5-theme-004,5,Theme,RL.5.2,3,MULTIPLE_CHOICE,The Last Repair,Which detail BEST supports the theme of “The Last Repair”?,A) “Uncle Faris had a fever.” | B) “The ship’s horn sounded.” | C) “The narrow lanes smelled of sea salt.” | D) “A watchmaker’s hands must be slower than the sand.”,D,The uncle’s lesson about patience is the message of the story.,Find the line that states the lesson.,,
G5-theme-005,5,Theme,RL.5.2,5,MULTIPLE_CHOICE,The Volcano That Would Not Erupt,What theme does “The Volcano That Would Not Erupt” express?,A) Staying calm and checking your work helps you solve problems. | B) Partners always cause problems. | C) Science fairs are unfair. | D) Volcanoes are dangerous.,A,Layla’s last line states the lesson: check every step and never panic.,A theme is a message about life.,,
G5-theme-006,5,Theme,RL.5.2,7,MULTIPLE_CHOICE,The Second Try,How does the turtle memory in “The Second Try” help develop the theme?,"A) It explains how to give a speech. | B) The turtles keep going after being knocked back, just as the narrator does. | C) It shows turtles are dangerous. | D) It distracts from the story.",B,“Being knocked back… isn’t the same as being beaten.”,Symbols and memories can carry themes.,,
G5-context-clues-005,5,Context Clues,L.5.4.a,2,MULTIPLE_CHOICE,,Read: “The puppy was so lethargic after the long walk that it slept all afternoon.” What does lethargic mean?,A) very excited | B) very loud | C) very tired and slow | D) very hungry,C,The clue “slept all afternoon” shows tiredness.,Use the effect described in the sentence.,,
G5-context-clues-006,5,Context Clues,L.5.4.a,7,MULTIPLE_CHOICE,,"Read: “Unlike his loquacious cousin, who chatted for hours, Tamer rarely spoke more than a few words.” What does loquacious mean?",A) very quiet | B) very rude | C) very tall | D) very talkative,D,The contrast word “Unlike” and “chatted for hours” show the meaning.,Contrast clues show the opposite of a nearby word.,,
G5-figurative-language-005,5,"Figurative Language (Similes, Metaphors, Personification, Hyperbole)",L.5.5.a,2,MULTIPLE_CHOICE,City Morning,“The baker sings a sugared song.” What kind of figurative language describes the song as “sugared”?,A) a metaphor suggesting the song is sweet | B) a simile using “like” | C) a literal description | D) onomatopoeia,A,The song is described as if it were sweet like sugar.,Metaphors compare without like or as.,,
G5-figurative-language-006,5,"Figurative Language (Similes, Metaphors, Personification, Hyperbole)",RL.5.4,5,MULTIPLE_CHOICE,Harbor at Dawn,"In “Harbor at Dawn,” what does “The harbor yawns” suggest?","A) The harbor is bored. | B) The harbor is just waking up, like a sleepy person. | C) The harbor is wide open and empty forever. | D) The harbor makes a loud noise.",B,Personification gives the harbor a human action at dawn.,Personification gives human traits to things.,,
G5-greek-latin-roots-004,5,Greek and Latin Roots,L.5.4.b,2,MULTIPLE_CHOICE,,The Latin root “aqua” means water. Which word names a tank for fish?,A) terrarium | B) auditorium | C) aquarium | D) planetarium,C,aqua (water) + -arium (place) = aquarium.,Roots carry the core meaning.,,
G5-greek-latin-roots-005,5,Greek and Latin Roots,L.5.4.b,4,MULTIPLE_CHOICE,,The Greek root “chron” means time. What is a chronological list?,A) a list of colors | B) a list in alphabetical order | C) a list in size order | D) a list in time order,D,chron (time) → in the order things happened.,"Think of chronicle, chronometer.",,
G5-greek-latin-roots-006,5,Greek and Latin Roots,L.5.4.b,7,MULTIPLE_CHOICE,,"Using roots, what does “benevolent” most likely mean?",A) wishing to do good for others | B) wishing harm on others | C) able to fly | D) very strong,A,bene (good) + vol (wish) = wishing good.,Combine root meanings to define new words.,,
G5-homographs-homophones-003,5,Homographs and Homophones,L.5.5.c,2,DROPDOWN,,Choose the correct word: “The hikers walked for an ____.”,A) ower | B) hour | C) are | D) our,B,“Hour” means sixty minutes.,Homophones sound alike but differ in meaning.,,
G5-homographs-homophones-004,5,Homographs and Homophones,L.5.5.c,3,MULTIPLE_CHOICE,,In which sentence does “lead” rhyme with “bed”?,A) Please lead the line to lunch. | B) The pencil’s lead broke during the test. | C) Who will lead the team? | D) The guide will lead us up the trail.,B,Lead (the metal or pencil core) rhymes with bed.,Homographs can have different pronunciations.,,
G5-homographs-homophones-005,5,Homographs and Homophones,L.5.5.c,6,MULTIPLE_CHOICE,,“The farm was used to produce produce.” How do the two words differ?,"A) They are spelled differently. | B) Both are nouns. | C) The first is a verb (make); the second is a noun (fruits and vegetables), with different stress. | D) They mean the same thing.",C,pro-DUCE (verb) vs. PRO-duce (noun).,Stress can change with part of speech.,,
G5-homographs-homophones-006,5,Homographs and Homophones,L.5.5.c,7,ERROR_CORRECTION,,Tap the part of the sentence that has an error.,The principle |  announced that |  the school |  would close early.,segment 1 → The principal,A principal is the head of a school; a principle is a rule or belief.,Principal = a pal who leads the school.,,
G5-idioms-adages-004,5,"Idioms, Adages and Proverbs",L.5.5.b,2,MULTIPLE_CHOICE,,What does “under the weather” mean?,A) checking the forecast | B) very happy | C) standing in the rain | D) feeling sick,D,“Under the weather” means feeling unwell.,Idioms are not literal.,,
G5-idioms-adages-005,5,"Idioms, Adages and Proverbs",L.5.5.b,3,MULTIPLE_CHOICE,,Maryam “spilled the beans” about the surprise party. What did she do?,A) She told the secret. | B) She hid the gifts. | C) She cooked dinner. | D) She dropped food.,A,To spill the beans is to reveal a secret.,Use context to understand idioms.,,
G5-idioms-adages-006,5,"Idioms, Adages and Proverbs",L.5.5.b,7,MATCHING,,Match each proverb with its meaning.,Look before you leap = think carefully before acting | Many hands make light work = working together makes jobs easier | Don’t judge a book by its cover = don’t judge by appearances | Better late than never = doing something late is better than not doing it,pairs as listed,Proverbs share advice about life.,Think of a situation where each applies.,,
G5-prefixes-002,5,Prefixes,L.5.4.b,1,DROPDOWN,,Choose the word that means “not possible”: “Climbing that cliff without ropes is ____.”,A) repossible | B) possibly | C) impossible | D) unpossible,C,im- means not: impossible = not possible.,"Before p, b or m, “not” is often spelled im-.",,
G5-prefixes-003,5,Prefixes,L.5.4.b,3,DROPDOWN,,Choose the word that means “to spell wrongly”: “Be careful not to ____ the new words.”,A) unspell | B) prespell | C) respell | D) misspell,D,mis- means wrongly.,mis- = wrongly.,,
G5-prefixes-004,5,Prefixes,L.5.4.b,4,MULTIPLE_CHOICE,,What does “nonfiction” mean?,A) writing about the future | B) writing that is not made up | C) writing that is made up | D) poems,B,non- means not: not fiction.,non- = not.,,
G5-prefixes-005,5,Prefixes,L.5.4.b,5,MATCHING,,Match each prefix with its meaning.,pre- = before | dis- = opposite of | over- = too much | non- = not,pairs as listed,Prefixes change the meaning of base words.,"Use example words: preview, disagree, overflow, nonstop.",,
G5-prefixes-006,5,Prefixes,L.5.4.b,6,MULTIPLE_CHOICE,,Which word means “to judge someone before knowing them”?,A) misjudge | B) rejudge | C) prejudge | D) unjudge,C,pre- (before) + judge = judge beforehand.,Choose the prefix that matches the meaning.,,
G5-synonyms-antonyms-002,5,Synonyms and Antonyms,L.5.5.c,1,MULTIPLE_CHOICE,,Which word is a synonym for “shout”?,A) listen | B) sing | C) whisper | D) yell,D,Shout and yell both mean to speak very loudly.,Synonyms = similar meanings.,,
G5-synonyms-antonyms-003,5,Synonyms and Antonyms,L.5.5.c,2,MULTIPLE_CHOICE,,Which word is an antonym for “visible”?,A) hidden | B) clear | C) seen | D) bright,A,Visible means able to be seen; hidden means not seen.,Antonyms = opposites.,,
G5-synonyms-antonyms-004,5,Synonyms and Antonyms,L.5.5.c,3,MULTIPLE_CHOICE,,Which word is the BEST synonym for “furious”?,A) calm | B) enraged | C) tired | D) annoyed,B,Furious and enraged both mean extremely angry.,Match the strength of the feeling.,,
G5-synonyms-antonyms-005,5,Synonyms and Antonyms,L.5.5.c,5,MATCHING,,Match each word with its SYNONYM.,swift = fast | ancient = old | courageous = brave | gigantic = huge,pairs as listed,Each pair has a similar meaning.,Synonyms can replace each other in a sentence.,,
G5-synonyms-antonyms-006,5,Synonyms and Antonyms,L.5.5.c,6,MULTIPLE_CHOICE,,Which pair shows antonyms with the strongest contrast?,A) cold / chilly | B) warm / cool | C) scorching / freezing | D) hot / warm,C,Scorching and freezing are extreme opposites.,Antonyms can show degrees of contrast.,,
G5-spelling-004,5,Spelling Patterns,L.5.2.e,1,MULTIPLE_CHOICE,,Which word is spelled correctly?,A) naybor | B) nieghbor | C) neighbour | D) neighbor,D,neighbor: n-e-i-g-h-b-o-r.,Weigh and neighbor: ei says long a.,,
G5-spelling-005,5,Spelling Patterns,L.5.2.e,3,FILL_BLANK,,Add -ly to happy: “The children played ____.”,(typed),happily,Change y to i before adding -ly: happily.,Consonant + y → i before a suffix.,,
G5-spelling-006,5,Spelling Patterns,RF.5.3.a,6,MULTIPLE_CHOICE,,Which sentence has every word spelled correctly?,A) Our committee will definitely receive the separate reports. | B) Our comittee will definitely receive the separate reports. | C) Our committee will definitely recieve the seperate reports. | D) Our committee will definately receive the separate reports.,A,"committee, definitely, receive, separate are tricky words spelled correctly.",Check commonly misspelled words carefully.,,
G5-precise-language-002,5,"Precise Language, Style and Tone",L.5.3,2,MULTIPLE_CHOICE,,Which word is more precise than “walked” in: “The tired hiker ____ up the hill”?,A) did | B) trudged | C) moved | D) went,B,"“Trudged” shows slow, heavy walking.",Choose verbs that show how.,,
G5-precise-language-003,5,"Precise Language, Style and Tone",L.5.3,3,MULTIPLE_CHOICE,,Which sentence uses the most precise language?,A) The bird did a thing. | B) The bird moved fast. | C) The hawk swooped down and snatched a lizard from the rock. | D) The bird went down and got something.,C,"Specific nouns (hawk, lizard) and verbs (swooped, snatched) create a clear picture.",Replace general words with exact ones.,,
G5-precise-language-004,5,"Precise Language, Style and Tone",W.5.2.d,4,MULTIPLE_CHOICE,,Which domain-specific word fits a science report? “The water turned into vapor through ____.”,A) disappearing | B) going away | C) magic | D) evaporation,D,Evaporation is the scientific term.,Use subject-specific vocabulary in reports.,,
G5-precise-language-005,5,"Precise Language, Style and Tone",W.5.2.d,6,MULTIPLE_CHOICE,,Which revision is MOST precise for a report? “A lot of people came to the event.”,"A) About 1,200 visitors attended the science fair. | B) Many people came. | C) People came to the thing. | D) Tons of people came to the event.",A,Exact numbers and specific nouns make writing precise.,Replace “a lot” with a number.,,
G5-precise-language-006,5,"Precise Language, Style and Tone",L.5.3,7,MULTIPLE_CHOICE,,Which sentence uses precise language to create a formal tone?,"A) They put off the meeting ’cause of the storm thing. | B) The committee postponed the meeting because of the sandstorm warning. | C) The meeting got moved, like, later. | D) Stuff happened, so no meeting.",B,Precise verbs (postponed) and nouns (sandstorm warning) suit formal writing.,Formal writing avoids slang.,,
G6-adjectives-003,6,"Adjectives, Articles and Order of Adjectives",L.6.1,1,MULTIPLE_CHOICE,,Which word describes the noun “camel” in “The patient camel waited in the shade”?,A) shade | B) waited | C) patient | D) The,C,“Patient” tells what kind of camel.,Adjectives describe nouns.,,
G6-adjectives-004,6,"Adjectives, Articles and Order of Adjectives",L.6.1,4,MULTIPLE_CHOICE,,Which sentence uses a predicate adjective?,A) The cool air arrived after sunset. | B) We watched the sunset. | C) Sunset came quickly. | D) The desert air felt cool after sunset.,D,“Cool” follows the linking verb “felt” and describes the subject.,Predicate adjectives follow linking verbs.,,
G6-adjectives-005,6,"Adjectives, Articles and Order of Adjectives",L.6.1,5,DROPDOWN,,"Choose the correct form: “Of the two routes, the coastal road is ____.”",A) more scenic | B) scenicer | C) most scenic | D) more scenicer,A,Comparing exactly two routes: more scenic.,Two → comparative; three+ → superlative.,,
G6-adjectives-006,6,"Adjectives, Articles and Order of Adjectives",L.6.1,6,ERROR_CORRECTION,,Tap the part of the sentence that has an error.,"She bought |  a new, wooden, |  jewelry box |  in the souq.",segment 2 →  a new wooden,"No comma between adjectives that are not coordinate (you would not say “new and wooden jewelry box” naturally), and never a comma before the noun.","Use commas only between coordinate adjectives, and never before the noun.",,
G6-clauses-complex-002,6,Clauses and Complex Sentences,L.6.1,2,MULTIPLE_CHOICE,,"Which clause is dependent? “Unless the bus arrives soon, we will be late.”",A) Unless the bus arrives soon | B) the bus arrives | C) we will be late | D) we will,A,“Unless” makes the clause dependent.,Dependent clauses begin with subordinating conjunctions or relative pronouns.,,
G6-clauses-complex-003,6,Clauses and Complex Sentences,L.6.1,3,MULTIPLE_CHOICE,,Which sentence contains a relative clause?,"A) The coach retired, and we were sad. | B) The coach who trained us retired this year. | C) The coach retired this year. | D) Because the coach retired, we were sad.",B,“who trained us” describes the coach.,"Relative clauses begin with who, which, that, whose.",,
G6-clauses-complex-004,6,Clauses and Complex Sentences,L.6.1,4,DROPDOWN,,Choose the relative pronoun: “The book ____ cover is torn belongs to the library.”,A) which | B) whose | C) that | D) who’s,B,“Whose” shows the cover belongs to the book.,whose = possession.,,
G6-clauses-complex-005,6,Clauses and Complex Sentences,L.6.1,6,MULTIPLE_CHOICE,,Which sentence is compound-complex?,"A) We lit candles. | B) We lit candles, and Mariam told stories. | C) When the power failed, we lit candles, and Mariam told stories. | D) When the power failed, we lit candles.",C,It has two independent clauses and one dependent clause.,Compound-complex = 2+ independent + 1+ dependent.,,
G6-clauses-complex-006,6,Clauses and Complex Sentences,L.6.1,7,MULTIPLE_CHOICE,,Which revision places the relative clause correctly to avoid confusion?,"A) That my aunt made, the vase sat on the shelf. | B) The vase sat that my aunt made on the shelf. | C) The vase sat on the shelf that my aunt made. | D) The vase that my aunt made sat on the shelf.",D,A relative clause should sit right after the noun it describes.,Place modifiers next to what they modify.,,
G6-fragments-run-ons-002,6,Fragments and Run-On Sentences,L.6.1,2,MULTIPLE_CHOICE,,Which is a fragment?,A) Because the robotics club stayed late. | B) Yusuf missed the bus. | C) The robotics club stayed late. | D) He walked home.,A,A dependent clause alone is a fragment.,Ask: Because… what happened?,,
G6-fragments-run-ons-003,6,Fragments and Run-On Sentences,L.6.1,3,MULTIPLE_CHOICE,,Which is a comma splice?,"A) The reef is fragile, so it needs protection. | B) The reef is fragile, it needs protection. | C) The reef is fragile. | D) The reef is fragile; it needs protection.",B,Two independent clauses joined only by a comma form a comma splice.,Comma alone ≠ enough to join sentences.,,
G6-fragments-run-ons-004,6,Fragments and Run-On Sentences,L.6.1,5,MULTIPLE_CHOICE,,Which revision fixes the run-on? “Scientists grow corals in nurseries they transplant them to reefs.”,"A) Scientists grow corals in nurseries, they transplant them to reefs. | B) Scientists grow corals. In nurseries they transplant them to reefs. | C) Scientists grow corals in nurseries; then they transplant them to reefs. | D) Scientists grow corals in nurseries they, transplant them.",C,A semicolon correctly joins the two clauses.,"Use a period, semicolon, or comma + conjunction.",,
G6-fragments-run-ons-005,6,Fragments and Run-On Sentences,L.6.1,6,TRUE_FALSE,,“Hoping to finish the model before the deadline and working late every night” is a complete sentence.,True | False,False,It contains only participial phrases; there is no subject and main verb.,Long word groups can still be fragments.,,
G6-fragments-run-ons-006,6,Fragments and Run-On Sentences,L.6.1,7,MULTIPLE_CHOICE,,Which paragraph revision contains NO fragments or run-ons?,"A) The souq is old. Its arches carved. Shops sell spices. | B) The souq is old, its arches are carved, its shops sell spices. | C) The souq is old its arches are carved. | D) The souq is old. Its arches are carved, and its shops sell spices.",D,Each sentence is complete and correctly joined.,Check every sentence in a paragraph.,,
G6-irregular-verbs-002,6,Irregular Verbs,L.6.1,2,DROPDOWN,,Choose the past tense: “The bell ____ at noon.”,A) rings | B) rung | C) rang | D) ringed,C,ring → rang → rung.,Past participle needs has/have/had.,,
G6-irregular-verbs-003,6,Irregular Verbs,L.6.1,3,MATCHING,,Match each verb with its past participle.,freeze = frozen | steal = stolen | forgive = forgiven | shake = shaken,pairs as listed,These verbs form the past participle with -en.,Test with “I have ___.”,,
G6-irregular-verbs-004,6,Irregular Verbs,L.6.1,5,DROPDOWN,,"Choose: “By the time we arrived, the guests had already ____.”",A) went | B) goed | C) go | D) gone,D,had + gone (past participle of go).,go → went → gone.,,
G6-irregular-verbs-005,6,Irregular Verbs,L.6.1,6,ERROR_CORRECTION,,Tap the part of the sentence that has an error.,The coral |  had |  sank |  to the bottom.,segment 3 →  sunk,"After “had,” use the past participle “sunk.”",sink → sank → (had) sunk.,,
G6-irregular-verbs-006,6,Irregular Verbs,L.6.1,7,MULTIPLE_CHOICE,,Which sentence uses lie/lay correctly?,A) Yesterday the tired dog lay in the shade. | B) Yesterday the tired dog lied in the shade. | C) Yesterday the tired dog layed in the shade. | D) Yesterday the tired dog laid in the shade.,A,lie (rest) → lay (past). lay (put) → laid (past).,Lie = recline; lay = put something down.,,
G6-nouns-003,6,"Nouns: Common, Proper, Concrete, Abstract, Collective",L.6.1,2,MULTIPLE_CHOICE,,Which word is an abstract noun? “Mariam’s loyalty surprised her brother.”,A) surprised | B) loyalty | C) Mariam’s | D) brother,B,"Loyalty is a quality, not something you touch.",Abstract nouns name ideas and feelings.,,
G6-nouns-004,6,"Nouns: Common, Proper, Concrete, Abstract, Collective",L.6.1,4,MULTIPLE_CHOICE,,"In “Mrs. Qadri gave Yusuf a cup,” what is “Yusuf”?",A) the subject | B) the direct object | C) the indirect object | D) the verb,C,Yusuf receives the cup: indirect object.,Gave WHAT? (direct) To WHOM? (indirect).,,
G6-nouns-005,6,"Nouns: Common, Proper, Concrete, Abstract, Collective",L.6.1,5,MULTIPLE_CHOICE,,Which noun is used as a predicate noun? “The ladder was a gift.”,A) a | B) was | C) ladder | D) gift,D,“Gift” follows the linking verb and renames the subject.,Predicate nouns rename the subject.,,
G6-nouns-006,6,"Nouns: Common, Proper, Concrete, Abstract, Collective",L.6.1,6,MULTI_SELECT,,"Which TWO words are nouns used as appositives? “My sister, a talented artist, painted the mural with Huda, her best friend.”",A) friend | B) sister | C) artist | D) mural,"A, C",“A talented artist” renames sister; “her best friend” renames Huda.,Appositives rename nearby nouns.,,
G6-plural-nouns-002,6,"Singular, Plural and Irregular Plural Nouns",L.6.1,2,DROPDOWN,,Choose the plural of “ox”: “Two strong ____ pulled the heavy cart.”,A) oxen | B) oxes | C) oxs | D) ox’s,A,"ox → oxen, an irregular plural from Old English.","Irregular plurals: ox/oxen, child/children.",,
G6-plural-nouns-003,6,"Singular, Plural and Irregular Plural Nouns",L.6.1,3,MULTIPLE_CHOICE,,What is the plural of “analysis”?,A) analyses | B) analysises | C) analysis | D) analysi,A,Greek -is plurals change to -es: analysis → analyses.,crisis → crises; thesis → theses.,,
G6-plural-nouns-004,6,"Singular, Plural and Irregular Plural Nouns",L.6.1,5,MATCHING,,Match each singular noun with its plural.,cactus = cacti | phenomenon = phenomena | criterion = criteria | larva = larvae,pairs as listed,These plurals come from Latin and Greek.,Learn academic plurals.,,
G6-plural-nouns-005,6,"Singular, Plural and Irregular Plural Nouns",L.6.2,6,ERROR_CORRECTION,,Tap the part of the sentence that has an error.,Both |  of my brother-in-laws |  work |  at the port.,segment 2 →  of my brothers-in-law,"In compound nouns, pluralize the main word: brothers-in-law.",Pluralize the important word in a compound noun.,,
G6-plural-nouns-006,6,"Singular, Plural and Irregular Plural Nouns",L.6.2,7,MULTIPLE_CHOICE,,Which sentence uses plurals and possessives correctly?,A) The scientists’ datas show that the reefs’ health is declining. | B) The scientists’ data show that the reefs’ health is declining. | C) The scientist’s data shows that the reef’s health are declining. | D) The scientists data show that the reefs health is declining.,B,"Plural possessives (scientists’, reefs’) and the plural “data … show.”","Check plurals, possessives and agreement together.",,
G6-sentences-003,6,Sentences and Sentence Types,L.6.1,2,MULTIPLE_CHOICE,,Which sentence is an exclamation?,A) Can you see the dunes? | B) The view from the dunes is wide. | C) What an incredible view from the dunes! | D) Look at the dunes.,C,It expresses strong feeling and ends with “!”.,Exclamations show strong emotion.,,
G6-sentences-004,6,Sentences and Sentence Types,L.6.1,3,MULTIPLE_CHOICE,,Which sentence is a simple sentence with a compound predicate?,"A) Mariam waved, and Yusuf smiled. | B) Mariam and Yusuf smiled. | C) When Mariam waved, Yusuf smiled. | D) Mariam waved and smiled.",D,"One subject, two verbs, one clause.",Simple sentences can have compound parts.,,
G6-sentences-005,6,Sentences and Sentence Types,L.6.1,4,MULTIPLE_CHOICE,,Which sentence begins with an introductory prepositional phrase?,"A) Under the bright lanterns, the market came alive. | B) Bright lanterns lit the market. | C) The market, bright and busy, came alive. | D) The market came alive under the lanterns.",A,“Under the bright lanterns” opens the sentence.,Varying sentence openings improves style.,,
G6-sentences-006,6,Sentences and Sentence Types,L.6.1,6,MULTIPLE_CHOICE,,Which revision best combines these sentences with varied structure? “The tide rose. The boats lifted. The fishermen cheered.”,"A) Rising tide, lifting boats, cheering fishermen. | B) As the tide rose and the boats lifted, the fishermen cheered. | C) The tide rose and the boats lifted and the fishermen cheered. | D) The tide rose, the boats lifted, the fishermen cheered.",B,A dependent clause with a compound subject-verb pair creates variety.,Combine choppy sentences for flow.,,
G6-verb-tenses-002,6,"Verb Tenses (Simple, Progressive, Perfect)",L.6.1,2,DROPDOWN,,Choose the present perfect: “Mariam ____ in the choir for two years.”,A) sings | B) has sung | C) will sing | D) sang,B,has/have + past participle = present perfect.,Present perfect connects past to now.,,
G6-verb-tenses-003,6,"Verb Tenses (Simple, Progressive, Perfect)",L.6.1,3,MULTIPLE_CHOICE,,Which sentence is in the future progressive tense?,"A) We sailed at noon. | B) We are sailing. | C) At noon tomorrow, we will be sailing. | D) We have sailed.",C,will be + -ing = future progressive.,Progressive = ongoing action.,,
G6-verb-tenses-004,6,"Verb Tenses (Simple, Progressive, Perfect)",L.6.1,5,MULTIPLE_CHOICE,,Which sentence has a correct sequence of tenses?,"A) After Yusuf misses the bus, he walked home. | B) After Yusuf will miss the bus, he walked home. | C) After Yusuf had missed the bus, he walks home. | D) After Yusuf had missed the bus, he walked home.",D,Past perfect (had missed) shows the earlier past action.,Use past perfect for the earlier of two past events.,,
G6-verb-tenses-005,6,"Verb Tenses (Simple, Progressive, Perfect)",L.6.1,6,ERROR_CORRECTION,,Tap the part of the sentence that has an error.,"Every morning, Mariam |  walked |  to the bakery and |  buys bread.",segment 4 →  bought bread.,Keep tenses consistent: walked … bought.,Avoid unnecessary tense shifts.,,
G6-verb-tenses-006,6,"Verb Tenses (Simple, Progressive, Perfect)",L.6.1,7,MULTIPLE_CHOICE,,Which sentence uses verb mood correctly (subjunctive)?,"A) If I were the principal, I would keep the five-day week. | B) If I was the principal, I would keep the five-day week. | C) If I be the principal, I would keep the five-day week. | D) If I am the principal, I would keep the five-day week.",A,Unreal conditions use the subjunctive “were.”,If I were… = imagining something not true.,,
G6-commas-005,6,Punctuation and Commas,L.6.2,3,MULTIPLE_CHOICE,,Which sentence correctly uses commas around an appositive?,"A) Mrs. Qadri the baker opened, the door. | B) Mrs. Qadri, the baker, opened the door. | C) Mrs. Qadri the baker, opened the door. | D) Mrs. Qadri, the baker opened the door.",B,Nonessential appositives are set off by commas on both sides.,Two commas around extra information.,,
G6-commas-006,6,Punctuation and Commas,L.6.2,4,ERROR_CORRECTION,,Tap the part of the sentence that has an error.,My grandfather |  who planted the orchard |  built |  a ladder.,"segment 2 → , who planted the orchard,",A nonrestrictive clause about a specific person needs commas on both sides.,Extra information about a specific noun is set off by commas.,,
G6-quotations-dialogue-002,6,Quotation Marks and Dialogue,L.6.2.b,2,MULTIPLE_CHOICE,,Which sentence punctuates the quotation correctly?,"A) Mariam said “I knew you’d walk the bakery way.” | B) Mariam said, I knew you’d walk the bakery way. | C) Mariam said, “I knew you’d walk the bakery way.” | D) Mariam said, “i knew you’d walk the bakery way.”",C,Comma after the tag; capitalized quotation inside quotation marks.,"Tag, comma, “Quotation.”",,
G6-quotations-dialogue-003,6,Quotation Marks and Dialogue,L.6.2.b,3,MULTIPLE_CHOICE,,Which sentence correctly punctuates a question in dialogue?,"A) “Does that radio still work,” Sara asked. | B) Does that radio still work? Sara asked. | C) “Does that radio still work”? Sara asked. | D) “Does that radio still work?” Sara asked.",D,The question mark belongs to the quotation and goes inside.,End marks stay with the spoken words.,,
G6-quotations-dialogue-004,6,Quotation Marks and Dialogue,L.6.2.b,5,MULTIPLE_CHOICE,,Which sentence correctly uses a quotation within a quotation?,"A) “My grandfather always said, ‘Some things last if you look after them,’” Sara explained. | B) ‘My grandfather always said, “Some things last…”’ Sara explained. | C) “My grandfather always said, “Some things last…,”” Sara explained. | D) “My grandfather always said, Some things last…,” Sara explained.",A,Use single quotation marks for a quotation inside a quotation.,"Double outside, single inside.",,
G6-quotations-dialogue-005,6,Quotation Marks and Dialogue,L.6.2.b,6,ERROR_CORRECTION,,Tap the part of the sentence that has an error.,"“I came for a short article,” |  Sara said. |  “I’m leaving with a book” | .",segment 3 →  “I’m leaving with a book.”,The period belongs inside the closing quotation mark.,Periods and commas go inside quotation marks.,,
G6-quotations-dialogue-006,6,Quotation Marks and Dialogue,L.6.2.b,7,MULTIPLE_CHOICE,,Which sentence correctly integrates a short quotation from a text?,"A) Huda argues that visitors come for “what is special about a place”. | B) Huda argues that visitors come for “what is special about a place.” | C) Huda argues that visitors come for “What is special about a place.” | D) Huda argues that visitors come for, “what is special about a place.”",B,A quoted fragment blends into your sentence without a comma or capital.,Integrate quotations smoothly.,,
G6-connotation-005,6,Connotation and Denotation,L.6.5,2,MULTIPLE_CHOICE,,Which word has the most NEGATIVE connotation for a crowded market?,A) busy | B) lively | C) chaotic | D) bustling,C,“Chaotic” suggests disorder.,Connotation = feeling a word carries.,,
G6-connotation-006,6,Connotation and Denotation,RL.6.4,3,MULTIPLE_CHOICE,Desert Night,"In “Desert Night,” why does the poet say the sand gives back heat “in slow, warm breaths”?",A) To show it is cold | B) To describe a storm | C) To make the desert seem dangerous | D) To make the desert feel alive and comforting,D,"“Breaths” and “warm” carry gentle, living connotations.",Word choice shapes feeling.,,
G6-context-clues-002,6,Context Clues,L.6.4.a,2,MULTIPLE_CHOICE,The Last Bus Home,"In “The Last Bus Home,” the battery is at “four percent” before the screen goes black. What does this suggest the screen did?",A) turned off because the battery ran out | B) grew brighter | C) broke into pieces | D) showed a picture,A,Low battery + black screen = it shut off.,Use cause clues nearby.,,
G6-context-clues-003,6,Context Clues,L.6.4.a,3,MULTIPLE_CHOICE,Coral Reefs Under Pressure,"In the coral article, “transplant them onto damaged reefs” most likely means…",A) photograph them | B) move and plant them in a new place | C) throw them away | D) feed them to fish,B,"They grow corals in nurseries, then move them to reefs.",Use the purpose of the action.,,
G6-context-clues-004,6,Context Clues,L.6.4.a,4,MULTIPLE_CHOICE,,Read: “Mr. Aziz was so taciturn that he answered every question in six words or fewer.” What does taciturn mean?,A) forgetful | B) very angry | C) saying very little | D) very talkative,C,The clue “six words or fewer” defines the word.,Example clues show meaning.,,
G6-context-clues-005,6,Context Clues,L.6.4.a,6,MULTIPLE_CHOICE,Letter to the Editor: Save the Old Souq,"In the souq letter, what does “heritage” mean in “protect our heritage”?",A) tourist signs | B) lighting | C) modern shopping | D) traditions and history passed down from earlier generations,D,Huda links the souq to her grandfather and city history.,Use surrounding ideas to define abstract words.,,
G6-context-clues-006,6,Context Clues,L.6.4.a,7,MULTIPLE_CHOICE,,"Read: “Despite the meager harvest, the farmers shared what little they had.” What does meager mean, and which clue helps most?",A) very small; “what little they had” | B) very large; “the farmers shared” | C) late; “Despite” | D) delicious; “harvest”,A,“What little they had” restates the meaning.,Restatement clues repeat the meaning in other words.,,
G6-figurative-language-005,6,"Figurative Language (Similes, Metaphors, Personification, Hyperbole)",L.6.5.a,2,MULTIPLE_CHOICE,Desert Night,"“A camel groans, low as a cello string.” What kind of figurative language is this?",A) metaphor | B) simile | C) hyperbole | D) idiom,B,A comparison using “as” is a simile.,Simile = like/as.,,
G6-figurative-language-006,6,"Figurative Language (Similes, Metaphors, Personification, Hyperbole)",RL.6.4,3,MULTIPLE_CHOICE,Starting Over: A Story and a Poem,"In “Transplant,” the tree “bowed its narrow head.” What does this personification suggest?",A) The tree was angry. | B) The tree was praying. | C) The tree seemed sad and weak after being moved. | D) The tree was growing fast.,C,Giving the tree a human gesture shows it struggling.,Personification = human traits for things.,,
G6-greek-latin-roots-004,6,Greek and Latin Roots,L.6.4.b,2,MULTIPLE_CHOICE,,The Latin root “struct” means build. What does “reconstruct” mean?,A) look again | B) break apart | C) write again | D) build again,D,re (again) + struct (build).,Combine prefix and root.,,
G6-greek-latin-roots-005,6,Greek and Latin Roots,L.6.4.b,3,MATCHING,,Match each root with its meaning.,rupt = break | ject = throw | cred = believe | mal = bad,pairs as listed,"These roots appear in erupt, project, credible and malfunction.",Think of a word with each root.,,
G6-greek-latin-roots-006,6,Greek and Latin Roots,L.6.4.b,7,MULTIPLE_CHOICE,,"Using roots, what does “incredible” literally mean, and how is it used in everyday speech?",A) “not believable”; people use it to mean amazing | B) “able to be thrown”; it means far | C) “very believable”; it means boring | D) “badly built”; it means broken,A,in (not) + cred (believe) + ible (able to be).,Roots give literal meaning; usage can extend it.,,
G6-homographs-homophones-002,6,Homographs and Homophones,L.6.5.c,2,DROPDOWN,,Choose: “The camel walked across the ____.”,A) dessert | B) dezert | C) desert | D) deserts’,C,A desert is a dry land; a dessert is a sweet.,Dessert has two s’s like “sweet stuff.”,,
G6-homographs-homophones-003,6,Homographs and Homophones,L.6.5.c,3,MULTIPLE_CHOICE,,In which sentence does “tear” rhyme with “bear”?,A) A tear ran down her cheek. | B) Be careful not to tear the map. | C) She wiped away a tear. | D) The tear in her eye sparkled.,B,To tear (rip) rhymes with bear.,Homographs may differ in sound.,,
G6-homographs-homophones-004,6,Homographs and Homophones,L.6.5.c,4,MULTIPLE_CHOICE,,“The coral may die in a minute amount of warmer water over many weeks.” How is “minute” pronounced and what does it mean?,A) MIN-it; sixty seconds | B) MIN-it; very small | C) my-NOOT; very small | D) my-NOOT; sixty seconds,C,Minute (my-NOOT) means tiny.,Use context to choose meaning and sound.,,
G6-homographs-homophones-005,6,Homographs and Homophones,L.6.5.c,6,MULTIPLE_CHOICE,,Which sentence uses “refuse” to mean garbage?,A) They refuse the offer. | B) Do not refuse help. | C) I refuse to give up. | D) The workers collected the refuse from the market.,D,REF-use (noun) = garbage; re-FUSE (verb) = decline.,Part of speech changes meaning and stress.,,
G6-homographs-homophones-006,6,Homographs and Homophones,L.6.5.c,7,ERROR_CORRECTION,,Tap the part of the sentence that has an error.,The council’s |  plan will |  effect |  the whole city.,segment 3 →  affect,“Affect” is the verb meaning to influence; “effect” is usually a noun (result).,Affect = action (verb); effect = end result (noun).,,
G6-idioms-adages-002,6,"Idioms, Adages and Proverbs",L.6.5.b,2,MULTIPLE_CHOICE,,What does “bite off more than you can chew” mean?,A) take on more than you can handle | B) eat too fast | C) share food | D) be very hungry,A,It warns against taking on too much.,Idioms have nonliteral meanings.,,
G6-idioms-adages-003,6,"Idioms, Adages and Proverbs",L.6.5.b,3,MULTIPLE_CHOICE,,"After the coach gave his offer, he said, “The ball is in your court.” What did he mean?",A) Go play tennis. | B) It is your turn to decide. | C) You lost the game. | D) The court is closed.,B,The decision is now the other person’s.,Use the situation to interpret.,,
G6-idioms-adages-004,6,"Idioms, Adages and Proverbs",L.6.5.b,5,MULTIPLE_CHOICE,The Last Bus Home,Missing the bus turned out to be “a blessing in disguise” for Yusuf. Why?,A) He avoided homework. | B) He got home faster. | C) It led him to discover how much his sister cared. | D) He found money on the road.,C,Something bad (missing the bus) led to something good.,Connect the idiom to story events.,,
G6-idioms-adages-005,6,"Idioms, Adages and Proverbs",L.6.5.b,6,MULTIPLE_CHOICE,Letter to the Editor: Save the Old Souq,Which adage BEST fits Huda’s letter about saving the souq?,A) “Haste makes waste.” | B) “The early bird catches the worm.” | C) “Too many cooks spoil the broth.” | D) “You don’t know what you’ve got until it’s gone.”,D,Huda warns that the souq’s value will be lost if it is torn down.,Match the adage to the main message.,,
G6-idioms-adages-006,6,"Idioms, Adages and Proverbs",L.6.5.b,7,MATCHING,,Match each saying with its meaning.,"Every cloud has a silver lining = something good can come from bad | The pen is mightier than the sword = words can be more powerful than force | Costs an arm and a leg = very expensive | When in Rome, do as the Romans do = follow local customs",pairs as listed,Each saying carries a lesson or comment about life.,Think of situations where each fits.,,
G6-reference-materials-003,6,"Dictionary, Glossary and Thesaurus",L.6.4.c,2,MULTIPLE_CHOICE,,Which resource tells you the origin (etymology) of a word?,A) a dictionary entry’s etymology section | B) a calendar | C) an index | D) an atlas,A,Many dictionaries show where a word came from.,Etymology = word history.,,
G6-reference-materials-004,6,"Dictionary, Glossary and Thesaurus",L.6.4.c,5,MULTIPLE_CHOICE,,A dictionary lists “con·tent (n.) KON-tent: what is inside; (adj.) kuhn-TENT: satisfied.” Which fits “Mariam was content to wait”?,"A) Neither | B) kuhn-TENT, satisfied | C) KON-tent, what is inside | D) Both",B,"Here it describes Mariam, so it is the adjective.",Use part of speech to choose the entry.,,
G6-reference-materials-005,6,"Dictionary, Glossary and Thesaurus",L.6.4.c,6,MULTIPLE_CHOICE,,When would a thesaurus be MORE useful than a dictionary?,A) when you need a word’s origin | B) when you need a pronunciation | C) when you want a more precise word with a similar meaning | D) when you need a definition,C,Thesauruses list synonyms and antonyms.,Choose the tool for the task.,,
G6-reference-materials-006,6,"Dictionary, Glossary and Thesaurus",L.6.4.c,7,WORD_ORDER,,Put these words in dictionary order.,coral → corridor → cottage → council → counsel,order as listed,"Compare letters in order: cor-a, cor-r, cot, coun-c, coun-s.",Keep comparing until letters differ.,,
G6-synonyms-antonyms-004,6,Synonyms and Antonyms,L.6.5.c,3,MULTIPLE_CHOICE,,Which word is the strongest synonym for “tired”?,A) restful | B) energetic | C) sleepy | D) exhausted,D,Exhausted means extremely tired.,Synonyms vary in intensity.,,
G6-synonyms-antonyms-005,6,Synonyms and Antonyms,L.6.5.c,6,MULTIPLE_CHOICE,,Complete the analogy: brittle : fragile :: sturdy : ____,A) strong | B) small | C) weak | D) broken,A,"Brittle and fragile are synonyms, so sturdy pairs with strong.",Analogies keep the same relationship.,,
G6-synonyms-antonyms-006,6,Synonyms and Antonyms,L.6.5.c,7,MULTIPLE_CHOICE,,Which pair are near-synonyms with OPPOSITE connotations?,A) run / sprint | B) confident / arrogant | C) happy / joyful | D) hot / cold,B,"Both describe self-belief, but “confident” is positive and “arrogant” is negative.",Near-synonyms can carry very different feelings.,,
G6-spelling-002,6,Spelling Patterns,L.6.2.b,2,MULTIPLE_CHOICE,,Which word is spelled correctly?,A) embarass | B) embarras | C) embarrass | D) imbarrass,C,"embarrass: double r, double s.",Embarrassed people turn Really Red and Smile Shyly.,,
G6-spelling-003,6,Spelling Patterns,L.6.2.b,3,MULTIPLE_CHOICE,,Which word is spelled correctly?,A) rhithm | B) rythm | C) rhythem | D) rhythm,D,rhythm: r-h-y-t-h-m.,Rhythm Helps Your Two Hips Move.,,
G6-spelling-004,6,Spelling Patterns,L.6.2.b,5,FILL_BLANK,,Write the noun form of “occur”: “The rare ____ of snow in the desert surprised everyone.”,(typed),occurrence,"occurrence: double c, double r, -ence.",Double the r before -ence.,,
G6-spelling-005,6,Spelling Patterns,L.6.2.b,6,MULTIPLE_CHOICE,,Which sentence has every word spelled correctly?,A) It is a privilege to possess such a beautiful rhythm. | B) It is a privilege to possess such a beutiful rhythm. | C) It is a priviledge to possess such a beautiful rhythm. | D) It is a privilege to posess such a beautiful rhythm.,A,"privilege, possess, beautiful, rhythm are correct.",Check each tricky word.,,
G6-spelling-006,6,Spelling Patterns,L.6.2.b,7,MULTIPLE_CHOICE,,Which word is spelled correctly?,A) guarante | B) guarantee | C) garantee | D) guarentee,B,guarantee: g-u-a-r-a-n-t-e-e.,Guard + an + tee.,,
G6-precise-language-003,6,"Precise Language, Style and Tone",L.6.3,3,MULTIPLE_CHOICE,,Which revision is most precise? “The coral got bad because the water got hot.”,A) The coral changed a lot. | B) Bad things happened to the coral. | C) The coral bleached because the water temperature rose. | D) The coral got worse because of the heat stuff.,C,"Domain terms (bleached, temperature) are precise.",Use specific vocabulary.,,
G6-precise-language-004,6,"Precise Language, Style and Tone",W.6.2.d,4,MULTIPLE_CHOICE,,Which sentence maintains a formal style?,"A) They saved, like, a tiny bit. | B) Savings were kinda small. | C) The district barely saved anything, honestly. | D) The district saved less than two percent of its budget.",D,Formal writing avoids slang and uses exact numbers.,Avoid slang in reports.,,
G6-precise-language-005,6,"Precise Language, Style and Tone",L.6.3,6,MULTIPLE_CHOICE,The Interview,Which word best replaces “said” to show Sara’s frustration in her aside?,A) muttered | B) sang | C) announced | D) declared,A,Muttered suggests quiet frustration to the audience.,Choose verbs that fit the mood.,,
G6-precise-language-006,6,"Precise Language, Style and Tone",W.6.2.d,7,MULTIPLE_CHOICE,,Which sentence uses precise language and a consistent formal tone?,A) Researchers move some corals around to fix reefs and stuff. | B) Researchers transplant nursery-grown corals to restore damaged reefs. | C) Scientists totally save reefs by planting corals. | D) People help corals a lot.,B,Specific verbs and terms with a formal tone.,Precise + formal = academic style.,,
G6-author-perspective-002,6,Author's Perspective,RI.6.6,2,MULTIPLE_CHOICE,Should Schools Switch to a Four-Day Week?,What is the author’s position in “Should Schools Switch to a Four-Day Week?”,A) Weekends should be shorter. | B) Schools should switch immediately. | C) Schools should keep the five-day week until there is stronger evidence. | D) Teachers should be paid less.,C,The conclusion says schools “should keep the five-day schedule.”,Look at the conclusion for the position.,,
G6-author-perspective-003,6,Author's Perspective,RI.6.6,3,MULTIPLE_CHOICE,Should Schools Switch to a Four-Day Week?,Which word in the first paragraph signals the author’s cautious view?,A) improve | B) considering | C) longer | D) cautious,D,“Schools should be cautious” shows the author’s attitude.,Attitude words reveal perspective.,,
G6-author-perspective-004,6,Author's Perspective,RI.6.6,4,MULTIPLE_CHOICE,Letter to the Editor: Save the Old Souq,How does Huda establish her perspective in the souq letter?,A) She uses personal family history to show why the souq matters to her. | B) She describes a mall she likes. | C) She quotes the council’s budget. | D) She lists shopping prices.,A,Her grandfather’s stall and her school bag connect her to the souq.,Personal experience shapes perspective.,,
G6-author-perspective-005,6,Author's Perspective,RI.6.6,5,MULTIPLE_CHOICE,Coral Reefs Under Pressure,How does the author of the coral article show a balanced perspective in the last paragraph?,A) By blaming fish | B) By praising scientists’ efforts while noting reefs need ocean temperatures to stop rising | C) By ignoring warming | D) By saying the efforts are useless,B,"“These efforts help, but…” shows both value and limits.",“But” often signals a qualification.,,
G6-author-perspective-006,6,Author's Perspective,RI.6.8,7,MULTIPLE_CHOICE,Should Schools Switch to a Four-Day Week?,Which sentence in the four-day week argument WEAKENS the author’s credibility?,"A) “Districts do save some money on buses and heating…” | B) “For working parents, this can be expensive and stressful.” | C) “Everyone knows that students would rather stay home anyway, so a four-day week would only make them lazier.” | D) “…students’ math scores grew more slowly…”",C,It overgeneralizes (“Everyone knows”) and makes an unsupported claim.,Unsupported generalizations weaken an argument.,,
G6-cause-effect-002,6,Text Structure: Cause and Effect,RI.6.3,2,MULTIPLE_CHOICE,The Last Bus Home,Why did Yusuf miss the 6:40 bus?,A) His phone battery died. | B) He went to the bakery first. | C) His sister delayed him. | D) The robotics club stayed late to fix a jammed gear.,D,The club’s late repair made him miss the bus.,Find what happened first.,,
G6-cause-effect-003,6,Text Structure: Cause and Effect,RI.6.3,3,MULTIPLE_CHOICE,Coral Reefs Under Pressure,"According to the coral article, what is the effect of corals expelling their algae?",A) The corals turn white and begin to starve. | B) The corals grow faster. | C) The water cools down. | D) Fish disappear immediately.,A,"Without algae, corals lose color and food.",Follow the chain of causes.,,
G6-cause-effect-004,6,Text Structure: Cause and Effect,RI.6.3,5,MULTIPLE_CHOICE,Should Schools Switch to a Four-Day Week?,"Why are a four-day week’s savings usually small, according to the article?","A) Buses cost more. | B) Teacher salaries, the largest cost, do not change. | C) Schools hire more staff. | D) Heating costs rise.",B,The biggest expense stays the same.,Look for “because.”,,
G6-cause-effect-005,6,Text Structure: Cause and Effect,RI.6.3,6,SENTENCE_ORDER,Coral Reefs Under Pressure,Put the chain of events in coral bleaching in order.,"Ocean water becomes too warm. → Stressed corals expel their algae. → The corals turn white. → If heat lasts for weeks, the coral may die.",order as listed,Each event causes the next.,Cause-and-effect chains have an order.,,
G6-cause-effect-006,6,Text Structure: Cause and Effect,RL.6.3,7,MULTIPLE_CHOICE,Starting Over: A Story and a Poem,"In “The New Field,” what causes Yasmin to stop comparing the two fields?",A) The field is flattened. | B) The coach moves the team to the coast. | C) Her daily practice helps her master the new field and score. | D) She quits the team.,C,Practice → skill → first goal → acceptance.,Trace the causes behind a change.,,
G6-central-idea-002,6,Central Idea and Relevant Details,RI.6.2,2,MULTIPLE_CHOICE,Letter to the Editor: Save the Old Souq,What is the central idea of the souq letter?,A) Huda’s grandfather sold spices. | B) Shopping centers are always bad. | C) Visitors dislike malls. | D) The souq should be repaired and kept because it is part of the city’s history.,D,Every paragraph argues for keeping the souq.,The central idea ties all paragraphs together.,,
G6-central-idea-003,6,Central Idea and Relevant Details,RI.6.2,3,MULTIPLE_CHOICE,Coral Reefs Under Pressure,Which detail BEST supports the central idea that reefs are important?,A) They support about a quarter of all marine species. | B) Polyps are tiny animals. | C) Some scientists grow corals. | D) Algae produce food.,A,The statistic shows reefs’ importance.,Choose the detail most closely linked to the idea.,,
G6-central-idea-004,6,Central Idea and Relevant Details,RI.6.2,5,MULTIPLE_CHOICE,Should Schools Switch to a Four-Day Week?,How does the central idea of the four-day week article develop?,"A) It tells a story about one school. | B) Each paragraph tests one supporters’ claim against evidence, building toward caution. | C) It lists schedules for every day. | D) It describes buses in detail.",B,"Learning, money and families are each examined.",Track how paragraphs build an idea.,,
G6-central-idea-005,6,Central Idea and Relevant Details,RI.6.2,6,MULTI_SELECT,Coral Reefs Under Pressure,Which TWO sentences belong in an objective summary of the coral article’s central ideas?,"A) Everyone should visit a reef. | B) Reefs support many species but cover little of the ocean floor. | C) Warming water causes bleaching, and scientists are trying to help reefs recover. | D) Reefs are the most beautiful places on Earth.","B, C",Objective summaries avoid opinions.,"Keep only central, factual ideas.",,
G6-central-idea-006,6,Central Idea and Relevant Details,RI.6.2,7,MULTIPLE_CHOICE,Coral Reefs Under Pressure,Which statement best captures the central idea of the coral article in one sentence?,"A) Reefs break storm waves. | B) Scientists grow corals in nurseries. | C) Coral reefs are vital but threatened by warming water, and recovery depends on both science and cooler oceans. | D) Coral reefs are colorful because of algae.",C,"It combines importance, threat and response.",A strong central idea covers the whole text.,,
G6-character-003,6,Character Traits & Development,RL.6.3,2,MULTIPLE_CHOICE,The Last Bus Home,Which word best describes Mariam in “The Last Bus Home”?,A) careless | B) angry | C) shy | D) perceptive,D,She knows Yusuf’s habits well enough to wait at the bakery.,Use actions to infer traits.,,
G6-character-004,6,Character Traits & Development,RL.6.3,3,MULTIPLE_CHOICE,The Interview,How does Mr. Aziz respond when Sara first asks about his thirty years?,A) He gives short answers and does not look up. | B) He tells a long story. | C) He leaves the room. | D) He asks her to stop.,A,His brief replies show he is reserved at first.,First reactions reveal character.,,
G6-character-005,6,Character Traits & Development,RL.6.3,4,MULTIPLE_CHOICE,Starting Over: A Story and a Poem,What does Yasmin’s decision to practice every morning reveal about her?,A) She dislikes her teammates. | B) She is determined to adapt rather than give up. | C) She is careless. | D) She wants to move back immediately.,B,Daily practice shows perseverance.,Choices reveal traits.,,
G6-character-006,6,Character Traits & Development,RL.6.3,7,MULTIPLE_CHOICE,The Last Bus Home,How does Mariam’s action change the way Yusuf sees his role in the family?,A) He decides to quit robotics. | B) He thinks Mariam is careless. | C) He realizes his little sister also looks after him. | D) He becomes angry at his mother.,C,“He had never considered that she might be looking after him.”,Characters change through others’ actions.,,
G6-compare-contrast-002,6,Text Structure: Compare and Contrast,RI.6.5,2,MULTIPLE_CHOICE,Should Schools Switch to a Four-Day Week?,What is the role of the first paragraph of the four-day week article?,A) It tells a personal story. | B) It lists supporters’ names. | C) It gives the final evidence. | D) It introduces the issue and states the author’s cautious claim.,D,Introductions present the topic and claim.,Ask what each paragraph does.,,
G6-compare-contrast-003,6,Text Structure: Compare and Contrast,RI.6.5,3,MULTIPLE_CHOICE,Coral Reefs Under Pressure,How does paragraph 3 of the coral article fit into the whole text?,A) It explains the main threat (bleaching) after paragraph 2 explains the partnership. | B) It repeats paragraph 1. | C) It describes fish. | D) It concludes the article.,A,Paragraph 2 sets up how the partnership works; paragraph 3 shows how it breaks down.,Look at how ideas build.,,
G6-compare-contrast-004,6,Text Structure: Compare and Contrast,RI.6.5,4,MULTIPLE_CHOICE,Letter to the Editor: Save the Old Souq,Why does Huda place her solution paragraph near the end of her letter?,A) To start the letter strongly | B) To offer a practical alternative after explaining the souq’s value and answering the council | C) To introduce her grandfather | D) To list prices,B,Problem → value → counterargument → solution → appeal.,Structure supports persuasion.,,
G6-compare-contrast-005,6,Text Structure: Compare and Contrast,RI.6.5,5,MULTIPLE_CHOICE,Letter to the Editor: Save the Old Souq,"What does the sentence “However, visitors travel to see what is special about a place” do in the letter?",A) It closes the letter. | B) It describes Huda’s family. | C) It turns to a counterargument against the council’s claim. | D) It introduces the topic.,C,“However” signals a rebuttal.,Transition words show how parts connect.,,
G6-compare-contrast-006,6,Text Structure: Compare and Contrast,RI.6.5,7,MULTIPLE_CHOICE,Should Schools Switch to a Four-Day Week?,How do the second and third paragraphs of the four-day week article differ in focus?,A) Both examine families. | B) Paragraph 2 concludes the argument. | C) Both examine cost. | D) Paragraph 2 examines learning and fatigue; paragraph 3 examines cost savings.,D,Each body paragraph tests one supporters’ claim.,Compare how sections contribute differently.,,
G6-plot-events-003,6,Plot: Sequence of Events,RL.6.3,2,MULTIPLE_CHOICE,The Last Bus Home,What is the climax of “The Last Bus Home”?,"A) Yusuf finds Mariam waiting at the bakery and learns everyone was worried, not angry. | B) His phone dies. | C) The bus pulls away. | D) He starts walking.",A,This is the turning point that changes his understanding.,The climax is the turning point.,,
G6-plot-events-004,6,Plot: Sequence of Events,RL.6.5,5,MULTIPLE_CHOICE,The Interview,How does the scene break in “The Interview” affect the plot?,"A) It changes the setting to a classroom. | B) It skips the long interview and shows its result, highlighting the change. | C) It ends the conflict before it starts. | D) It introduces the narrator.",B,Scene 2 begins two hours later with a full notebook.,Scene breaks shape pacing.,,
G6-plot-events-005,6,Plot: Sequence of Events,RL.6.3,6,MULTIPLE_CHOICE,Starting Over: A Story and a Poem,Which event is the resolution of “The New Field”?,A) She moves to the mountains. | B) The coach tosses her a ball. | C) Her teammates cheer her first goal and she stops comparing fields. | D) She sits on the bench.,C,The final paragraph resolves her struggle.,Resolution follows the climax.,,
G6-plot-events-006,6,Plot: Sequence of Events,RL.6.5,7,MULTIPLE_CHOICE,The Last Bus Home,Why does the author reveal that Mariam is at the bakery only halfway through Yusuf’s walk?,"A) To explain the bus schedule | B) To introduce the robotics club | C) To show the bakery’s menu | D) So Yusuf and the reader expect anger, making the surprise of worry and care stronger",D,Delaying the reveal builds tension and contrast.,Event order shapes the reader’s experience.,,
G6-poetry-elements-002,6,"Poetry: Structure, Rhyme, Meter and Form",RL.6.5,2,MULTIPLE_CHOICE,Ladder,Which repeated word links the stanzas of “Ladder” together?,A) each | B) ladder | C) winter | D) apples,A,"“Each rung,” “each one,” “each step,” “each branch” repeat across the poem.",Poets use repetition to connect stanzas.,,
G6-poetry-elements-003,6,"Poetry: Structure, Rhyme, Meter and Form",RL.6.5,3,MULTIPLE_CHOICE,Desert Night,“Desert Night” does not rhyme regularly. What is this form called?,A) limerick | B) free verse | C) haiku | D) sonnet,B,Free verse has no regular rhyme or meter.,Poems can be structured or free.,,
G6-poetry-elements-004,6,"Poetry: Structure, Rhyme, Meter and Form",RL.6.5,4,MULTIPLE_CHOICE,Ladder,"In “Ladder,” what does each rung represent?",A) a step to the roof | B) a branch of the apple tree | C) a year of the speaker’s life with the grandfather | D) a storm,C,“Each one a year he gave to me.”,Look for the poem’s central metaphor.,,
G6-poetry-elements-005,6,"Poetry: Structure, Rhyme, Meter and Form",RL.6.5,6,MULTIPLE_CHOICE,Ladder,How does the final stanza of “Ladder” change the poem’s time frame?,A) It describes the storm. | B) It moves into the future. | C) It stays in the past. | D) It moves from past memories to the speaker climbing in the present.,D,“I climb it now” shifts to the present.,Watch for time words.,,
G6-poetry-elements-006,6,"Poetry: Structure, Rhyme, Meter and Form",RL.6.5,7,MULTIPLE_CHOICE,Starting Over: A Story and a Poem,How does the structure of “Transplant” mirror its meaning?,A) Stanza 1 shows the move and struggle; stanza 2 turns to new growth. | B) It has no stanzas. | C) Each stanza is about a different tree. | D) Both stanzas describe the courtyard.,A,The turn between stanzas matches the turn from struggle to growth.,Form can echo meaning.,,
G6-point-of-view-002,6,Point of View and Perspective,RL.6.6,2,MULTIPLE_CHOICE,Ladder,Which line from “Ladder” shows that the poem is told in the first person?,"A) “from the branches of a storm-felled tree” | B) “My grandfather built a ladder” | C) “that he planted long ago” | D) “the first rung, wide and steady,”",B,“My” shows the speaker is telling about their own life.,"First person uses I, me, my, we.",,
G6-point-of-view-003,6,Point of View and Perspective,RL.6.6,3,MULTIPLE_CHOICE,The Interview,What does Sara’s aside reveal that Mr. Aziz does not know?,A) She dislikes Mr. Aziz. | B) She wants to leave. | C) She is frustrated because she needs much longer answers. | D) She knows about the flood.,C,Asides show a character’s private view to the audience.,Dramatic irony: the audience knows more.,,
G6-point-of-view-004,6,Point of View and Perspective,RL.6.6,4,MULTIPLE_CHOICE,Starting Over: A Story and a Poem,How does the narration of “The New Field” shape what readers know?,A) It is told in first person by Yasmin. | B) It shows every teammate’s thoughts. | C) It is told by the coach. | D) It follows Yasmin’s feelings closely while telling the story in third person.,D,“She missed the flat green field” shows her inner view.,Third-person limited follows one character.,,
G6-point-of-view-005,6,Point of View and Perspective,RL.6.6,6,MULTIPLE_CHOICE,The Last Bus Home,How would “The Last Bus Home” change if told from Mariam’s point of view?,"A) Readers would know from the start that the family is worried, not angry, which removes the surprise. | B) The bus would not leave. | C) It would become a poem. | D) Yusuf would not walk.",A,Point of view controls what information is revealed and when.,Consider what each narrator knows.,,
G6-point-of-view-006,6,Point of View and Perspective,RL.6.6,7,MULTIPLE_CHOICE,The Interview,Why might the playwright let Sara speak directly to the audience in an aside?,A) To end the play | B) To create humor and let the audience share her private struggle | C) To give stage directions | D) To replace the narrator,B,The aside builds connection and humor with the audience.,Consider the effect of narrative choices.,,
G6-summarize-002,6,Summarize,RL.6.2,2,MULTIPLE_CHOICE,The Last Bus Home,Which is the best summary of “The Last Bus Home”?,"A) A bakery stays open late. | B) Yusuf likes robotics and cocoa. | C) After missing the last bus, Yusuf walks home expecting trouble but discovers his family was only worried and his sister had been looking out for him. | D) Yusuf’s phone dies.",C,"Includes problem, turning point and insight.","Summaries cover beginning, middle and end.",,
G6-summarize-003,6,Summarize,RI.6.2,3,MULTIPLE_CHOICE,Should Schools Switch to a Four-Day Week?,Which detail should be LEFT OUT of a summary of the four-day week article?,A) Families need childcare on the fifth day. | B) Savings are usually small. | C) Math scores grew more slowly. | D) Buses and heating are examples of savings.,D,Specific examples are less essential than the main points.,Keep main points; drop examples.,,
G6-summarize-004,6,Summarize,RI.6.2,4,MULTIPLE_CHOICE,Letter to the Editor: Save the Old Souq,Which is the most objective summary of the souq letter?,"A) A student urges the council to repair the souq instead of replacing it, citing history and tourism. | B) The souq has copper workshops. | C) The council is wrong and foolish. | D) A wise student bravely saves the best market ever.",A,Objective summaries avoid judgments.,"Report, don’t evaluate.",,
G6-summarize-005,6,Summarize,RL.6.2,6,MULTIPLE_CHOICE,The Interview,Which summary of “The Interview” keeps the important events in order?,"A) Sara writes for the school newspaper. | B) A student interviews a reserved custodian, a question about a radio unlocks his stories, and he gives her a doorknob as a keepsake. | C) A radio plays music in a storage room. | D) A custodian gives a student a doorknob, then she asks about the radio.",B,Correct sequence of key events.,Keep events in order.,,
G6-summarize-006,6,Summarize,RL.6.2,7,MULTIPLE_CHOICE,Starting Over: A Story and a Poem,Which sentence summarizes BOTH texts in the paired passage without adding opinions?,A) Yasmin practices against a stone wall. | B) Moving is the worst thing that can happen. | C) A girl and a transplanted tree each struggle after moving and eventually thrive. | D) Lemon trees and football are both fun.,C,It captures the shared pattern objectively.,Summaries of paired texts note what both share.,,
G6-text-evidence-002,6,Cite Text Evidence,RI.6.1,2,MULTIPLE_CHOICE,Coral Reefs Under Pressure,Which sentence supports the claim that reefs protect coastlines?,A) “Fish shelter in their branches.” | B) “A reef is built by tiny animals called coral polyps.” | C) “Bleached coral is not dead.” | D) “Coastlines are protected because reefs break the force of storm waves.”,D,This states the protective function directly.,Match evidence to the exact claim.,,
G6-text-evidence-003,6,Cite Text Evidence,RI.6.1,3,MULTIPLE_CHOICE,Should Schools Switch to a Four-Day Week?,Which quotation supports the claim that four-day weeks may harm learning?,A) “students’ math scores grew more slowly than in similar five-day schools.” | B) “Districts do save some money.” | C) “families must find care for children.” | D) “More schools are considering a four-day week.”,A,Slower score growth is evidence about learning.,Choose evidence that matches the claim’s topic.,,
G6-text-evidence-004,6,Cite Text Evidence,RL.6.1,4,MULTIPLE_CHOICE,The Last Bus Home,Which detail shows that Yusuf expected to be in trouble?,"A) “The walk would take forty minutes.” | B) “It wasn’t my fault, he practiced.” | C) “She waved wildly.” | D) “Yusuf laughed.”",B,Rehearsing excuses shows he feared blame.,Inner thoughts are strong evidence of feelings.,,
G6-text-evidence-005,6,Cite Text Evidence,RL.6.1,6,MULTI_SELECT,The Interview,Which TWO quotations support the inference that Mr. Aziz takes pride in his work?,"A) “There is not much to tell.” | B) “Some things last if you look after them.” | C) “I carried two hundred chairs to the library, one by one.” | D) “Sit closer. That was 1998…”","B, C",His careful effort and his belief in looking after things show pride.,Choose evidence that clearly supports the inference.,,
G6-text-evidence-006,6,Cite Text Evidence,RI.6.1,7,MULTIPLE_CHOICE,Letter to the Editor: Save the Old Souq,A reader claims Huda respects the council even while disagreeing. Which quotation is the STRONGEST evidence?,"A) “Please do not let our history disappear behind a glass wall.” | B) “The city council plans to replace our old covered souq.” | C) “Respectfully, Huda Al-Mansour” | D) “I urge the council to change its plan.”",C,Her respectful closing and constructive tone support the claim; the closing states it directly.,The best evidence most directly proves the claim.,,
G6-theme-003,6,Theme,RL.6.2,2,MULTIPLE_CHOICE,Ladder,Which theme does “Ladder” express?,A) Ladders are dangerous. | B) Apples are the best fruit. | C) Storms destroy everything. | D) The love and lessons of family stay with us as we grow.,D,Each rung holds a year he gave; the speaker now reaches what he planted.,Themes are messages about life.,,
G6-theme-004,6,Theme,RL.6.2,3,MULTIPLE_CHOICE,The Interview,Which detail best develops the theme of “The Interview”?,A) Mr. Aziz gives Sara the doorknob from the first door he fixed. | B) Sara sits on a bucket. | C) The radio plays softly. | D) It is the last week of school.,A,The gift connects to “Some things last if you look after them.”,Find details tied to the message.,,
G6-theme-005,6,Theme,RL.6.2,4,MULTIPLE_CHOICE,Starting Over: A Story and a Poem,What theme do “The New Field” and “Transplant” share?,"A) Football is better than gardening. | B) Adapting to change takes time, but growth follows. | C) Mountains are better than coasts. | D) Never move away from home.",B,"Both show struggle after moving, then success.",Shared themes can appear in different genres.,,
G6-theme-006,6,Theme,RL.6.2,6,MULTIPLE_CHOICE,Desert Night,How does the setting of “Desert Night” support its theme of peace and wonder?,"A) The storm creates fear. | B) The classroom creates focus. | C) The vast, silent desert under the stars creates a feeling of calm awe. | D) The busy city noise creates excitement.",C,"Quiet sounds, warm sand and a starry sky create calm wonder.",Setting can help develop theme.,,
